Title,PublishedDate
new ethereum proposal could boost mainnet to 2000 tps says researcher,2025-04-28
vitalik buterin proposes riscv upgrade to boost ethereum’s execution speed,2025-04-21
visa dethroned stablecoins settle 276 trillion — ethereum’s big win,2025-04-18
ethereum fees crash to 5year low — just 017 per transfer is mass adoption next,2025-04-17
ethereum has ‘huge opportunity’ to fix ai’s centralization problem says former dev,2025-04-15
ethereum cofounder vitalik buterin proposes simplified layer1 privacy roadmap,2025-04-11
sec approves listing trading of options on eth etfs,2025-04-10
hyperliquid crypto whale bets 703 million on ethereum long amid market slump,2025-04-07
eth investor faces 100m loss after sky defi liquidation amid market crash,2025-04-07
ethereum developers to launch pectra upgrade mainnet on may 7,2025-04-04
vc blames layer2s and token inflation for ether’s waning investment appeal,2025-03-29
celo completes migration to ethereum layer 2,2025-03-26
analysts say ethereum struggles as competition intensifies ft,2025-03-25
ethereum burn rate hits alltime low signaling drop in network demand,2025-03-24
developer ports tornado cash protocol to megaeth testnet after ofac sanctions removal,2025-03-23
coinbase becomes largest ethereum node operator controlling 1142 of staked eth,2025-03-20
ethereum core developers to phase out holesky testnet by september 2025,2025-03-19
standard chartered lowers ethereum price target to 4k cites longterm structural decline,2025-03-17
hanetf launches new etcs for leveraged or short bitcoin and ethereum exposure,2025-03-12
cboe submits proposal to allow staking in the fidelity eth etf,2025-03-11
57m sky deposit is not from ethereum foundation ethereum devs say,2025-03-11
arrington capitalbacked redstone launches red token on ethereum,2025-03-06
medical tech firm bionexus gene lab announces new ethereumfocused treasury strategy,2025-03-06
ethereum’s pectra upgrade goes live on sepolia testnet in second test phase,2025-03-05
across raises 41 million in a paradigmled token sale to expand intentsbased tech,2025-03-04
ethereum price crashes 13 despite trump crypto reserve announcement – why,2025-03-03
the ethereum foundation restructures leadership with new coexecutive directors,2025-03-03
ethereum researcher proposes shared random algorithm to decentralize block building,2025-03-02
us sec delays ether etf options on the cboe,2025-02-28
bybit’s 15b hack sparks debate at ethdenver experts call for security overhaul,2025-02-28
aya miyaguchi becomes president as ethereum foundation reshapes leadership,2025-02-25
major ethereum upgrade pectra goes live on holesky testnet,2025-02-25
ethdenver decentralization and modularity of restaking infrastructure,2025-02-25
bybit ceo vows to recover stolen funds discusses possibility of ethereum blockchain rollout,2025-02-23
bybit crypto exchange faces 15 billion hack – what’s going on,2025-02-21
vitalik buterin holds qa on tako discusses ethereum’s longterm development and decentralization,2025-02-19
ethereum transaction fees drop to 041 signaling positive longterm price outlook santiment,2025-02-19
ethereum shows signs of rebound as exchange supply hits record low santiment,2025-02-18
linea updates sybil list after reviewing appeals removes 35k false positives,2025-02-18
brevan howard digital deploys 20m on ethereumbased network kinto,2025-02-17
bitcoin and ethereum etfs faced outflows but blackrock’s ibit etf gains 106m,2025-02-17
vitalik buterin advocates for scaling l1 gas to improve ethereum’s value,2025-02-14
ethereum foundation allocates 120 million of eth to defi protocols,2025-02-13
cboe submits proposal to add staking capabilities to 21shares eth etf,2025-02-13
industry leaders propose ethereum’s first thresholdencrypted mempool,2025-02-11
ethereum short positions hit record high as hedge funds bet against eth,2025-02-10
ether outflows from derivatives exchanges hit highest level since august 2023 signaling bullish trend,2025-02-07
is ethereum layer2 fragmentation less concerning than interoperability,2025-01-27
paradigm asks ethereum to accelerate protocol upgrades while preserving core values,2025-01-27
vitalik buterin unveils leadership overhaul at ethereum foundation to boost technical focus,2025-01-19
swiss bank postfinance introduces ethereum staking for passive income,2025-01-16
ethereum price crashes 8 – collapse back below 3000 imminent,2025-01-07
spot ethereum etfs hit record 208 billion in net inflows in december,2025-01-02
ethereum price explosion imminent this historic price pattern predicts,2025-01-02
vitalik buterin donates 170k in eth to support tornado cash developers’ legal defense,2025-01-01
ethereum price set to dip to 3000 – buy the dip,2024-12-27
vitalik buterin donates to thai wildlife charity on behalf of eth community,2024-12-26
is the ethereum price crash over here’s where its headed next,2024-12-20
stablecoin supply in ethereum layer 2s reaches 135 billion,2024-12-20
top 104 ethereum whales now control 57 of all eth new high in whale dominance,2024-12-17
eth etfs gain momentum blackrock sees inflows of 307m,2024-12-17
blackrock exec predicts massive ethereum etf boom – is 5000 eth next,2024-12-16
eth spot etfs hit ath of 855m blackrock etha sees 523m inflows,2024-12-16
ethereum price set to pump to 5k before year’s end here’s why a “santa rally” is likely,2024-12-13
rally ahead supplydemand to push eth over 5k cryptoquant,2024-12-12
ethereum price bounces back to 3800 – new aths coming this month,2024-12-11
ethereum researcher max resnick shifts to solana citing disagreements with ethereum’s roadmap,2024-12-10
ethereum price slumps 4 after 4000 breakout failure but history suggests more upside coming,2024-12-09
ethereum surpasses tron as top blockchain for tether with 603 billion usdt supply,2024-11-26
ethereum futures surge to 208b as price hits 3365 signaling bullish momentum cryptoquant,2024-11-22
switzerlandbased 21shares adds staking to its ethereum core etp,2024-11-19
devcon 7 wrapup zk rollups layer 2s and infrastructure remain key focus,2024-11-19
consensys launches sovsxyz inviting users to declare personal sovereignty,2024-11-14
bitwise expands into ether staking with attestant acquisition,2024-11-13
ethereum 30 justin drake unveils ‘beam chain’ proposal at devcon,2024-11-12
vitalik buterin’s devcon 2024 keynote ‘ethereum is the world computer’,2024-11-12
us spot ether etfs see record 2949m inflows amid posttrump election rally,2024-11-12
ethereum foundation discloses 970m treasury in 2024 report spotlights ecosystem progress,2024-11-08
ether eyes 32k breakout amid positive etf inflows trump victory boosts sentiment,2024-11-08
dormant ethereum whale reactivated after eight years makes 30 million from trading,2024-11-07
vitalik buterin’s ‘the splurge’ targets quantumresistant cryptography for ethereum’s future,2024-10-29
ethereum’s ‘the verge’ upgrade to enable nodes on everyday devices like phones and watches,2024-10-24
victim loses 800k in airdrop scam amid eigenlayer x account hack,2024-10-18
vitalik buterin unveils ‘the surge’ roadmap for ethereum layer 2,2024-10-17
boerse stuttgartbacked trading app bison launches insured ethereum staking,2024-10-08
ethereum in the crosshairs as q3 sees 750m stolen in hacks certik,2024-10-03
crypto etf market faces outflow pressure fidelity ethereum etf records largest,2024-10-02
vitalik buterin outlines ethereum’s next decade at token2049 singapore,2024-09-18
decentralized protocol hinkal launches privacyfocused eth derivatives,2024-09-16
danny ryan key figure in ethereum’s shift to proofofstake resigns – what’s going on,2024-09-14
vitalik buterin declares new era for layer 2 solutions stage 1 projects only,2024-09-12
ethereum cofounder vitalik buterin dumps another 98m worth of eth,2024-09-11
community defends vitalik’s layer 2s stance by addressing misconceptions in roadmap,2024-09-10
vaneck announces closure and liquidation of ethereum futures etf,2024-09-06
vitalik buterin’s donation sparks debate as community question motive,2024-09-06
blackrock’s ethereum etf debuts on brazilian stock exchange under etha39 ticker,2024-08-28
vitalik buterin sheds light on ethereum foundation’s 2023 spending,2024-08-27
appeals court sides with sec rejects crypto law firm’s bid for ether clarity,2024-08-23
ethereum correction at ‘late stages’ as metrics point to bottom,2024-08-20
okx wallet brings solana’s blinks to ethereum,2024-08-15
cronos zkevm goes live boosting ethereum scalability,2024-08-15
us spot ethereum etfs see first week of positive net inflows since launch,2024-08-12
eth burn rate hits yearly low on ethereum network,2024-08-12
vitalik buterin transfers 3000 eth to multisig wallet speculated to be possible donation,2024-08-09
nasdaq blackrock seek approval for spot ethereum etf options,2024-08-07
vitalik buterin unveils plan for seamless crosschain interoperability among l2 networks,2024-08-06
nomad bridge exploiter snaps up 168k eth during market sell off,2024-08-05
vitalik buterin dumps low cap meme coin neiro in exchange for 4453 eth,2024-08-05
jump crypto liquidates eth positions moves 467m of eth to cex,2024-08-05
ark turns to ether staking etf 3iq after coinbase dumps,2024-08-02
ethereum spot etfs see meager inflows as grayscale outflows persist,2024-08-02
smart money with 100 win rate buys up 4k eth,2024-08-02
blackrock spot ethereum etf leads the pack seeing 118m inflows,2024-07-31
bots suspected in solana’s surge over ethereum claims researcher flip research,2024-07-31
ethereum spot etfs see 152m in outflows on day 3 grayscale ethe bleeds 346m,2024-07-26
coinbase prime sends 2624m worth ethereum to blackrock eth etf,2024-07-25
ethereum price in downtrend despite spot eth etf approval,2024-07-25
bitcoin developer and security pioneer launch l2 hemi network to unify ethereum and bitcoin,2024-07-24
how did ether etfs do on day one,2024-07-24
ethereum etfs surge past 1 billion in trading on debut day,2024-07-24
anthony pompliano ethereum etf to see smaller flows than bitcoin etf,2024-07-23
“eth etf will not be index preference” says kevin o’leary,2024-07-23
sec approves multiple spot ethereum etfs launch expected in less than two hours,2024-07-23
asset manager bitwise to donate 10 of ethereum etf profits to opensource developers,2024-07-23
ether etfs may see annual flows between 48b – 64b wintermute,2024-07-23
grayscale moves 1 billion into ether mini etf ahead of ethereum etf launch,2024-07-23
spot ethereum etfs approved for trading tuesday after sec greenlight,2024-07-23
ethereum founders discuss strengths of ecosystem at ethcc 7,2024-07-11
skale labs launches pacifica to speed up block mining,2024-07-10
ethereum etfs near ‘finish line’ as sec discusses other etfs,2024-07-10
defi data firm api3 launches oev network for defi projects ethcc 7,2024-07-09
ethcc 7 kicks off in brussels bringing together ethereum community,2024-07-08
eip7732 could answer vitalik buterin’s call for faster ethereum,2024-07-04
experts ethereum etfs launch won’t rival bitcoin etfs,2024-07-04
ethereum etf approval in q3 could trigger crypto bull run analyst,2024-07-01
‘hamster kombat’ clicker game faces criticism for social pressure tactics,2024-06-30
ethereum cofounder vitalik buterin decries state of crypto regulations as ‘anarchotyranny’,2024-06-30
just in nostra ceo david garai steps down pushes back on nstr airdrop speculation,2024-06-28
steno research expects 1520b inflows into ether spot etfs predicts 6500 price target,2024-06-28
spot ether etfs may receive us approval by july 4 report,2024-06-27
spot ether etfs launch in the us progressing “smoothly” says sec chair gensler,2024-06-26
vaneck files 8a form for spot ethereum etf,2024-06-25
ether could plummet to 2400 following launch of spot ether etfs warns crypto vc founder,2024-06-24
consensys moving forward with sec lawsuit after dropped investigation report,2024-06-20
ether sees significant longterm holder accumulation amidst 2 price dip,2024-06-14
spot eth etf approvals slated for this summer sec chair gary gensler says,2024-06-13
aethir launches distributed cloud network on ethereum mainnet,2024-06-12
metamask launches pooled staking for eth,2024-06-12
spot eth etf approvals “will take some time” sec chair gary gensler says,2024-06-05
bitmex launches 200x leverage for ethereum perpetual swap,2024-06-05
will ethereum reach 10000 this year amid its spot etf approvals,2024-06-05
expert insights low ethereum gas fees are beneficial but not for everyone,2024-06-05
ark invest drops partnership with 21shares for proposed ethereum fund,2024-06-01
dbs emerges as major ethereum investor with 650m in eth nansen,2024-05-30
ethereum etf approval was a political decision says bloomberg analyst james seyffart,2024-05-30
blackrock files revised s1 form for spot ethereum etf as launch looms,2024-05-30
ethereum name service proposes protocol migration to layer 2 to reduce gas fees,2024-05-29
polygon executive pivots roles to developing zk proof tech,2024-05-28
grayscale’s spot ether etf projected to see daily outflow of 110 million on average kaiko,2024-05-28
michael saylor says ethereum etf approvals are good for bitcoin – here’s why,2024-05-27
ethereum core developers plan to launch pectra upgrade by q1 2025,2024-05-27
ethereum layer 2 tvl sets a new alltime high at 47 billion,2024-05-27
ethereum etf greenlight signals path for more crypto investment funds td cowen,2024-05-26
spot ether etf approval proves eth is not a security experts say,2024-05-24
newlyapproved spot ether etfs could start trading by midjune analyst,2024-05-24
breaking sec grants approval for eight ethereum etfs in landmark decision,2024-05-23
hong kong sfc considering ether staking for ethereum etfs,2024-05-23
congressmen urge sec chair gary gensler to approve spot eth etp,2024-05-23
ethereum price could surge by 60 after approval of spot ether etfs in the us qcp capital,2024-05-23
japanese ecommerce giant mercari launches ethereum trading,2024-05-22
vaneck’s ethereum etf listed on dtcc as eth etf approval looms,2024-05-22
ethereumthemed scam targets south korean crypto community,2024-05-22
standard chartered predicts ethereum etf approval this week calls for 8000 eth this year,2024-05-21
fidelity files amended s1 application with sec for spot ether etf removes staking,2024-05-21
ethereum etf approval odds increase as sec asks for new filings,2024-05-21
will sec approve ethereum etfs ether eth price explodes higher amid rumors of sec uturn,2024-05-20
community launches decentralized memecoin to take antisec stance,2024-05-16
dogecoin creator expresses pessimistic stance on spot ether etf approval,2024-05-16
brothers arrested for allegedly exploiting ethereum blockchain to steal 25 million in 12 seconds,2024-05-16
eigenlayer launches eigen token airdrop tokens remain nontransferable,2024-05-11
grayscale withdraws ether futures etf application before sec decision,2024-05-08
ethernity switches to ai enhanced ethereum layer 2 to prevent counterfeit asset trading,2024-05-07
polygon launches alpha testnet of zeroknowledge rollup solution ‘miden’,2024-05-07
sec delays decision on invesco galaxy spot ethereum etf,2024-05-07
us house financial services committee chair patrick mchenry blasts gary gensler sec over eth security stance,2024-04-30
sec and gary gensler believed ether was a security for at least a year new court docs reveal,2024-04-29
lido finance just hit 1m validators but can defi really take over tradfi,2024-04-29
franklin templeton lists ethereum etf under ticker ‘ezet’ on dtcc,2024-04-29
tron’s justin sun says ethereum etf unlikely to be approved in may,2024-04-29
510 million in ethereum longs at risk amid potential weekend volatility – massive price swing incoming,2024-04-26
rare alien cryptopunk nft sells for record breaking 1238 million eth,2024-04-26
consensys files lawsuit against the sec over ethereum regulation,2024-04-25
pyth network price feeds launch on morph giving developers access to realtime feeds,2024-04-25
sec delays decision on franklin templeton’s spot ethereum etf application,2024-04-24
ethereum sees 365 million in revenue in q1 up by 155 yoy,2024-04-19
former ethereum developer virgil griffith seeks sentence reduction for assisting north korea with blockchain technology,2024-04-18
vaneck ceo says sec unlikely to approve spot ether etfs in may,2024-04-10
defiance etfs files for 2x leveraged eth futures etf,2024-04-09
phishing campaigns targeting etherscan users through advertisements identified,2024-04-08
ethereum layer2 protocol starknet sheds light on what caused 4hour block outage,2024-04-05
sec asks for public comment regarding spot ethereum etf approval,2024-04-04
ethereum l2 zircuit surpasses 1 billion in premainnet deposits in just six weeks,2024-04-04
analysts raise suspicions involving 100 eth transaction from assangedao address,2024-04-03
ethereum fees and revenue increase by 80 in q1 earnings triple quarter over quarter,2024-04-03
vitalik buterin announces further development of ethereum ‘purge’,2024-04-01
polygon labs ceo condemns ethereum layer 3 networks amid surge in meme coin trading,2024-04-01
bitwise joins ethereum spot etf race files application with sec,2024-03-29
ethereum network achieves one million validators securing 114 billion in staked ether,2024-03-28
blackrock ceo bullish bitcoin says eth etf still possible even if sec brands eth security,2024-03-28
vaneck advisor gabor gurbacs concerned over the impact of stringent crypto regulations on innovation,2024-03-27
vitalik buterin suggests new way to decentralize ethereum staking,2024-03-27
what happens if the sec brands eth a security,2024-03-26
parallelized evms may solve blockchain trilemma but it’s risky business,2024-03-22
espresso systems secures 28 million in series b funding led by a16z crypto,2024-03-22
vitalik buterin unveils new “rainbow staking” framework for ethereum – here’s how it works,2024-03-21
polygon pos sidechain implements napoli hard fork adding support for upgrades included in dencun,2024-03-21
morph evm raises 20m funding led by dragonfly capital,2024-03-21
sec probing crypto firms to classify ethereum as a security fortune reports,2024-03-20
enterprise ethereum use cases expected to increase in 2024,2024-03-20
sec delays decision on ethereum etfs from hashdex and ark 21shares,2024-03-20
standard chartered predicts up to 45 billion inflows to ethereum etfs within 1 year,2024-03-18
polygon developer dencun upgrade will hit the zkevm testnet in april,2024-03-13
ethereum dencun upgrade everything you need to know before the launch,2024-03-13
starknet to reduce transaction fees as ethereum’s dencun hard fork takes place,2024-03-13
anticrypto politicians rally against sec’s potential approval of spot ethereum etfs fox reporter,2024-03-11
sec chairman gensler comments on bitcoin and ethereum avoids ethereum security classification,2024-03-07
vitalik buterin’s recent ethereum transaction raises eyebrows,2024-03-05
eth etfs “inevitable” in us european market way ahead with eth etps,2024-03-05
us sec delays decision on blackrock’s spot eth etf,2024-03-05
breaking down dencun’s potential to slash ethereum costs,2024-03-04
dencun upgrade launches on ethereum testnets receives mainnet launch date of march 13,2024-02-27
etc group launches ethereumtracking etp on deutsche börse xetra,2024-02-27
blast’s tvl is fastapproaching 2 billion – check eligibility for the airdrop here,2024-02-23
luxury brand protocol arianee set to launch new polygon cdkpowered chain,2024-02-22
vitalik buterin voices concern about complex layer 2 solutions,2024-02-22
coinbase makes case for approval of ether etfs in formal letter to sec,2024-02-22
bloomberg ethereum outpaces bitcoin as institutions shift focus to the largest altcoin,2024-02-21
ethereum whale moves 54721 eth worth 161 million in 32 hours—is a major market shift underway,2024-02-19
ethereum likely the only spot crypto etf to be approved after bitcoin bernstein,2024-02-19
vitalik buterin verkle trees implementation to benefit ethereum stakers and network nodes,2024-02-19
gensler hesitates on ethereum etfs cites court loss as reason for bitcoin etf approval,2024-02-15
ethereum restaking draws 44 billion to eigenlayer amid surging interest,2024-02-14
pandora’s erc404 token surges with 190m trading volume within a week of launch nansen,2024-02-14
franklin templeton latest firm to file for spot ethereum etf,2024-02-13
ethereum gas fees surge to 8month high as erc404 tokens take off,2024-02-12
ethereum validator queue reaches highest level since october amid renewed interest in staking,2024-02-12
ark invest and 21shares outline cash processes in new ethereum etf bid,2024-02-08
vitalik buterin and ethereum foundation explore strategies to optimize blockchain for rollupcentric roadmap,2024-02-06
what influences spot ether etf approval,2024-02-02
vitalik buterin on the challenges between crypto and ai warns ‘tread carefully’,2024-01-31
spot ethereum etf approval expected may 23rd and could surge in value new report says,2024-01-30
td cowen sees slim chances for spot ethereum etf in 2024,2024-01-30
sec postpones decision on blackrock’s spot ethereum etf to march,2024-01-25
vitalik buterin’s zuzalu retreat spurs ethereumbacked ‘zuvillages’ – what’s behind this mysterious gathering,2024-01-22
sec postpones decision on fidelity’s spot ethereum etf,2024-01-18
ethereum completes dencun network upgrade on goerli testnet,2024-01-17
ethereum cofounder vitalik buterin says validiums are not genuine rollup solutions,2024-01-17
ethereum etf approval hopes rise as bitcoin funds launch successfully—is an sec nod around the corner,2024-01-11
fake bitcoin etf approval tweet gives sneak peek eth price may spike before ethereum etf approval,2024-01-10
valkyrie cio says market may see ripple ethereum etfs next,2024-01-10
sec implicitly recognizes ether as commodity paving way for etf,2024-01-05
ethereum foundation announces devcon 7 conference in bangkok thailand november 1215 2024,2024-01-03
evms evolve with parallelized technology offering blockchain scalability transaction speed and fee efficiency,2023-12-29
vitalik buterin proposes simplified ethereum proof of stake design,2023-12-28
donald trump sells 24 million ethereum arkham intelligence,2023-12-28
ethereum smart contract framework updated to combat security concerns,2023-12-18
taipei blockchain week opens with vitalik buterin binance’s richard teng,2023-12-14
vitalik buterin proposes enshrined zkevm for enhanced ethereum main chain efficiency,2023-12-14
sec delays decision on invesco galaxy’s ethereum etf until february 2024,2023-12-14
ether supply hits lowest level since shanghai upgrade decreasing by over 309500 coins,2023-12-12
ethereum’s decentralization questioned as block builders censor transactions tied to us sanctions,2023-12-06
sec delays decision on grayscale’s spot ethereum etf until january 2024,2023-12-06
vitalik buterin plans to redesign ethereum staking praises utxo payment model,2023-11-27
steven nerayoff lawsuits will reveal facts supporting claims against key ethereum figures says attorney,2023-11-23
unidentified whale deposits 10000 eth worth 20 million in new blast l2 project,2023-11-23
erc4437 promised an ethereum revolution—adoption figures tell a different story,2023-11-20
ethereum exchange outflows exceed 1 billion in 3 weeks intotheblock reports,2023-11-20
breaking nerayoff follows through releases 2015 vitalik buterin recordings and alleges ethereum corruption fraud,2023-11-16
blackrock files spot ether etf application,2023-11-16
celsius moves 10 million in ethereum to exchange following bankruptcy plan approval,2023-11-15
countdown to ethereum exposé insider promises proof of vitalik buterin’s alleged fraud in 48 hours,2023-11-14
ethereum price crosses 2000 as nasdaq files for blackrock’s eth etf,2023-11-10
breaking blackrock registers ishares ethereum trust in delaware – is a spot eth etf coming,2023-11-09
ethereum’s failed transactions result in major user losses — what’s going on,2023-11-08
ether eth set for 55 surge after key technical breakout as supply turns deflationary says this wellknown analyst,2023-11-07
magic eden and yuga labs unveil ethereum nft marketplace to protect creator royalties,2023-11-06
asset manager proshares introduces seth etf for profiting from ether price drops,2023-11-03
goldman sachs analysis ethereum’s path to scalability,2023-10-27
demand for ethereum staking has dropped significantly – what’s going on,2023-10-19
tokenized realworld asset market to hit 10 trillion by 2030 21co projects – can rwas power ethereum eth to multitrillion market cap,2023-10-18
ethereum validator queues for entry and exit positions drop to new record lows report,2023-10-16
time to dump ethereum eth and buy bitcoin btc 3 reasons why that might be a good idea,2023-10-13
ethereum’s supply surges 47 million worth of eth added in 30 days,2023-10-09
k33 research advises shifting focus from ether to bitcoin amid etf debut,2023-10-05
investigator alleges drug cartel links to tron and ethereum crypto wallets — here’s what you need to know,2023-10-04
us sec’s ethereum etf approval officially confirms its nonsecurity status says former cftc chairman,2023-10-03
vaneck’s ethereum strategy etf on track for cboe listing,2023-10-02
ubs’ tokenized money market fund goes live on ethereum blockchain,2023-10-02
grayscale pursues ethereum spot etf amid eth futures etf boom,2023-10-02
ethereum cofounder vitalik buterin explores ethereum staking changes – what’s going on,2023-10-02
protocol guild in for big pay day from ether etf,2023-10-01
invesco and galaxy pursue spot ether etf application,2023-09-30
arbitrum foundation eyes japanese market for ethereum layer 2 expansion,2023-09-29
valkyrie investments receives sec approval for first ethereum futures etf,2023-09-28
us sec would likely let ethereum futures etfs go live next week bloomberg intelligence analyst,2023-09-28
vitalik deposits 400 eth to coinbase total 2421 eth sent to multiple cexs in 10 days,2023-09-25
high gas fees alert binance wallet records 840000 in abnormal ethereum charges,2023-09-22
ethereum devs put forth erc7512 standard to represent audit reports onchain,2023-09-21
peter thielbacked founders fund invests in layer n’s ethereum scaling tech,2023-09-14
major crypto theft 24 million drained from ethereum wallet in phishing scam,2023-09-08
tornado cash cofounder roman storm maintains innocence in money laundering case – here’s the latest,2023-09-07
ethereum cofounder vitalik buterin explores privacy protocol amid tornado cash concerns,2023-09-07
vitalik buterin ethereum’s future upgrades could bring full nodes to mobile devices,2023-09-06
major ethereum staking providers promise not to own more than 22 of validators,2023-09-01
funds unlocked starkware addresses upgraderelated lockouts – here’s what happened,2023-08-31
arkham investigation reveals robinhood wallet holds 25 billion in eth,2023-08-31
ethereum staking flourishes while value of defi assets shrinks – what’s going on,2023-08-26
rumors sec poised to approve ethereum futures etf – ethbtc bounces after crypto crash,2023-08-17
valkyrie funds looks to launch ethereum strategy etf,2023-08-17
six asset managers file fresh sec applications to launch ethereum futures etfs in the us,2023-08-02
ethereum infrastructure provider flashbots raises 60 million in series b funding – crypto bull market back,2023-07-26
major setback smart contract exploit results in over 200 ethscriptions being nabbed,2023-07-17
santiment indicates an eth rally as transaction fee drops,2023-07-12
billionaire justin sun’s onchain behavior sparks concern among lido investors,2023-07-10
ethereum scaler starknet launches testnet for transformative ‘quantum leap’ upgrade,2023-07-06
ethereum users propose erc 7265 to thwart defi hacks – how does it work,2023-07-05
nansen report arbitrum airdrop had positive impact on adoption of network amid negative crypto market conditions,2023-06-14
global investment firm vaneck predicts ethereum’s price by 2030 – here’s what you need to know,2023-06-06
celsius network’s 800 million ether staking strategy change stretches ethereum validator queue – here’s what you need to know,2023-06-04
ethereum and lido finance dominate revenue generation as prices soar,2023-05-29
after eight years of dormancy longforgotten ethereum ico wallet resurfaces with 15 million worth of funds,2023-05-29
global payments giant visa experiments with ethereum’s goerli testnet – here’s the latest,2023-05-19
bankrupt celsius network channels 75 million of ether to figment staking service – what’s going on,2023-05-16
demand for eth staking soars despite nearly monthlong waiting period,2023-05-16
ethereum network recovers after two consecutive performance issues reported in 24 hours,2023-05-13
ethereum bot operated by jaredfromsubwayeth bags more than 40 million in three months,2023-05-11
ethereum eth price set to roar as these two key deflationary tailwinds pick up,2023-04-28
cambridge study reveals ethereum’s lifetime energy use before merge on par with switzerland’s annual consumption,2023-04-27
mysterious hack drains 10 million from crypto whales and early crypto investors – what’s going on,2023-04-19
total staked eth tokens keeping surge higher – what this means for the ethereum price,2023-04-18
key ethereum levels to watch as eth price pivots 2100,2023-04-18
arbitrum’s 700 million arb return proposal fails deemed a “power play” by whale – here’s what happened,2023-04-16
ethereum shorts obliterated as eth price crashes through 2100 – where next for the eth price,2023-04-14
kraken to unstake over 1 billion in eth after shapella upgrade – what happens next,2023-04-14
ethereum surges above 2100 amid bullish postshapella upgrade supply dynamics – where next for the eth price,2023-04-14
ethereum putcall ratio jumps – are bearish bets building up ahead of shappella upgrade,2023-04-05
ethereum core developers announce date for longawaited shapella upgrade – here’s what you need to know,2023-03-29
today in crypto ethereum foundation doubles bug bounty to 500k oasys partners with sbi vc trade the graph integrates with banxa tether’s excess reserves to increase by 700m in q1 2023,2023-03-24
divergent onchain trends within ethereumbitcoin network add to reasons why the ethbtc price might continue dropping,2023-03-20
ethereum’s shanghai hard fork target date revealed staked eth withdrawals coming soon,2023-03-17
ethereum’s annualized deflation rate briefly surpasses 5 – here’s how that can impact the eth price,2023-03-17
new york attorney general alleges ethereum tokens are securities in lawsuit against kucoin crypto exchange – crypto clampdown incoming,2023-03-10
do or die for the bulls as ethereum eth price tests 200dma support,2023-03-09
ethereum’s deflation rate hits new yearly highs – here’s where the eth price is headed next,2023-03-03
how another ethereum defi summer can power the next big eth price rally,2023-02-28
will this 400m eth mystery whale keep sitting on his holding or make a marketshaking move,2023-02-27
ethereum bulls beware – these 3 key onchain metrics suggest eth price upside may be hard to sustain,2023-02-23
this ethereum layer2 is on fire – here’s what that means for eth price,2023-02-23
ethereum’s deflation rate keeps rising – here’s what that means for the eth price,2023-02-21
today in crypto ‘fundamental clash between regulations and crypto’ ethereum devs patch testnet bug bank of japan set to launch cbdc pilot in april,2023-02-17
south korean ceo jailed for ‘misappropriating’ partner firm’s ethereum funds,2023-02-07
options markets more bullish on bitcoin than ethereum – what this means for ethbtc,2023-02-06
ethereum struggles to attract investors despite upcoming shanghai upgrade healthy network fundamentals,2023-02-06
today in crypto ethereum to activate zhejiang testnet next week sberbank to release a defi platform by may titan comics to launch a comic series based on nouns nfts in april,2023-02-03
ethereum developers launch “zhejiang” – the new testnet for eth withdrawals,2023-02-01
321 million wormhole hacker is moving funds onchain data shows,2023-01-26
long dormant ethereum whale suddenly stakes 49k eth – here’s how increased staking participation can boost eth’s price,2023-01-25
ethereum’s vitalik buterin proposes ‘stealth address’ system to enhance blockchain privacy – here’s how it works,2023-01-24
this indicator suggests it’s still too early to bet on bitcoin bull run,2023-01-20
ethereum will soon have 100 million addresses with nonzero balance – what this milestone means for eth price,2023-01-17
lazarus group’s stolen 41000 eth from harmony bridge hack is on the move,2023-01-17
today in crypto consensys launches metamask staking eurojust stops major crypto fraud network lendhub loses 6m in an attack,2023-01-13
ethereum shanghai testnet may launch as early as february to enable validator staking withdrawal,2023-01-09
today in crypto hackers blackmail automaker for 2m in bitcoin paxful kicks out ethereum uniswap partners with moonpay for bank card crypto purchase,2022-12-21
payment system giant visa proposes working with ethereum for automatic transactions – how does it work,2022-12-20
crypto adoption metamask wallet teams up with paypal to enable customers to buy eth directly,2022-12-15
ethereum core developers set march 2023 tentative deadline for shanghai upgrade – this is what you need to know,2022-12-09
founder vitalik buterin reveals 5 features that excite him the most about ethereum – the last one may surprise you,2022-12-06
today in crypto sberbank’s blockchain platform to be ethereumcompatible internet computer’s mainnet integrates with bitcoin exclusive automotive group accepts crypto,2022-12-02
wolf of wall street jordan belfort admits he lost 300000 in crypto hacking – this is what happened,2022-11-28
leading crypto wallet metamask reveals it collects user data faces backlash from community,2022-11-24
eth hacker gets 10 year jail term but btc theft ‘may not be criminal’ in china,2022-11-23
news summary bitvo backs off ftx acquisition deal trust wallet integrates with binance pay new ethereum climate platform,2022-11-17
ethereum turns deflationary amid market turmoil – future of money,2022-11-10
a16z launches trustless access to ethereum blockchain offering 2second synchronization,2022-11-09
us treasury redesignates sanctions on tornado cash crypto mixer citing north korea involvement,2022-11-09
ethereum gas fees skyrocket 10x amid onchain panic – here’s what you need to know,2022-11-09
ethereum cofounder makes big changes to roadmap – here’s what you need to know,2022-11-07
crypto fraudsters bait victims with promises of free eth and rolex watches,2022-11-07
ethereum founder vitalik buterin concerned about elon musk’s twitter plan,2022-11-02
crypto news summary nubank’s new nucoin crypto fidelity’s eth offer bitpanda partners with n26 digital bank,2022-10-20
coin center sues janet yellen over tornado cash sanctions,2022-10-13
european authorities want automated software to monitor defi activity on ethereum blockchain,2022-10-11
ethereum sees biggest network growth day in 2022 – number of addresses hits alltime high,2022-10-10
tmobile parent company launches ethereum staking validator,2022-10-04
deutsche telekom supports ethereum works w stake wise sec charges hydrogen us state comes after 23 alleged crypto scammers more news,2022-09-29
coinbase is giving away ens usernames to make crypto wallet transfer easier,2022-09-22
when ethereum options show continuing bullish bias is it time to dca into eth,2022-09-21
ethereum’s vitalik buterin has a layer 3 vision to unleash full power of crypto,2022-09-21
nasdaq’s crypto move 160m defi hack hong kong cbdc more news,2022-09-20
hackers attack ethereumpow and eth vanity addresses binance partners with ukrainian varus ftx has 1bn for acquisitions bailouts more news,2022-09-19
why ethereum price is under more pressure after gensler comments,2022-09-17
why ethereum could see huge inflows of fund from institutional esg investors,2022-09-16
if this is a netscape moment for web3 what does that mean for ethereum,2022-09-16
etheruem price bearish turn could drag bitcoin lower atom and glm rally,2022-09-16
ethereum merge buyers turn into sellers as troublefree upgrade underwhelms,2022-09-15
ethereum merge live latest news and updates,2022-09-15
bitcoin price struggles ethereum consolidates ahead of merge cel rallies,2022-09-15
why it matters for ethereum health that lido thrives as a censorshipresistant entity,2022-09-14
bitcoin price and ethereum struggle cel and rvn surge,2022-09-14
ethereum price calm but is short squeeze about to push eth to 2k,2022-09-13
crypto investment products suffer ethereum merge jitters prompting outflow,2022-09-13
unique ethereum tx count jumps 40 ahead of merge overtakes bitcoin,2022-09-09
ethereum futures hit 1 trillion overtakes bitcoin for first time ever,2022-09-09
ethlotme ethereum mining ‘scam mastermind’ flees south korea for the philippines,2022-09-09
ethereum merge could trigger surge of interest in staking and entice institutional buyers,2022-09-08
etc group physical ethereum pow zetw etp launching on deutsche borse,2022-09-08
ethereum trims losses and rallies while bitcoin lacks momentum,2022-09-08
preethereum merge moves hope for voyager clients nexo launches crypto exchange more news,2022-09-07
exchanges vow to keep eth trading open as merge moves closer,2022-09-06
eth open interest retraces from alltime high – where next,2022-09-06
ethereum classic pumps 26 as miners make switch ahead of eth merge,2022-09-06
hot august for ethereum name service fifa algorand binance ‘not chinese company’ more news,2022-09-02
bitcoin and ethereum still consolidate 1inch and dcr outperform,2022-09-02
vitalik buterin says his influence over ethereum decreases as network nears the merge,2022-09-02
as ethereum options open interest remains high brace for volatility ahead of merge,2022-09-01
us inches towards bitcoin ethereum accounting clarity leaving nfts and stablecoins for later,2022-09-01
analysts advise ethereum users to avoid transacting on merge day outline numerous risks,2022-08-31
ethereum’s vitalik buterin to publish compilation of his writings,2022-08-31
crypto exchange ceo arrested ethereum scaling nexo’s buyback initiative more news,2022-08-30
bitcoin and ethereum inch higher atom and ldo accelerate,2022-08-30
bitcoin and ethereum resume downtrend altcoins turn red,2022-08-29
endofweek ethereum merge news fails to hold price up traders discuss mergerelated selloff binance joins exchanges preparing for possible fork,2022-08-26
bitcoin and ethereum stuck below resistance tfuel surges,2022-08-26
eth is best top 10 performer as first stage of merge confirmed it’s ‘obviously a very tradable event’,2022-08-25
japan’s bitflyer will ‘pay close attention’ to any ethereum proofofwork hard fork,2022-08-24
mew launches nft manager hodlnaut denies police investigation influencer hodlonaut receives btc 52 in donations ahead of ‘faketoshi’ battle more news,2022-08-23
bitcoin and ethereum struggle to clear hurdles atom surges,2022-08-23
rainbow bridge resists another hack attacker loses eth 5,2022-08-23
vitalik buterin says ethereum will be ‘55 complete’ postmerge hodlnaut reveals massive shortfall amc shares tumble 40 more news,2022-08-22
bitcoin and ethereum trend negative bnb shines,2022-08-22
endofweek ethereum developers firm up merge date hedge fund investor says merge is ‘not priced in’ aave proposes strongly signaling support for pos,2022-08-19
ecommerce giant mercado libre debuts an ethereumpowered coin in brazil,2022-08-19
bitcoin and ethereum lose ground altcoins dive,2022-08-19
bitcoin and ethereum could break lower as bulls struggle,2022-08-17
bitcoin and ethereum consolidate near key supports,2022-08-16
ethereum developers looking for potential merge dates,2022-08-12
ethereum’s last test before the merge ‘quite good’ despite ‘confusion’,2022-08-11
tornado cash user continues to send eth to prominent figures buterin admits he used the mixer,2022-08-10
business exec’s noisy illegal ethereum mining rigs left employees sweltering in 40°c furnace,2022-08-09
ethereum’s vitalik buterin lists ‘worthwhile’ ideas for developers to work on,2022-08-09
iran goes crypto ethereum classic camp is against ethereum pow fork more news,2022-08-09
reddit community points ready for the ethereum mainnet move,2022-08-09
‘most significant legal action’ against crypto in us hodlnaut halts withdrawals zipmex releases ethereum bitcoin more news,2022-08-08
ethereumpow fork won’t ‘significantly’ harm ethereum – vitalik buterin,2022-08-08
justin sun poloniex back plan to create a pow ethereum hard fork,2022-08-05
hayes asks ‘forgiveness’ for calling ethereum a shitcoin doubles down on eth,2022-08-05
former coinbase manager pleads not guilty to wire fraud charges,2022-08-04
bitcoin and ethereum inch higher ape and snx rally,2022-08-03
bitcoin and ethereum consolidate cel accelerates,2022-08-02
if ethereum splits leading exchanges are ‘likely’ to list ethpow token – bitmex,2022-08-01
coin race top winnerslosers of july ethereum ethereum classic win the month,2022-08-01
vitalik buterin says the merge is not ‘priced in’ as investor promises to fork ethereum,2022-07-28
bitcoin and ethereum inch higher matic jumps,2022-07-27
bitcoin ethereum funding rates signal continued bullishness despite recent selloff,2022-07-26
bitcoin crypto slip amid ‘signs of exhaustion’ btc eth see investment inflows again,2022-07-25
6 key points in vitalik buterin’s vision for ethereum presented at ethcc,2022-07-22
bitcoin and ethereum consolidate near uptrend support altcoins in red,2022-07-21
volatile months ahead for ethereum usd 1711 likely for yearend says crypto industry panel,2022-07-20
polygon unveils zkevm ‘ethereumequivalent’ zk scaling solution,2022-07-20
bitcoin and ethereum correct gains after nearing new highs etc and near rally,2022-07-19
massive liquidations push ethereum higher as the nearing merge boosts sentiment,2022-07-18
ethereum tests usd 14k as bitcoin moves higher above usd 21k matic and etc rally,2022-07-18
ethereum merge date proposed for september liquidator comes for 3ac us sec talks exemptions more news,2022-07-15
ethereum outperforms bitcoin eyes key upside break uni rallies over 14,2022-07-15
stablecoin active addresses hit new high after terra collapse while bitcoin and ethereum addresses drop,2022-07-13
bitcoin and ethereum consolidate near breakdown support aave accelerates,2022-07-13
bitcoin and ethereum struggle to recover qnt and snx outperform,2022-07-12
bitcoin and ethereum look for direction xmr and chz outperform,2022-07-11
bitcoin and ethereum target additional gains avax and icp accelerate,2022-07-07
ethereum’s step towards pos bitcoin mining difficulty binance’s btc trading fee move more news,2022-07-06
bitmain to launch its antminer e9 despite the ethereum merge edging closer,2022-07-06
ethereum transaction fees dip to lowest since december 2020 bitcoin fees relatively stable,2022-07-05
bitcoin ethereum and altcoins correct gains,2022-07-05
an ethereum name service domain sells for usd 345000 amid market crash,2022-07-05
bitcoin and ethereum stuck in key range cel outperforms,2022-07-04
bitcoin and ethereum trend lower best performing altcoins trim gains,2022-07-01
bitcoin nears usd 19k ethereum tests usd 1000 as ‘final washout’ in cards before rebound,2022-06-30
ethereum is businessready says foundationlinked body but ‘caveats’ remain,2022-06-29
celsius’ positions are now healthier three arrows capital was a ‘victim of contagion’ – nansen,2022-06-29
regulatory fog remains as sec chief doesn’t mention ethereum as a commodity does not say bitcoin is the only one either,2022-06-28
police investigate ethereum bitcoin mining ‘pool’ following ‘scam’ allegations,2022-06-27
bitcoin and ethereum look for direction doge and stx still outperform,2022-06-27
axie infinity’s ronin bridge to reopen after hack locked funds to be returned,2022-06-24
bitcoin and ethereum inch higher matic extends its rally bnb accelerates,2022-06-23
bitcoin and ethereum struggle to recover further altcoins dip,2022-06-22
vitalik buterin confirms postmerge ethereum centralization concerns urges not to ‘overly catastrophize’ it,2022-06-21
bitcoin nears usd 21k ethereum outperforms btc snx skyrockets,2022-06-20
not enough liquidity for celsius to sell staked ethereum in open market – analyst,2022-06-17
blockfi cryptocom and others come forward as three arrows hires advisers babel finance pauses withdrawals,2022-06-17
top blockchain nonfinancial applications according to vitalik buterin,2022-06-16
bitcoin and ethereum play with crucial levels altcoins trend lower,2022-06-15
after terra and celsius crypto market now might be hit with three arrows,2022-06-15
ethereum altcoins outperform bitcoin while sol ada and dot rally,2022-06-14
bitcoin and ethereum bears in control altcoins crash too,2022-06-13
ethereum steps on another delay bomb,2022-06-13
bitcoin and ethereum could end the week lower,2022-06-10
ethereum’s ropsten test is ‘almost’ bugfree two more testnets to go before the merge,2022-06-09
ethereum’s ropsten testnet set to ‘merge’ today,2022-06-08
brazilian crypto exchange foxbit forced to pay customer in ‘lost’ ethereum claim,2022-06-07
these are some topics ethereum developers disagree with vitalik buterin on,2022-06-07
bitcoin and ethereum struggle to recover bnb and sol dive,2022-06-07
apecoin whales vote against proposal to stay on ethereum,2022-06-06
bitcoin ethereum and altcoins trim gains icp still outperforms,2022-06-03
bitcoin ethereum and altcoins try to recover,2022-06-02
bitcoin and ethereum hold key support altcoins consolidate trx jumps,2022-06-01
the merge for ethereum’s ‘longestlived’ pow testnet ropsten expected ‘around’ june 8,2022-05-31
bitcoin and ethereum inch higher hnt and waves rally,2022-05-30
crypto should move away from relying on ‘endless growth’ vitalik buterin argues,2022-05-27
ethereum beacon chain experienced a 7block reorg more work needed ahead of the merge,2022-05-26
bitcoin and ethereum trade in contracting range etc trims gains celo accelerates,2022-05-25
poorer americans are more likely to use crypto gamestop’s ethereum wallet ebay’s nfts more news,2022-05-23
bitcoin and ethereum inch higher neo and ftm rally,2022-05-23
ethereum developers move merge hopes to august,2022-05-20
ethereum’s ropsten testnet to ‘merge’ next month in preparation for proofofstake,2022-05-19
ethereum leads in web3 but multiple winners possible – a16z report,2022-05-18
bitcoin and ethereum stuck near key levels altcoins struggle,2022-05-18
crypto payments on shopify cloudflare plays with ethereum ey polygon more news,2022-05-17
contradictory vitalik buterin says he wants a more bitcoinlike ethereum,2022-05-17
bitcoin and ethereum look for direction ada and sol trim gains,2022-05-16
bitcoin and ethereum consolidate ada ape and multiple altcoins rally,2022-05-13
bitcoin ethereum and altcoins try to trim losses luna tests new lows,2022-05-12
bitcoin and ethereum fluctuate luna down 94 mkr rallies,2022-05-11
ethereum outperforms bitcoin luna struggles mkr rallies,2022-05-10
bitcoin drops below usd 33k ethereum slides more altcoins tumble,2022-05-09
bitcoin drops below usd 36k ethereum down 9 altcoins keep sliding,2022-05-06
renowned luxury brand gucci to accept bitcoin ethereum payments in the us,2022-05-05
ethereum needs to pass these three tests before migrating to pos,2022-05-05
another banking giant enters bitcoin ethereum suspicious ‘smaller cryptos’ coinbase ends brazilian ma talks more news,2022-05-04
this level of transaction fees would be ‘truly acceptable’ according to ethereum’s buterin,2022-05-04
major bitcoin crypto companies warn of ‘extreme’ risk in proofofstake systems,2022-05-03
ethereum price target for 2022 cut again but new highs still in play – survey,2022-05-02
bitcoin and ethereum struggle xrp and luna inch higher,2022-05-02
defi on ethereum l2 networks sees significant growth even as ethereum fee level falls,2022-04-29
bitcoin and ethereum inch higher gmt and grt rally,2022-04-28
bitcoin and ethereum struggle to recover higher doge dives ape gains,2022-04-27
bitcoin and ethereum consolidate gains doge’s rally on pause,2022-04-26
bitcoin and ethereum test new lows doge outperforms ape in rollercoaster mode,2022-04-25
ethereum’s merge could lower demand for bitcoin but regulatory technical challenges persist,2022-04-22
ridley scott’s company joins ethereum movie project,2022-04-22
thanks to defi ethereum edges out bitcoin in global realized crypto gains,2022-04-21
dominant staking pool lido causing ‘long lasting’ damage to ethereum but aims to improve,2022-04-21
vitalik buterin says his influence over ethereum diminishing harder to make things happen,2022-04-20
new bitcoin ethereum etfs ukrainian nft cossacks club snoop dogg brings weed to metaverse more news,2022-04-20
bitcoin funds see slowing investment outflows ethereum outflows accelerate,2022-04-19
bitcoin and ethereum consolidate below key hurdles luna pauses,2022-04-19
ethereum foundation’s crypto holding made up of 99 eth,2022-04-18
metamask issues warning about phishing attacks via icloud after a user lost usd 650k,2022-04-18
bitcoin and ethereum stuck in range doge and xrp gain,2022-04-15
amazon ceo on crypto and nfts epns to expand beyond ethereum more news,2022-04-14
bitcoin and ethereum face key breakout zone doge jumps on musk news,2022-04-14
ethereum developer says merge delayed until a ‘few months after’ june,2022-04-13
bitcoin and ethereum struggle to recover shib trims gains,2022-04-13
ethereum devs call mainnet shadow fork a ‘huge success’ propose fixes for bugs,2022-04-12
bitcoin and ethereum investment outflows accelerate no ‘significant stress among investors’ more news,2022-04-11
bitcoin and ethereum fluctuate near pauses,2022-04-08
vitalik buterin makes lowkey usd 5m eth donations in support of ukraine,2022-04-07
metaverse land prices fall but still outperform ethereum,2022-04-06
bitcoin and ethereum still rangebound luna gains traction,2022-04-05
crypto investment products see new week of large inflows european investors dominate,2022-04-04
hayes says he aims to rebalance portfolio in favor of ethereum sets new price target for eth,2022-04-01
bitcoin and ethereum try to recover losses waves and zil trim gains,2022-04-01
as opera challenges brave browser with push further into crypto how do they compare,2022-03-31
bitcoin and ethereum still rangebound sol inches higher zil trims gains,2022-03-31
buterin claims ethereum simplicity is still possible as developers warn of increasing complexity,2022-03-30
bitcoin and ethereum remain supported zil rallies,2022-03-30
bitcoin and ethereum trend higher luna pauses waves accelerates,2022-03-29
bitcoin and ethereum keep moving higher sol and dot accelerate,2022-03-28
ethereum staking sees accelerating growth ahead of merge,2022-03-25
prosecutors ethereum foundation knew about virgil griffith’s north korea intentions,2022-03-24
florida’s crypto plan cryptocom scores world cup grayscale’s exethereum fund more news,2022-03-22
bitcoin and ethereum gain bullish momentum ada accelerates,2022-03-22
ethereum classic jumps 54 in a week but history shows that the rally may not last,2022-03-21
bitcoin and ethereum try to recover avax outperforms,2022-03-21
bitmex finally welcomes ethereum as spot platform nears launching ape perpetual futures market,2022-03-21
bitcoin trends lower ethereum fluctuates ape enters top 70,2022-03-18
here is internet computer founder’s proposal to ‘hasten the end’ of ukraine war,2022-03-17
bitcoin and ethereum prepare for next move altcoins gain,2022-03-17
dao snaps up south korean cultural treasure that dates back to antiquity,2022-03-17
ethereum moves higher against bitcoin on a wave of positive news,2022-03-16
bitcoin and ethereum bears dominate major altcoins struggle,2022-03-15
bitcoin and ethereum look for direction luna and rune accelerate,2022-03-14
bitcoin and ethereum try to recover smaller altcoins rally,2022-03-11
final countdown to ethereum merge begins as configs for the last public testnet go live,2022-03-10
eth rises with broader market as ethereum fees hit a 7month low,2022-03-09
bitcoin and ethereum inch higher zec snx and theta accelerate,2022-03-08
devs publish bitcoin ethereum donation guidelines for russians who support ukraine,2022-03-07
bitcoin and ethereum consolidate best performer waves trims gains,2022-03-07
decentralization debate heats up again as metamask opensea block users,2022-03-04
bitcoin and ethereum try to recover atom moves higher,2022-03-04
bitcoin and ethereum consolidate okb jumps,2022-03-03
bitcoin and ethereum consolidate sol inches higher,2022-03-02
options on micro bitcoin micro ether futures fc barcelona’s crypto plan more news,2022-03-01
bitcoin and ethereum target additional gains luna keeps moving higher,2022-03-01
bitcoin and ethereum face key midterm hurdles,2022-02-28
state street’s ‘mega’ crypto plan hayes pleads guilty flexpool’s message to russia pulled nft sale more news,2022-02-25
bitcoin ethereum try to recover losses risks remain,2022-02-24
bitcoin and ethereum keep moving higher luna and avax extend gains,2022-02-23
another suspect in ethereum’s dao hack emerges putting coin mixing under question,2022-02-22
dao rallies to collect usd 4b for denver broncos buy,2022-02-21
bitcoin and ethereum keep moving lower neo inches up,2022-02-18
bitcoin and ethereum trend lower atom accelerates,2022-02-17
postdorsey twitter adds tipping in ethereum,2022-02-17
bitcoin and ethereum fluctuate neo accelerates leo keeps dropping,2022-02-16
usd 100m blockfine indian central banker vs crypto btc eth flows changed more news,2022-02-14
bitcoin and ethereum inch higher altcoins struggle,2022-02-14
bitcoin and ethereum hold key uptrend support theta trims gains,2022-02-11
bitcoin tests usd 45k again ethereum gains bullish momentum altcoins in green too,2022-02-10
‘far more bearish’ survey predicts doubling of ethereum price this year,2022-02-09
what’s behind the kpmg bitcoin ethereum hype,2022-02-08
analysts say that bitcoin and ethereum may be bottoming out soon,2022-02-04
bitcoin and ethereum move lower qnt rallies,2022-02-03
the 4th largest crypto theft shows defi weakness as hacker nets usd 325m in a wormhole,2022-02-03
bitcoin and ethereum consolidate gains sol inches higher,2022-02-01
bitcoin gets more investments ethereum – less thailand scraps crypto tax more news,2022-01-31
bitcoin and ethereum bulls remain active cel accelerates,2022-01-31
bitcoin and ethereum face strong resistance luna atom dive,2022-01-28
vitalik buterin discusses ‘large underexplored design space’ of nontransferable nfts,2022-01-28
etherscan launches messaging platform on ethereum blockscan chat,2022-01-26
ethereumorg shifting from ‘eth 1’ and ‘eth 2’ to ‘execution layer’ and ‘consensus layer’,2022-01-25
buterin’s motherled usd 100m genesi dac picks crypto gaming platform as its first investment,2022-01-24
bitcoin saw inflows again miner bets against ethereum’s pos meta on getting metaverse ‘right’ more news,2022-01-24
bitcoin and ethereum struggle to recover altcoins drop in double digits,2022-01-21
bitcoin and ethereum attempt recovery hurdles nearby,2022-01-20
bitcoin and ethereum try to recover luna and stx accelerate,2022-01-19
another solo miner wins ‘lifechanging’ sum rakes in usd 536k in ethereum block reward,2022-01-18
hacker steals usd 15m from cryptocom say analysts platform claims user funds weren’t lost,2022-01-18
bitcoin ethereum fund outflows slow solana remains favorite more news,2022-01-17
bitcoin and ethereum trend lower ada inches higher,2022-01-17
vitalik buterin wants to hear ‘unhinged critisism’ asks eth community which other coinfiat they favor,2022-01-14
ripple wins right to access sec’s 2018 ethereum emails as xrp case rumbles on,2022-01-14
bitcoin and ethereum consolidate gains doge and shib surge,2022-01-13
time to fix crypto aidrops to bust fraudsters and reward early adopters – research,2022-01-12
bitcoin and ethereum recovery stalls near key hurdles,2022-01-11
mine bitcoin and ethereum using norton 360 antivirus or your tesla,2022-01-10
crypto market sentiment falls bitcoin and ethereum out of the positive zone again,2022-01-10
bitcoin and ethereum fail to recover near and zec turn green,2022-01-10
lcx loses usd 8m in a hot wallet hack,2022-01-10
bitcoin ethereum could benefit if stocks drop after fed tightening – strategist,2022-01-07
bitcoin and ethereum struggle to recover multiple small cap altcoins in green,2022-01-07
ethereum’s position as defi leader challenged by terra bsc solana avalanche – jpmorgan,2022-01-06
number of devs on solana polygon cardano co growing faster than on ethereum,2022-01-06
ethereum is halfway towards its ‘grand vision’ – vitalik buterin,2022-01-05
bitcoin and ethereum stuck in range ftm and near outperform,2022-01-04
vitalik buterin over the past decade how right or wrong was he,2022-01-03
bitcoin and ethereum aim to end 2021 on positive note,2021-12-31
bitcoin and ethereum consolidate losses algo inches higher,2021-12-30
bitcoin and ethereum turn red altcoins extend losses,2021-12-28
bitcoin and ethereum consolidate below hurdles ada surges,2021-12-27
ethereum etfs struggle in europe but see rising volumes in canada,2021-12-23
bitcoin and ethereum consolidate gains near and miota rally,2021-12-22
another step towards eth 20 ethereum devs ask the community to test on kintsugi testnet,2021-12-21
bullish options data gives hope to ethereum bitcoin investors,2021-12-20
bitcoin and ethereum struggle to recover yfi rallies,2021-12-17
bitcoin and ethereum eye additional gains avax flips doge enters top 10,2021-12-16
gaming giant nexon america starts accepting bitcoin ethereum for ingame purchases,2021-12-16
bitcoin and ethereum struggle doge jumps 20 in one hour,2021-12-14
bitcoin and ethereum bears remain in control ohm and sushi rally,2021-12-13
hacked ascendex to reimburse users says ‘relatively small percentage’ impacted,2021-12-13
bitcoin and ethereum hold support altcoins consolidate,2021-12-10
polygon makes usd 400m bet on ethereum scaling pepsi goes nft more news,2021-12-09
bitcoin and ethereum struggle near resistance zone xrp rallies,2021-12-09
usd 3b crypto trading floor bitmart resumes ethereum withdrawals more news,2021-12-08
bitcoin and ethereum correct lower key supports nearby,2021-12-08
bitcoin and ethereum gain bullish momentum altcoins rally,2021-12-07
vitalik buterin’s ‘endgame’ roadmap will ‘take years to play out’,2021-12-07
bitcoin ehtereum investment flows ftse goes crypto tom brady’s nfts more news,2021-12-06
bitcoin and ethereum fluctuate small altcoins suffer biggest losses,2021-12-06
bitmart says it lost usd 150m in a hack suspends withdrawals,2021-12-05
bitcoin and ethereum inch higher altcoins gain momentum,2021-12-03
eth options open interest reaches record high as ethbtc breaks out,2021-12-02
ethereum developer calls for the community to test the merge,2021-12-01
ethbtc ready to break higher not so fast some analysts say,2021-11-30
first monero and ethereum atomic swap completed on arbitrum,2021-11-30
vitalik buterin proposes new eip to tackle ethereum’s skyhigh gas fees,2021-11-29
bitcoin ethereum and altcoins nosedive,2021-11-26
rare axie infinity land changes hands for usd 23m as metaverse prices soar,2021-11-26
bitcoin and ethereum move higher bnb rallies,2021-11-25
ethereum gas fees highest during us business hours coin metrics finds,2021-11-24
constitutiondao will shut down the ‘project has run its course’,2021-11-24
bitcoin and ethereum hold crucial support smaller altcoins surge,2021-11-23
investments in btc keep growing in eth – dropping moonpay valued at usd 34b more news,2021-11-22
ethereum fee debate heats up as avalanche enters and exits top 10,2021-11-22
silver linings abound as constitution dao falls short in usd 47m sotheby’s bid,2021-11-19
watch polygon’s cofounder on ‘holy grail’ of scaling ethereum merge nfts and more,2021-11-18
bipartisan bill aims to fix infra bill time holds ethereum more news,2021-11-18
bitcoin and ethereum struggle to move higher cro and sand rally,2021-11-18
bitcoin and ethereum trying recover hurdles nearby,2021-11-17
bitcoin testing usd 60k ethereum and altcoins trying to recover,2021-11-16
bitcoin and ethereum consolidate trx accelerates,2021-11-15
a ‘dao’ has raised over usd 27m to acquire a rare print of us constitution,2021-11-15
ethereum foundation sends usd 95m in eth to kraken,2021-11-12
put away the ethereum ‘knives’ we come in peace – solana cofounder,2021-11-12
bitcoin and ethereum struggle to recover higher small altcoins rally,2021-11-11
ethereum fees pushed higher by dex trading as optimism’s upgrade nears,2021-11-10
discord accounts linked to ethereum may be coming ceo suggests,2021-11-09
bitcoin and ethereum eye additional gains doge accelerates,2021-11-08
bakkt to support ethereum alongside bitcoin,2021-11-05
australian cryptofocused etf hits record spotbased btc eth etfs expected,2021-11-05
ethereum name service to pass governance over to community details ens airdrop,2021-11-03
ethereum futures etf may come before spot bitcoin etf – analyst,2021-11-03
huge differences seen in banks’ ethereum valuation as eth tests alltime high,2021-11-02
bitcoin and ethereum remain supported sol and shib shine,2021-11-01
ethereum tests alltime high as onchain activity grows shib burns eth,2021-10-29
bitcoin and ethereum stage fresh increase shib surges,2021-10-28
ethereum upgrades ftx at super bowl new bitcoin etfs more news,2021-10-27
bitcoin ethereum and altcoins drop below key levels,2021-10-27
bitcoin and ethereum consolidate altcoins eye upside break,2021-10-26
ethereum gets its altair upgrade in two days,2021-10-25
bitcoin and ethereum reach key support altcoins face sellers,2021-10-22
ethereum hits record high bitcoin corrects sol flips xrp,2021-10-21
following the first bitcoin etf ethereum might be next,2021-10-20
ethereum’s vitalik buterin dumps dogthemed tokens – makes over usd 1m,2021-10-20
bitcoin big in japan ethereum dominant in singapore australians love cardano,2021-10-19
ethereum merge estimated in mayjune 2022 – developers,2021-10-18
bitcoin and ethereum see deeper markets maturing as assets,2021-10-14
usd 05 million paid in failed ethereum transaction,2021-10-14
ethereum takes a pause as bitcoin in spotlight,2021-10-12
bitcoin still consolidates while ethereum and altcoins drop,2021-10-12
bitcoin and ethereum target additional gains,2021-10-11
new funding round could bring consensys value to usd 3 billion,2021-10-11
bitcoin and ethereum move higher altcoins remain attractive,2021-10-08
bitcoin corrects gains ethereum stable altcoins looking for direction,2021-10-07
ethereum’s eip1559 helped coinbase save eth 27 on daily fees,2021-10-06
india’s crypto market is more ‘mature’ than vietnam’s and pakistan’s – chainalysis,2021-10-05
cryptoverse busta rhymes point out flaws in facebook’s centralized system,2021-10-05
bitcoin and ethereum consolidate gains axs surges,2021-10-04
bitcoin and ethereum struggle to gain momentum,2021-09-30
deversifi explains what caused the usd 23m transaction fee on ethereum,2021-09-29
ethereum miner returns usd 22m in mistaken fees keeps eth 50,2021-09-28
the most expensive transaction on ethereum cost usd 235 million,2021-09-27
bitcoin and ethereum remain supported sol rallies,2021-09-27
institutions turning from bitcoin to ethereum futures jpmorgan claims,2021-09-24
bitcoin and ethereum remain supported sol surges,2021-09-23
bitcoin and ethereum consolidate below resistance,2021-09-22
bitcoin ethereum and altcoins show recovery signs,2021-09-21
bitcoin breaks usd 44k ethereum and altcoins tumble,2021-09-20
bitcoin ethereum and altcoins try to gain bullish momentum,2021-09-16
bitcoin ethereum and altcoins aim for more gains,2021-09-15
european asian investors drive bitcoin ethereum investments – survey,2021-09-14
bitcoin ethereum and altcoins start recovering,2021-09-14
bitcoin ethereum and altcoins struggle to recover,2021-09-13
ethereum users flock to arbitrum in search of scalability,2021-09-13
bitcoin and ethereum remain at risk luna nears top 10,2021-09-10
bitcoin and ethereum struggle ada sol rally,2021-09-09
standard chartered sees major upside to ethereum bitcoin,2021-09-08
bitcoin ethereum and altcoins struggle to recover,2021-09-08
liquidations spike as crypto market corrects,2021-09-07
ethereum fraudster sentenced to 25 years behind bars,2021-09-07
eth decouples from btc with use cases competition in focus,2021-09-06
bitcoin above usd 50k ethereum eyes usd 4k sol extends rally,2021-09-03
twitter reportedly to enable adding bitcoin ethereum addresses to profiles,2021-09-03
bitcoin plays with usd 50k ethereum ada xrp target additional gains,2021-09-02
bitcoin tries to recover ethereum xrp and dot outperform,2021-09-01
bitcoin consolidates ethereum and sol gain momentum,2021-08-31
bitcoin and ethereum hold key uptrend support xrp consolidates,2021-08-30
ethereum is experiencing an unintended chain split,2021-08-27
ens integration lets users receive eth to com addresses,2021-08-27
eip1559 three weeks later eth 100000 burned supply grows,2021-08-26
bitcoin ethereum and altcoins trim gains,2021-08-25
bitcoin and ethereum consolidate luna and bnb gain momentum,2021-08-24
bitcoin ethereum struggle to hold key supports altcoins slide lower,2021-08-18
ethereum fees highest since may as nft craze continues,2021-08-18
chilean opposition leader owns ethereum – but is a cryptoskeptic,2021-08-16
polygon hermez to scale ethereum ftx supports bitcoin devs more news,2021-08-13
dorsey justifies his probitcoin stance says he is ‘not trolling’ ethereum,2021-08-13
new crypto unicorn dao hack police seize usd 95m in ethereum more news,2021-08-12
bitcoin and ethereum dip xrp holds near usd 1,2021-08-12
bitcoin and ethereum target additional gains ada extends rally,2021-08-11
bitcoin and ethereum target new highs ada rallies,2021-08-10
lastgasp infra bill compromise may not come fast enough to save us crypto,2021-08-09
ethereum burning thousands of usd a minute while miners face the change,2021-08-06
pos coins lightning defi dexes in danger as us bill chaos intensifies,2021-08-06
ethereum arrives to london burning begins price jumps,2021-08-05
one old presentation by buterin brings an unresolved ethereum issue again,2021-08-04
ethereum’s hope no 1559 what it does and what it doesn’t do,2021-08-03
ethereum outpaced by bsc wax zcash founder starts a pos campaign more news,2021-08-03
bitcoin ethereum and altcoins looking for direction,2021-08-02
bitcoin and ethereum correct gains dips remain attractive,2021-07-30
bitcoin and ethereum fluctuate altcoins trim gains,2021-07-29
ethereum fees get high with stoner cats then swiftly drop,2021-07-28
bitcoin and ethereum aim for more gains altcoins remain attractive,2021-07-27
bitcoin inches higher ethereum and altcoins accelerate,2021-07-26
ethgate overshadows big news but helps ethereum with memes amid ethiopia crisis,2021-07-23
ethereum’s mev vulnerability to be ‘less of a problem’ – buterin,2021-07-22
it’s time to build ethereum beyond defi and price focus – vitalik buterin,2021-07-22
vitalik buterin makes curious cameo in kutcher and kunis’ ‘krypto’ video,2021-07-22
bitcoin keeps outperforming as crypto market ruled by bears,2021-07-20
bitcoin ethereum and altcoins struggle to recover,2021-07-19
bitcoin and ethereum weekly wrap bears in control,2021-07-16
ethereum documentary crowdfunds more than third of its target in hours,2021-07-15
ethereum and uniswap tank despite optimism news,2021-07-14
bitcoin ethereum and altcoins consolidate above major support,2021-07-13
‘intelectual posturing’ highlights ethereum’s extractable value vulnerability,2021-07-12
bitcoin and ethereum continue to fail near key hurdles,2021-07-12
power ledger migrates to solana but keeps its token on ethereum,2021-07-12
eth alts drop against bitcoin again as market prepares for next move,2021-07-09
bitcoin and ethereum extend losses altcoins dive,2021-07-08
ethereum going to london in august but some changes will need to wait,2021-07-07
bitcoin and ethereum fail near breakout zone altcoins climb higher,2021-07-06
bitcoin ethereum and altcoins correct gains,2021-07-05
eth ‘unlikely’ to become ‘popular currency’ but it still can compete with btc,2021-07-02
ethereum address activity approached bitcoin’s level in june,2021-06-30
bitcoin and ethereum correct gains comp rallies,2021-06-28
billionaire dismisses eth doge backs xmr zec says his bank will accept btc,2021-06-28
bitcoin trims gains ethereum and altcoins struggle,2021-06-25
ethereum starts testing london upgrade – but ‘adjust your expectations’,2021-06-24
bitcoin breaks key barrier ethereum and altcoins gain momentum,2021-06-23
stakehound sues fireblocks over eth 38k staking wound,2021-06-23
bitcoin and ethereum target additional losses xrp ada slide,2021-06-22
ethereum litecoin doge miners run fewer rigs amid bitcoin hashrate drop,2021-06-21
bitcoin ethereum and altcoins struggle to recover,2021-06-18
bitcoin eyes fresh increase ethereum and altcoins face resistance,2021-06-17
bitcoin mega bull microstrategy ceo gives hope to ethereum altcoins,2021-06-16
bitcoin remains stable ethereum and altcoins face hurdles,2021-06-15
uk farmers use cow dung to power ethereum mining boost revenues,2021-06-14
full list of ethereum london upgrade changes,2021-06-11
bitcoin breaks key resistance ethereum and altcoins consolidate,2021-06-10
employee found mining ethereum beneath seoul’s premier opera house,2021-06-10
bitcoin ethereum and altcoins shoot higher,2021-06-09
police recover eth 1360 stolen from an exchange in 2018,2021-06-08
bitcoin ethereum and altcoins at risk of further losses,2021-06-08
bitcoin consolidates ethereum eyes upside break altcoins turn attractive,2021-06-07
bitcoin and ethereum extend decline bulls lose control,2021-06-04
bitcoin and ethereum extend gains altcoins turn green,2021-06-03
norton 360 antivirus set to launch ethereummining platform wallet,2021-06-03
bitcoin and ethereum gain momentum doge and bnb surge,2021-06-02
bitcoin ethereum and altcoins consolidate gains,2021-06-01
digital yuan architect ‘imagine a cbdc on ethereum or diem’,2021-05-31
bitcoin and ethereum dive again altcoins turn red,2021-05-28
ethereum’s eip1559 ‘doesn’t deliver’ as it’s ‘not meant to reduce fees’,2021-05-27
bitcoin and ethereum correct gains altcoins struggle,2021-05-25
contrary to musk’s idea you can’t just increase block size says buterin,2021-05-24
bitcoin and ethereum gain traction altcoins surge,2021-05-24
bitcoin and ethereum consolidate xmr rallies above usd 300,2021-05-21
bitcoin and ethereum show signs of revival altcoins gain momentum,2021-05-20
disclosed ethereum ‘lived’ with a major threat for 18 months,2021-05-19
buterin not getting tax writeoff for shib india covid19 relief donation,2021-05-19
bitcoin and ethereum trim losses aave sushi outperform,2021-05-17
coinbase mulls ethereum collateral amid lending program expansion,2021-05-14
eth can flip bitcoin but it can’t ‘have its cake eat it too’ – arthur hayes,2021-05-14
buterin paid usd 800 in fees for 9 major transactions on ethereum,2021-05-13
bitcoin ethereum and altcoins recovering liquidations hit usd 37b,2021-05-13
bitcoin ethereum altcoins fluctuate after trimming losses,2021-05-11
ethereum breaks usd 4000 bitcoin rallies past usd 59k,2021-05-10
bitcoin and ethereum move higher altcoins remain attractive,2021-05-07
if history rhymes eth might hit usd 19k downside risk stronger than btc’s,2021-05-06
ethereum shortly flips bitcoin on google amid usd 5000 per eth forecasts,2021-05-04
crypto market sentiment jumps into positive zone led by ethereum ada,2021-05-03
ethereum climbs to usd 32k bitcoin and altcoins gain momentum,2021-05-03
ethereum’s vitalik buterin now a billionaire as eth prices surge,2021-05-03
ethereum enters the usd 3000 era,2021-05-03
bitcoin inches higher ethereum consolidates xrp gains traction,2021-04-30
‘fulfilment of satoshi’s dreams’ ethereum gets a nod from jpmorgan,2021-04-29
ethereum sets new ath bitcoin muted altcoins climb higher,2021-04-29
ethereum exchange inflows more concentrated fewer insiders dominate,2021-04-29
ethereum scores new ath bitcoin consolidates doge rallies,2021-04-28
ethereum tests usd 2700 bitcoin and altcoins remain attractive,2021-04-28
eib to register bonds on ethereum as eth hits new ath more news,2021-04-27
bitcoin revisits usd 55k ethereum and altcoins gain traction,2021-04-27
binance chain is on ‘a parabola’ surpassing ethereum in several metrics,2021-04-26
crypto market sentiment dropped before rally today,2021-04-26
bitcoin ethereum and altcoins attempt to recover,2021-04-23
ethereum hits new ath altcoins gain bitcoin still consolidates,2021-04-22
volatility jumps as bitcoin ethereum altcoins rebound,2021-04-21
paypal’s venmo rolls out crypto services for bitcoin ethereum and more,2021-04-20
ethereum etf price war new grayscale bitcoin trust ad more news,2021-04-19
bitcoin and ethereum remain well bid doge hits new ath,2021-04-19
zip’s potential crypto trading rothschild eth investment more news,2021-04-16
bitcoin ethereum correct lower while doge keeps rallying,2021-04-16
ethereum day issues in berlin price ath gas drop and cme futures record,2021-04-15
ethereum fees decline as analysts point to bots as cause,2021-04-13
bitcoin and ethereum bulls hesitate bnb extends rally above usd 600,2021-04-12
unlike bitcoin ethereum’s ath was driven by relatively small demand – analyst,2021-04-09
bitcoin and ethereum consolidate bnb and xrp rally again,2021-04-08
bitcoin and ethereum stuck in range while altcoins rally,2021-04-07
ethereum is now discovering its new aths against usd,2021-04-02
‘educational show of force’ fails as new eip quells ethereum miner discontent,2021-04-02
mark cuban says he’s ‘allin’ on ethereum and bitcoin,2021-04-02
bitcoin and ethereum correct lower dips remain supported,2021-03-31
bitcoin eyes usd 60k again ethereum and altcoins surge,2021-03-30
bitcoin ethereum and altcoins gain bullish momentum,2021-03-29
no optimism for ethereum in march – l2 scaling solution delayed,2021-03-26
bitcoin ethereum and altcoins extend losses,2021-03-25
spain’s first tokenized property sells for eth to investors in 3 countries,2021-03-24
crypto education time for bitcoin beeple dumps ethereum more news,2021-03-24
bitcoin and ethereum move higher altcoins gain momentum,2021-03-24
ethereum fees to stay high even with eip1559 – another analyst says,2021-03-23
bitcoin and ethereum eye upside break xrp surges,2021-03-22
ethereum moves ahead with plans for earlier transition to proofofstake,2021-03-19
bitcoin and ethereum trim gains ada remains in uptrend,2021-03-18
sushi is expanding to avalanche while ethereum camp fights high fees,2021-03-16
crypto market sentiment nears the positive zone ethereum gets the crown,2021-03-15
bitcoin finds support near usd 55k ethereum consolidates losses,2021-03-15
miner backlash over fee upgrade provokes a countermove by ethereum devs,2021-03-12
some ethereum miners call for an ‘educational’ ‘show of force’,2021-03-11
ethereum miners don’t cause price volatility says analyst,2021-03-10
bitcoin inches higher ethereum and altcoins show positive signs,2021-03-10
bitcoin ethereum and altcoins eye additional gains,2021-03-09
finance guru ‘loves’ bitcoin ethereum improvement agreement mcafee hit again more news,2021-03-05
bitcoin and ethereum struggle major altcoins in red,2021-03-05
bitcoin consolidates below usd 50k ethereum altcoins extend decline,2021-03-04
bitcoin rallies ethereum and altcoins signaling upside continuation,2021-03-03
bitcoin struggles near usd 50k ethereum and altcoins consolidate gains,2021-03-02
bitcoin ethereum and altcoins show signs of trend reversal,2021-03-01
bitcoin sets new weekly low ethereum and altcoins hold key support,2021-02-26
ethereum etf preconditions for digital dollar mt gox voting more news,2021-02-25
‘scaling coming to ethereum in march’ optimism announces mainnet launch,2021-02-25
bitcoin struggles at usd 50k ethereum and altcoins gain momentum,2021-02-24
ethereum miners are likely to accept eip1559 activation – analysts,2021-02-23
‘extreme selling’ caused kraken ethereum flash crash – ceo,2021-02-23
bitcoin ethereum and altcoins extend decline key support nearby,2021-02-22
ethereum hits usd 2000 outshined by bitcoin updated,2021-02-20
n america’s first bitcoin etf booms nvidia’s surprise to ethereum more news,2021-02-18
bitcoin ethereum and altcoins basing for next move,2021-02-18
bitcoin above usd 51k ethereum and altcoins move up too,2021-02-17
bitcoin surges past usd 50k ethereum altcoins eye additional gains,2021-02-16
bitcoin ethereum and altcoins recovering losses,2021-02-15
bitcoin and ether preparing for next move altcoins gain momentum,2021-02-12
eth ‘insanely cheap’ defi to rally btc dominance to drop – pantera capital cio,2021-02-11
crazy bitcoin and ethereum fees dampen rally help competitors,2021-02-10
bitcoin and ethereum correct gains altcoins remain elevated,2021-02-09
industry players weigh in as cme group’s ethereum futures go live,2021-02-08
bitcoin and ethereum eye fresh rally altcoins extend gains,2021-02-05
grayscale ethereum inflows up again firm calls eth valuation methods ‘opaque’,2021-02-04
grayscale ethereum inflows surpassed btc inflows yesterday as cme futures near,2021-02-03
ethereum hits new ath bitcoin above usd 36k altcoins still attractive,2021-02-03
ethereum begins discovering its new alltime highs against usd,2021-02-02
ethereum eyes new ath bitcoin and altcoins gain traction,2021-02-02
grayscale ethereum trust reopens bitcoin fund ‘over 99 invested’ more news,2021-02-01
bitcoin jumps to almost usd 38k ethereum altcoins try to follow,2021-01-29
eth prices barely budge despite ethereum foundation’s reddit deal,2021-01-28
ethereum needs to clean its value proposition – coinbase,2021-01-26
ethereum eyes usd 1500 altcoins gain bitcoin stable,2021-01-25
ethereans write rebuttals while still closed grayscale ethereum trust shrinks,2021-01-22
ethereum’s upgrade runs into an obstacle as some miners try to stop it,2021-01-22
bitcoin less risky than tesla ethereum at usd 10500 more news,2021-01-20
ethereum in ath territory against usd but far from ath against bitcoin,2021-01-19
ethereum is still an unfinished product says bitcoin investor lyn alden,2021-01-18
bitcoin and altcoins correct gains,2021-01-15
bitcoin and altcoins signaling upside continuation,2021-01-14
social recovery wallet is better for your cryptoassets – buterin,2021-01-11
bitcoin reclaims usd 40k ethereum and litecoin gain momentum,2021-01-08
up or down data send mixed signals about sell pressure for bitcoin ether,2021-01-07
ethereum nears alltimehigh…but nobody knows which watershed to aim for,2021-01-07
major shapeshift crypto boom at revolut interest in ethereum peaks more news,2021-01-06
ethereum bitcoin locked in defi plunge eth staked rises,2021-01-06
bitcoin hits new ath ethereum and altcoins start fresh rally,2021-01-06
ethereum fans brag about alltime high fees as l2 solution coming,2021-01-05
ethereum rally fails to spark chinese interest as bitcoin hogs limelight,2021-01-05
ethereum surpasses usd 1000 bitcoin stable while altcoins rally,2021-01-04
researchers ‘trap’ frontrunning bots spying on ethereum transactions,2020-12-30
ethereum rallies above usd 700 while bitcoin consolidates and xrp drops,2020-12-28
ethereum xrp making gains on bitcoin in crypto pay stakes – bitpay stats,2020-12-22
few tokens besides bitcoin to become sov ethereum to reshape finance – novogratz,2020-12-21
“ethereum is not money” trigger tested again and it still works,2020-12-17
several major bullish news for bitcoin and ethereum more,2020-12-16
ethereum 20 has another mystery – taxes,2020-12-15
btc eth slide lower despite insurers’ usd 100m bitcoin buy ether etf,2020-12-11
first validator gets ‘slashed’ just day after ethereum 20 phase 0 launch,2020-12-03
cubans turn to bitcoin ethereum and dogecoin as us sanctions bite,2020-12-03
eip1559 won’t lower high ethereum fees on its own – professor,2020-12-02
ethereum 20’s phase 0 goes live ‘successfully’ eth drops,2020-12-01
coinbase huobi join other exchanges in supporting ethereum 20 staking,2020-12-01
ethereum 20 journey in 3½ phases is about to start with phase 0,2020-11-30
bitcoin vs ethereum fight escalates amid fresh capital entering the space,2020-11-25
ethereum surges as whales accomplish eth 20 phase 0 mission,2020-11-24
double ethereum rally price hits usd 600 eth 20 deposit contract filled over 50 updated,2020-11-23
ethereum king buterin loses live showdown to twitch chess queen,2020-11-23
us in crypto tax balancing act eth miners safe until nov 2021 more news,2020-11-20
ethereum touches usd 500 for the first time in more than two years,2020-11-20
80empty ethereum 20 deposit contract gets a 4 boost from dubai investor,2020-11-18
ethereum foundation sold eth to novogratz at premium in 2015,2020-11-17
reversible ethereum transactions digital oil token more news,2020-11-12
liquidity solution for ethereum 20 validators launched more news,2020-11-11
technical ethereum chain split reminds of importance of decentralization,2020-11-11
launching ethereum 2 phase 0 on december 1 is an ‘uphill battle’,2020-11-10
vitalik buterin leads by example stakes usd 1m in ethereum more news,2020-11-06
‘dozens’ of arrests as south korean police swoop on bogus ethereum fund,2020-11-05
should i stake or should i trade ethereum phase 0 face tough dilemma,2020-11-05
ethereum 20 phase 0 slated for december 1 eth rallies,2020-11-04
us election results written on ethereum and eos blockchains,2020-11-04
bitcoin consolidates above usd 132k ethereum altcoins extend losses,2020-10-30
defi as ‘no 1 threat’ to ethereum 20 staking participation – consensys,2020-10-29
vitalik buterin not sure ‘when eth 20’ but says clients can launch it alone,2020-10-27
another ethereum delay supermarket embraces bitcoin co more news,2020-10-26
ethereum blockchain transactions reach double that of bitcoin,2020-10-22
bitcoin and altcoins surging ethereum jumps above usd 400,2020-10-22
ethereum 20 deposit contract may come in days phase 0 in december,2020-10-20
alchemy reveals its ethereum gas price notification tool,2020-10-16
breitling boards the blockchain bus with ‘digital passport’ on ethereum,2020-10-15
ethereum trust earns more trust mcafee in ‘hilton’ with ‘murderers’ more news,2020-10-12
kaspersky leaves ethereum for bitfury kunaio defends protesters more news,2020-10-07
coinbasebacked dapp wallet authereum goes live,2020-10-07
metamask amasses 1m active monthly users enters altcoin swaping market,2020-10-06
vitalik buterin says high ethereum fees might be gone even before eth 20,2020-10-05
ethereum miners collected 6 times more fees than bitcoin miners more news,2020-10-01
reddit’s moon moons dumps as subreddit with 1m members goes ‘yield farming’,2020-09-29
chinese judges begin sentencing plustoken bitcoin ethereum scam chiefs,2020-09-29
ethereum fees cbdc in bahamas filecoin’s liftoff ebang’s crypto bang more news,2020-09-28
crypto exchange bithumb ‘not liable’ for customer’s usd 401000 losses,2020-09-28
rescuing usd 96 million in ethereum the fellowship of a smart contract,2020-09-25
cryptocom rolls back ‘illegitimate trades’ after system maintenance,2020-09-23
volatility expected ahead of major bitcoin and ethereum options expiry day,2020-09-22
coinbase pro introduces withdrawal fee as ethereum fees rise further,2020-09-18
ethereum fees spike as uniswap launches token,2020-09-17
ethereum devs in “dress rehearsal” as 20 mainnet launch edges closer,2020-09-15
croatian post launches crypto stamp ethereumbased ‘postereum’ token,2020-09-10
defi helps ethereum surpass bitcoin in adjusted transfer value,2020-09-10
ethereum whales almost double their holdings in a month – report,2020-09-09
metamask to mobilize new crypto users with new app,2020-09-04
ethereum ath fees drop remain 50 higher than during ico boom,2020-09-04
residents of europe’s crypto valley can pay tax bills in bitcoin ethereum,2020-09-03
bitcoin ethereum and altcoins lose momentum,2020-09-03
ethereum might face supply squeeze – researcher,2020-09-02
ethereum fees double from two days old alltime high,2020-09-02
bitcoin ethereum and altcoins correcting gains,2020-09-02
ethereum fees hit a new alltime high,2020-09-01
bitcoin and altcoins start fresh increase led by ethereum’s 10 rally,2020-09-01
anticipated ethereum proposal ‘big maybe’ out within a year,2020-08-26
ethereum 20 testnet medalla running ‘reliably’ at 76 participation,2020-08-26
despite 30 drop ethereum transaction fees remain skyhigh,2020-08-24
miners investors clash over eth proposal bug ‘best thing’ for testnet,2020-08-21
ethereum hits 2year high eth fees at alltime high bitcoin dominance slips,2020-08-14
how realistic is russia’s bitcoin ethereum monero monitoring plan,2020-08-12
the sky’s the limit for ethereum fees leaving eth miners ‘laughing’,2020-08-11
ethereum 20 multiclient testnet medalla up 30 in active validators,2020-08-11
ethereum’s supplygate has nuanced answers hard questions on money,2020-08-11
tourist hotspot’s bitcoin ether altcoin pay pilot in full swing,2020-08-07
ethereum trading volume almost doubles as interest grows even more,2020-08-06
the salty battle of two bs – bitcoin’s adam turns back on ethereum’s vitalik,2020-08-06
ethereum 20 phase 0 medalla testnet goes live,2020-08-04
‘cocacola bottling harbor’ to use baseline protocol ethereum mainnet,2020-08-04
here is the best time of day to save on ethereum gas prices,2020-08-03
coin race top winnerslosers of july ethereum up the most bitcoin least,2020-08-03
coinbase blames performance issues on ethereum fee spike,2020-08-03
bitcoin and altcoins start fresh increase ethereum outperforms,2020-07-31
happy b’ethday ethereum turns five before it turns 20,2020-07-30
ethereum starts training eth 20 validators,2020-07-28
following major losses another crypto hedge fund shuts doors – report,2020-07-28
median ethereum fee up almost 1300 since april bitcoin fees jump too,2020-07-24
ethereum leads top 20 as onchain data signals bullish sentiment,2020-07-24
a date for final ethereum 20 public testnet announced attacknets live,2020-07-22
‘prohibitively expensive’ ethereum network fees ‘are healthy’,2020-07-21
phase 0 of ethereum 20 has another possible launch date – november,2020-07-21
78 of ethereum held in ‘validator qualified’ wallets,2020-07-17
ethereum 2021 dai giveaway bourbon on tokens more news,2020-07-10
8 ethereum miners wield ‘overwhelming influence’ over the network,2020-07-07
ethereum pulls away from competition in dapp dominance race,2020-07-07
vitalik buterin pushes for rollups as ethereum’s scaling solution,2020-07-01
puttocall ratio rises as ethereum options market sets new record,2020-07-01
ethereum 20 first public multiclient testnet to go live next week,2020-06-26
ethereum transaction fees rise further gap with bitcoin narrows,2020-06-24
reddit asks ethereum community for a scaling solution,2020-06-19
sender of usd 53 million eth transactions reportedly revealed,2020-06-17
stablecoin volume now 5x eth volume on ethereum – report,2020-06-17
south korean police bust suspected usd 415m ethereum crime ring,2020-06-12
ethereum transaction fee mystery just got more mysterious updated,2020-06-12
another usd 26m paid in ethereum fees – many doubt it’s a mistake,2020-06-11
the most dizzying fee ‘by far’ paid for an ethereum transaction today,2020-06-10
‘ethereumbased’ libor alternative gets a nod from fed chairman,2020-06-04
did vitalik buterin just say that ethereum is now more important than bitcoin,2020-06-03
ethereum’s layers mining moves swiss bitcoin banking more news,2020-06-02
these high profile bitcoin investors accumulate ethereum too,2020-06-01
ethereum is close to being flipped on its own blockchain – analyst,2020-05-29
ethereum now ‘significantly undervalued’ – researchers,2020-05-27
crypto market sentiment almost unchanged ethereum enters positive zone,2020-05-25
steem drama heats up as tron’s justin sun threatens vitalik buterin,2020-05-20
cryptoverse upvotes and downvotes reddit’s experiment on ethereum,2020-05-15
reddit picks ethereum for its new points offers ‘complete control like bitcoin’,2020-05-14
td ameritradebacked erisx joins ethereum futures market,2020-05-12
options market shows bearish outlook on ethereum price,2020-05-04
the ‘eth is used 440x more than bitcoin’ claim is not so simple,2020-04-30
ethereum has more whales and some of them manipulate updated,2020-04-29
new ethereum 20 calculator stake eth 1 and earn 279 in 10 years,2020-04-28
multiclient testnet for ethereum 20 is live bringing phase 0 closer,2020-04-28
bitmex offers ‘quanto’ ethereum product in a bid to regain market share,2020-04-24
what crypto prediction markets can tell us about coronavirus,2020-04-22
stablecoins challenge ethereum’s claim to become money,2020-04-22
ethereum tezos start new week as top weekly performers,2020-04-20
cryptoverse speculates on alleged reddit plans with ethereum updated,2020-04-10
ethereum beat tron and eos in dapp category in q1,2020-04-09
ethereum leaves bitcoin in the dust this week as whales accumulate,2020-04-07
scammers raise usd 49m in ethereum in 2 months more news,2020-04-01
eth 20 phase 0 reviewed by auditers with attack vector warnings,2020-03-26
money is a ‘kind of a fair game’ says vitalik buterin,2020-03-19
18 ethereum conference attendees got coronavirus buterin not on the list,2020-03-17
opera lets us users buy bitcoin ethereum with apple pay debit cards,2020-03-17
friday 13 strikes crypto exchange employee makes usd 82000 fee gaffe,2020-03-13
crypto startup ceo attendee of ethereum conferences diagnosed with coronavirus updated,2020-03-11
ethereum scalability solution is coming ‘soon’ says vitalik buterin,2020-03-06
why is new protocol by ey consensys microsoft important for ethereum,2020-03-05
ethereum progpow battle not over yet as opposition rises,2020-02-27
ethereum progpow set for july amid heavy opposition,2020-02-25
ethereum and xrp lagged behind bitcoin during recent rally,2020-02-10
ethereum 20 phase 0 ‘certainly’ coming this year deadline unknown,2020-02-06
ethereum and ethereum classic meet in the top 10 club again,2020-01-30
over million usd bets placed on ethereum reaching usd 600 by march,2020-01-29
ethereum was the ‘most relevant benchmark’ for crypto in 2019,2020-01-23
ethereum officially starts the one million developer challenge,2020-01-21
ethereum advocates step up marketing drive over rival domination fears,2020-01-20
will ethereum reach serenity this year,2020-01-13
ethereum’s muir glacier upgrade is live eth rises almost 4 in a week,2020-01-02
unexpected ethereum muir glacier upgrade finds 74 of clients ready,2019-12-31
plustoken ponzi scheme moves usd 100 million worth of ethereum,2019-12-19
report ethereum has pulled ahead of eos and tron in blockchain gaming,2019-12-18
read messari ceo ryan selkis’ 19 bitcoin ethereum forecasts for 2020,2019-12-17
new ethereum hard fork coming in january to delay ice age,2019-12-17
ethereum foundation usd 100 million deal raises transparency questions,2019-12-16
man using a tv studio’s electricity to mine ethereum has the last laugh,2019-12-13
new ethereum scaling solution is not new says btc dev eth camp fights back,2019-12-11
ethereum price unmoved by ‘missing link to mass adoption’,2019-12-10
constantinople beat istanbul as ethereum price drops ahead of the upgrade,2019-12-04
ethereum developer facing up to 20 years in prison gets top lawyer,2019-12-03
how one ethereum developer created a dilemma for the whole cryptoverse,2019-12-02
‘insane’ number of transfers on ethereum and eth dapp ‘secret’ volume,2019-11-20
with ethereum staking activity volume ‘will more than double’,2019-10-29
wannabe ‘killers’ keep coming for ethereum how might it end,2019-10-24
ethereumbased cryptogames fall under ‘gambling’ – study,2019-10-23
back in red ethereum price below usd 180 and continues to drop,2019-10-16
ethereum price fails to keep usd 190 trims weekly gains,2019-10-11
ethereum is not a security – new cftc chief heath tarbert,2019-10-10
ethereum looks for 1 million devs while ether price surpasses usd 190,2019-10-10
ethereum price climbs over usd 180 while the eth 20 drama develops,2019-10-09
defi boosted ethereum dapps despite market slump,2019-10-08
turn your old smartphone into ethereum hardware wallet,2019-10-03
ethereum price falls below usd 180 again,2019-10-02
coin race ethereum price ends losing streak bitcoin price drops more,2019-10-01
ethereum price erased all its gains in september,2019-09-25
ether is regular weekend price winner vs bitcoin 6 more crypto news,2019-09-23
ether hit usd 200 on its way to surpass btc in daily transaction fees,2019-09-17
bitpay to start supporting ethereum,2019-09-16
ethereum outperforms bitcoin altcoins showing positive signs,2019-09-16
check out these 10 ethboston projects picked by an investor,2019-09-12
vitalik buterin on the five biggest misconceptions in crypto,2019-09-05
ether is shariahcompliant until it’s used for profit – scholars,2019-08-29
check these 14 ethereum projects picked by an investor,2019-08-27
tether paid usd 267k in ethereum fees last month updated,2019-08-27
mysterious project accused of increasing ethereum gas price,2019-07-26
another ethereum proposal met with a wave of criticism,2019-07-23
buterin’s ‘ethereumbitcoin cash’ scalability solution draws criticism,2019-07-15
kakao’s klaytn sacrifices decentralization to beat ethereum on speed,2019-07-09
ether rallied as cme signals deeper involvement,2019-07-08
ethereum classic to accelerate ‘greater collaboration’ with ethereum,2019-06-10
this usd 100m fund goes long on ether plans bitcoin filecoin funds,2019-06-06
what kyc first trustless otc service on ethereum hits the market,2019-06-03
unusual crypto adoption stay healthy or lose your ether,2019-05-31
grayscale just brought more good news for ethereum investors,2019-05-23
will the real buterin please stand up – bot mimics ethereum founder,2019-05-23
ether fluctuates despite ethereum foundation ‘refines its focus’,2019-05-22
think tank warns of ethereum security risks,2019-05-17
ether whales increasing their share again,2019-05-16
french giant socgen chose ethereum for its digital token experiment,2019-05-09
tron and eos fake it ’till they make it says lubin,2019-05-07
elon musk ‘ethereum’ and ‘jk’ what could possibly go wrong,2019-04-30
surprise vitalik buterin tried to be an intern at ripple,2019-04-19
attendees say roubini vs buterin 2019 ‘ended in a draw’,2019-04-04
buterin tells s korea separating blockchain crypto ‘is difficult’,2019-04-04
sec chairman clarifies his position on crypto not everyone convinced,2019-03-12
new research reveals ethereum’s chicken or the egg problem,2019-03-08
a new hope to unfreeze usd 64 million in ether arises,2019-03-05
ether remained stable after reaching constantinople,2019-03-01
block by block ethereum approaches constantinople upgrade,2019-02-26
something new for the cryptoverse coming from mew,2019-02-21
buterin discloses another 8 tokens in his crypto portfolio,2019-02-20
ethereum ‘hard fork won’t happen this week’ eth drops,2019-01-16
ethereum constantinople upgrade what is it all about,2019-01-15
history suggests ethereum might drop after the imminent hard fork,2019-01-07
ethereum overtakes xrp following impressive rally,2019-01-03
christmas fights vitalik buterin vs proof of work camp,2018-12-27
vitalik does give eth – but who receives it,2018-12-20
good news major stock exchange operator to offer btc eth in 2019,2018-12-14
a new wave of attacks on ethereum mining rigs,2018-12-11
buterin “lost” usd 460 million community offers “help”,2018-11-26
sony just approved ethereumbased ps4 game,2018-11-20
take a look at this utopian blockchain city in nevada,2018-11-08
ethereum’s technology “underrated” exgoogle ceo,2018-11-08
google ceo learns about ethereum from 11yo son,2018-11-05
“i’m not leaving” says vitalik buterin,2018-11-05
bitcoin and ethereum see fresh wave of buying,2018-11-01
bitcoin and ethereum downside break could gain pace,2018-10-30
bitcoin and ethereum stuck in a tiny range,2018-10-29
bitcoin and ethereum moving lower within range,2018-10-18
bitcoin and ethereum consolidate while ripple gains,2018-10-17
ethereum’s important upgrade may be delayed,2018-10-15
in a fight with dr doom vitalik reveals his eth holdings,2018-10-11
bitcoin and ethereum respond to key resistances,2018-10-10
bitcoin and ethereum approaching crucial break,2018-10-08
bitcoin and ethereum struggling near crucial resistances,2018-10-05
myetherwallet launches a new type of a crypto wallet,2018-10-03
ether set for strong rally tom lee,2018-09-28
ethereum platform is top choice for big business – survey,2018-09-17
bitcoin and ethereum buyers facing uphill task,2018-09-14
ethereum is the most profitable ico – research,2018-09-13
buterin eth will be worthless unless protocol changes,2018-09-04
how will futures affect ethereum the community try to guess,2018-09-04
ether firesale sale risk comes from small icos – research,2018-08-24
ceo of the largest exchange calls ether a shitcoin community stunned,2018-08-15
“tradertypes” leaving ethereum developers remain lubin,2018-08-15
ethereum price tumbling splitting crypto community,2018-08-14
wikipedia rival ditches ethereum for eos,2018-08-10
bitcoin and ethereum trading near makeorbreak levels,2018-08-10
binance buys wallet in first public acquisition,2018-08-01
vitalik has an idea how to help crypto adoption,2018-07-30
how’s ethereum doing in the shadow of bitcoin,2018-07-26
bitcoin and ethereum struggle to break key resistances,2018-07-22
“cryptoeconomics is just economics” says vitalik,2018-07-20
ethereum fees higher than bitcoin fees – for the first time since 2015,2018-07-19
ethereum network congestion who’s to blame,2018-07-05
ethereum cofounder lauds qtum and vechain welcomes sec ruling,2018-06-22
ethereum jumps on sec director remarks,2018-06-15
usd 20 million stolen from ethereum clients – what should i do,2018-06-11
ethereum is one step closer to a major change,2018-05-09
ethereum sharding news wins over sec scrutiny,2018-05-02
ethereum to the moon usd 2500 in 2018 analyst says,2018-04-30
japanese release pigthemed ethereum blockchain game,2018-04-30
a number of exchanges suspend erc20 tokens as bug chaos strikes,2018-04-26
ripple ether in current violation of the law – expert,2018-04-24
crypto pens is the new way to cash in on the crypto craze,2018-04-13
“airbnb for computers” announces the big step,2018-04-11
bitcoin and ethereum holding key supports,2018-04-11
ethereum mining rig trading cards are a thing,2018-04-10
bitcoin and ethereum drives cryptocurrency market higher,2018-02-19
bitcoin and ethereum retreat from crucial levels,2018-02-15
bitcoin ethereum and litecoin nosedive amid market fear,2018-01-31
morning news robinhood’s merry million central ethereum hub,2018-01-30
bitcoin and ethereum recovers more gains likely,2018-01-24
bitcoin ethereum and ripple back in red facing negative sentiment,2018-01-22
bitcoin ethereum and ripple recovery face hurdles,2018-01-18
