candle_begin_time,open,high,low,close,volume,SMA,EMA,BB_MID,BB_UPPER,BB_LOWER,RSI,CCI,VADER_Compound,TextBlob_Polarity,FinBERT_Label,CryptoBERT_Label
2020/1/1,7195.24,7255,7175.15,7200.85,16792.38817,,,,,,,,,,,
2020/1/2,7200.77,7212.5,6924.74,6965.71,31951.48393,,,,,,,,,,,
2020/1/3,6965.49,7405,6871.04,7344.96,68428.50045,,,,,,,,,,,
2020/1/4,7345,7404,7272.21,7354.11,29987.97498,,,,,,,,,,,
2020/1/5,7354.19,7495,7318,7358.75,38331.0856,,,,,,,,,,,
2020/1/6,7357.64,7795.34,7346.76,7758,54635.69532,,,,,,,,,,,
2020/1/7,7758.9,8207.68,7723.71,8145.28,91171.68466,,,,,,,,,,,
2020/1/8,8145.92,8455,7870,8055.98,112622.6426,,,,,,,,,,,
2020/1/9,8054.72,8055.96,7750,7817.76,64239.51983,,,,,,,,,,,
2020/1/10,7817.74,8199,7672,8197.02,82406.77745,7994.808,7937.814836,7994.808,8346.600612,7643.015388,74.16794668,39.25298851,0,0,-0.5,-1
2020/1/11,8198.86,8286.34,8003.16,8020.01,54810.03267,8047.21,7965.213224,8047.21,8308.781889,7785.638111,61.85669119,71.58450542,0,0,0,0
2020/1/12,8020.01,8197,7960,8184.98,38131.49434,8055.15,8038.468816,8055.15,8330.209916,7780.090084,68.03748455,54.94884694,0,0,0,0
2020/1/13,8184.97,8196,8055.89,8110.34,31159.75568,8066.022,8062.425877,8066.022,8344.62809,7787.41591,62.32572557,62.42138684,0,0.25,-0.5,-1
2020/1/14,8110.34,8880,8105.54,8810.01,120399.1267,8264.472,8311.620585,8264.472,8824.471145,7704.472855,81.00787453,166.6666667,-0.085,0.136590909,-0.25,-0.5
2020/1/15,8814.64,8916.48,8564,8821.41,84816.29761,8389.35,8481.55039,8389.35,9093.427491,7685.272509,81.19776926,103.8864231,0.242033333,0.166666667,0.333333333,-1
2020/1/16,8820.01,8859.81,8586,8720.01,51991.07428,8529.35,8561.036927,8529.35,9158.368532,7900.331468,73.07420588,61.80255409,0,0,0,-1
2020/1/17,8720.15,9041.65,8672.44,8913.28,70897.73738,8675.01,8678.451284,8675.01,9252.804262,8097.215738,78.25694689,83.88580616,0.091066667,0.022727273,0,-1
2020/1/18,8913.27,8988.88,8806.38,8915.96,38294.74655,8836.134,8757.620856,8836.134,8982.305785,8689.962215,78.32924806,93.34623009,0,0,0,0
2020/1/19,8915.09,9198.98,8466,8701.7,70676.88926,8814.472,8738.980571,8814.472,8997.232093,8631.711907,58.79213629,-24.11457512,0,0,0,0
2020/1/20,8701.72,8746.99,8521.28,8642.35,38896.63975,8778.66,8706.770381,8778.66,9006.549297,8550.770703,54.1183328,-116.7586649,0.0164,0,0.666666667,-1
2020/1/21,8642.35,8789,8488,8736.03,36494.68766,8781.864,8716.523587,8781.864,9006.796134,8556.931866,60.33917423,-71.60925635,0.1806,-0.077777778,-0.5,0
2020/1/22,8736.04,8818,8590,8682.36,29080.55714,8735.68,8705.135725,8735.68,8925.857081,8545.502919,54.99895479,-33.27999052,0.17,0,1,-1
2020/1/23,8682.77,8691.81,8306.39,8404.52,48165.9446,8633.392,8604.930483,8633.392,8870.138354,8396.645646,34.97087163,-153.8721784,0.0228,0.025,-0.25,0.5
2020/1/24,8404.52,8528.02,8238,8439,41687.52953,8580.852,8549.620322,8580.852,8848.255895,8313.448105,38.44791584,-102.9240392,-0.146875,0,0,0
2020/1/25,8438.99,8451.26,8254.9,8340.58,25521.15793,8520.498,8479.940215,8520.498,8836.873293,8204.122707,32.28806239,-84.11864329,0,0,0,0
2020/1/26,8340.01,8618.13,8293.66,8615,31130.48516,8496.292,8524.960143,8496.292,8756.543555,8236.040445,56.55015374,17.04639016,0,0,0,0
2020/1/27,8614.39,9000,8535,8907.57,53973.543,8541.334,8652.496762,8541.334,8950.281893,8132.386107,70.59261958,166.3002922,0.106066667,0.1,0.333333333,-1
2020/1/28,8907.57,9400,8862.4,9374.21,74584.85377,8735.272,8893.067841,8735.272,9481.436912,7989.107088,82.11603354,129.9153718,-0.19264,0,0,-0.6
2020/1/29,9375.34,9449.24,9216,9301.53,53864.06512,8907.778,9029.221894,8907.778,9697.73092,8117.82508,76.2954512,94.09928361,0.58315,0.15,0.5,-1
2020/1/30,9301.57,9578,9204.44,9513.21,60626.74426,9142.304,9190.551263,9142.304,9805.54099,8479.06701,81.15779017,78.63568035,0.1591,0.075,0,-1
2020/1/31,9511.52,9530.22,9210.01,9352.89,45552.02235,9289.882,9244.664175,9289.882,9697.072134,8882.691866,67.96041785,52.28669322,0.24915,0,1,-1
2020/2/1,9351.71,9464.53,9281,9384.61,28578.06735,9385.29,9291.312783,9385.29,9525.439214,9245.140786,69.19914461,39.53365534,0,0,0,0
2020/2/2,9384.41,9477.03,9120,9331.51,45690.91254,9376.75,9304.711856,9376.75,9523.602625,9229.897375,64.0198051,-95.11622001,0,0,0,0
2020/2/3,9331.59,9618.79,9234,9292.24,50892.13345,9374.892,9300.55457,9374.892,9525.686556,9224.097444,59.87686101,20.53727887,0,0.068181818,0.5,-1
2020/2/4,9291.35,9350,9093.01,9197.02,53308.17527,9311.654,9266.043047,9311.654,9441.068385,9182.239615,50.05829495,-142.5259454,0.162575,0.214299242,0.25,-1
2020/2/5,9197.02,9744.45,9177.22,9612.04,64870.41562,9363.484,9381.375365,9363.484,9640.662211,9086.305789,73.62309442,131.1275562,-0.090975,0.1,0,-0.5
2020/2/6,9612.03,9862.57,9526.35,9772,64949.70659,9440.962,9511.583576,9440.962,9872.20162,9009.72238,78.50867295,129.5330544,0,0.25,0.333333333,-1
2020/2/7,9772,9885,9730,9813.73,43966.11463,9537.406,9612.299051,9537.406,10037.74871,9037.063295,79.73281705,98.98065974,-0.0683,0.125,0,-0.5
2020/2/8,9813.87,9940,9667.11,9895.05,43600.84367,9657.968,9706.549367,9657.968,10154.3996,9161.536404,82.20223089,70.58819691,0,0,0,0
2020/2/9,9895.04,10166,9880.75,10151.75,43408.47562,9848.914,9854.949578,9848.914,10203.42904,9494.398959,87.98074835,134.2534173,0,0,0,0
2020/2/10,10151.72,10188,9756,9851.83,59573.08462,9896.872,9853.909719,9896.872,10164.45452,9629.289482,59.68126739,39.17359983,0.21075,0.125,0,0
2020/2/11,9851.74,10323.59,9700,10223.08,62422.39522,9987.088,9976.966479,9987.088,10321.30292,9652.873082,73.07944798,88.50347023,0,0.177373737,0.333333333,-1
2020/2/12,10223.08,10450,10223.08,10326.46,61008.06393,10089.634,10093.46432,10089.634,10460.7582,9718.509803,75.8704967,141.9625192,-0.1782,0.045454545,0.333333333,-0.333333333
2020/2/13,10325.33,10500,10080,10229.63,79344.35876,10156.55,10138.85288,10156.55,10480.91233,9832.187667,67.65781754,67.33312978,0.0722,0.4,0.5,0
2020/2/14,10227.78,10381.56,10111.37,10344.36,47038.48017,10195.072,10207.35525,10195.072,10552.10812,9838.035881,72.12650899,48.31778765,0.317566667,0.145833333,0.333333333,-1
2020/2/15,10344.36,10375,9801,9904.72,57657.20295,10205.65,10106.47684,10205.65,10522.22319,9889.07681,43.40206392,-99.37365888,0,0,0,0
2020/2/16,9904.46,10050,9638.12,9917.27,60023.99954,10144.488,10043.40789,10144.488,10533.77298,9755.203016,44.19508679,-115.1003247,0,0,0,0
2020/2/17,9910.7,9964.16,9452.67,9706,70261.0119,10020.396,9930.938594,10020.396,10486.52242,9554.269585,34.13164647,-110.1959429,0.1389,0.145833333,-0.333333333,-0.333333333
2020/2/18,9706,10250,9576.01,10164.71,70604.12402,10007.412,10008.8624,10007.412,10452.65084,9562.173155,59.290063,9.369230223,0.142866667,0.4,0,-0.333333333
2020/2/19,10164.78,10250,9350,9593.79,55162.5869,9857.298,9870.50493,9857.298,10249.90485,9464.691148,37.19043971,-76.61943473,0.3182,0.15,0,-1
2020/2/20,9594.65,9699,9400,9596.42,60152.34291,9795.638,9779.143287,9795.638,10233.3355,9357.940495,37.32496009,-109.5328051,-0.133366667,0.183333333,0,0.333333333
2020/2/21,9597.21,9755.51,9550.21,9677.05,42181.55452,9747.594,9745.112191,9747.594,10173.92863,9321.259368,42.07886325,-45.01264679,0.3327,0.1875,0.333333333,-1
2020/2/22,9677.05,9709.17,9560.02,9650.86,24636.75762,9736.566,9713.694794,9736.566,10169.43628,9303.695724,40.82168884,-45.23320442,0,0,0,0
2020/2/23,9650.85,9990,9645,9936.4,37702.08984,9690.904,9787.929863,9690.904,9944.552728,9437.255272,57.94508099,134.1022687,0,0,0,0
2020/2/24,9936.4,9990,9473.56,9656.13,55796.59612,9703.372,9743.996575,9703.372,9942.408304,9464.335696,42.76341875,17.90884979,0.326825,0.128409091,0,0
2020/2/25,9655.52,9675,9250,9315.84,54379.34455,9647.256,9601.277717,9647.256,10041.63677,9252.875233,30.59697147,-156.5546802,0.05158,-0.02,-0.4,-0.2
2020/2/26,9316.48,9377.44,8633.63,8785.25,92130.34548,9468.896,9329.268478,9468.896,10257.57867,8680.213326,19.68268111,-142.8620881,-0.238075,0.09375,0.25,0.5
2020/2/27,8786,8971.77,8531,8823.21,72483.57876,9303.366,9160.582319,9303.366,10208.60588,8398.126116,22.1656181,-96.85168477,-0.0098,-0.258333333,0.5,-1
2020/2/28,8823.25,8900,8445,8692.91,71155.20898,9054.668,9004.691546,9054.668,9796.015458,8313.320542,19.56981661,-76.67940541,-0.3182,0,-1,1
2020/2/29,8690.8,8790,8523.55,8523.61,36748.18304,8828.164,8844.33103,8828.164,9357.873972,8298.454028,16.44243838,-77.54876543,0,0,0,0
2020/3/1,8523.61,8750,8411,8531.88,43892.20178,8671.372,8740.180687,8671.372,8920.816967,8421.927033,17.24989789,-87.68021744,0,0,0,0
2020/3/2,8530.3,8965.75,8498,8915.24,60401.31773,8697.37,8798.533791,8697.37,9008.371494,8386.368506,46.95323316,90.74770925,0,0.05,0,-1
2020/3/3,8911.18,8919.65,8651,8760.07,55154.99728,8684.742,8785.712528,8684.742,8978.953712,8390.530288,39.73654753,76.61400338,0.4478,-0.0125,1,-1
2020/3/4,8760.07,8848.29,8660,8750.87,38696.48258,8696.334,8774.098352,8696.334,8995.446003,8397.221997,39.28900594,39.67445528,0.0913,0,0.333333333,-1
2020/3/5,8750.99,9159.42,8746.54,9054.68,58201.86636,8802.548,8867.625568,8802.548,9153.553635,8451.542365,58.55646111,152.1374168,0.124483333,0.166666667,0.5,-0.666666667
2020/3/6,9054.64,9170,8985.5,9131.88,43782.94804,8922.548,8955.710379,8922.548,9228.756549,8616.339451,62.35160883,111.6588852,0.21075,0.05,0.5,0
2020/3/7,9130.89,9188,8835,8886.66,45422.20453,8916.832,8932.693586,8916.832,9224.436646,8609.227354,45.72582858,29.35875212,0,0,0,0
2020/3/8,8885.25,8886.76,8000,8033.31,77537.31517,8771.48,8632.899057,8771.48,9555.661894,7987.298106,21.17047238,-146.8985126,-0.7906,0,-1,1
2020/3/9,8034.76,8179.31,7632.01,7929.87,116968.8633,8607.28,8398.556038,8607.28,9643.330568,7571.229432,19.57748313,-113.4100314,-0.4175,-0.087878788,-0.333333333,0.333333333
2020/3/10,7929.87,8149,7728.01,7894.56,86783.44388,8375.256,8230.557359,8375.256,9426.11406,7324.39794,18.96846027,-73.07774617,-0.216133333,0.166666667,-1,-0.333333333
2020/3/11,7894.57,7980,7590,7934.52,79942.41117,8135.784,8131.878239,8135.784,8892.308939,7379.259061,22.38404841,-65.95511483,-0.3454,0.025,0.5,0
2020/3/12,7934.58,7966.17,4410,4800,261505.6087,7318.452,7021.252159,7318.452,9838.593998,4798.310002,4.360799312,-166.6666667,-0.10712,0.046343434,0,-0.2
2020/3/13,4800.01,5955,3782.13,5578.6,402201.6738,6827.51,6540.368106,6827.51,9547.780193,4107.239807,23.48891454,-100.7301728,-0.1808,-0.125,-0.5,-0.5
2020/3/14,5576.05,5640.52,5055.13,5172.06,136910.136,6275.948,6084.265404,6275.948,8996.837757,3555.058243,20.77676812,-60.21389647,0,0,0,0
2020/3/15,5172.48,5940,5093.1,5361.3,139916.1465,5769.296,5843.276936,5769.296,7994.109924,3544.482076,25.76426746,-35.80346138,0,0,0,0
2020/3/16,5360.33,5365.42,4442.12,5028.97,227276.9228,5188.186,5571.841291,5188.186,5723.864785,4652.507215,22.63604604,-103.93774,-0.11468,0.065,-0.4,0.2
2020/3/17,5028.86,5525,4921.45,5312.64,150089.9263,5290.714,5485.440861,5290.714,5660.503319,4920.924681,31.50897902,18.55966209,-0.1962,0.0625,-0.5,0
2020/3/18,5312.64,5436.17,5009.37,5393.04,137127.6349,5253.602,5454.640574,5253.602,5524.357881,4982.846119,34.18332229,18.33697407,-0.032866667,0,0,0.333333333
2020/3/19,5393.26,6400,5252.53,6162.37,199020.8734,5451.664,5690.550382,5451.664,6207.813898,4695.514102,55.13628295,143.979122,-0.13975,0.038888889,-0.666666667,-0.666666667
2020/3/20,6162.05,6900,5670,6208.36,219298.3295,5621.076,5863.153588,5621.076,6574.228407,4667.923593,56.1787327,107.0712375,0.258733333,0.141666667,0.333333333,-0.666666667
2020/3/21,6204.57,6456.98,5860.02,6186.98,128913.6684,5852.678,5971.095726,5852.678,6671.010343,5034.345657,55.43028528,63.03500034,0,0,0,0
2020/3/22,6187.04,6407.87,5734.01,5816.19,119115.9905,5953.388,5919.460484,5953.388,6583.348375,5323.427625,43.00872283,15.40152088,0,0,0,0
2020/3/23,5816.05,6600,5688,6467.31,164674.2158,6168.242,6102.076989,6168.242,6583.334593,5753.149407,61.79939715,68.88732842,0.061975,0.1578125,0.5,-0.5
2020/3/24,6465.25,6833,6371.33,6744.72,151138.0099,6284.712,6316.291326,6284.712,6904.288259,5665.135741,67.50522428,166.6666667,0,0.1,0,1
2020/3/25,6744.69,6957.96,6450,6677.43,132155.735,6378.526,6436.670884,6378.526,7062.184331,5694.867669,64.58047878,89.20888236,0.0276,0.166666667,0.333333333,-0.333333333
2020/3/26,6677.42,6780,6510,6737.36,83026.55521,6488.602,6536.900589,6488.602,7190.442001,5786.761999,66.2102958,56.11982219,-0.0165,0.025,-0.5,-0.5
2020/3/27,6737.27,6842.59,6261,6359.11,82914.96835,6597.186,6477.63706,6597.186,6908.829499,6285.542501,48.57586701,-29.44503255,-0.251125,-0.03125,-0.5,0
2020/3/28,6359.11,6360,6024,6236.65,93159.69343,6551.054,6397.30804,6551.054,6974.260534,6127.847466,43.84951569,-143.0679345,0,0,0,0
2020/3/29,6236.65,6266,5866.56,5881.42,63311.62771,6378.394,6225.34536,6378.394,7001.75618,5755.03182,32.41384998,-110.6696471,0,0,0,0
2020/3/30,5880.5,6599,5857.76,6394.38,118889.55,6321.784,6281.69024,6321.784,6873.533995,5770.034005,54.04614096,-16.00579127,0.0448,0.106060606,-0.2,-0.6
2020/3/31,6394.45,6523.23,6321.4,6410.44,72337.59526,6256.4,6324.606827,6256.4,6650.675243,5862.124757,54.61464376,65.97368835,0,0,0.5,-1
2020/4/1,6412.14,6679.94,6150.11,6642.92,97500.7524,6313.162,6430.711218,6313.162,6816.792779,5809.531221,62.91597208,99.94791736,0.197566667,0.116666667,0,-0.333333333
2020/4/2,6643.36,7198,6551,6794.09,149299.9069,6424.65,6551.837478,6424.65,7044.549822,5804.750178,67.71566754,137.9825257,0.17975,0.1125,0.75,-1
2020/4/3,6793.86,7048,6602.1,6734.1,104080.2769,6595.186,6612.591652,6595.186,6924.539997,6265.832003,63.63045131,74.64912269,0.07224,0.047272727,0.2,-1
2020/4/4,6732.97,6990.41,6650.01,6856.99,72990.86114,6687.708,6694.057768,6687.708,6998.846878,6376.569122,68.4970429,58.36989094,0,0,0,0
2020/4/5,6857.41,6895.54,6677.52,6772.78,49685.35698,6760.176,6720.298512,6760.176,6901.910676,6618.441324,61.45350606,20.87018025,0,0,0,0
2020/4/6,6772.78,7355.14,6765,7329.9,118052.0008,6897.572,6923.499008,6897.572,7337.170963,6457.973037,79.16835887,166.6666667,0.21075,-0.125,0.5,0
2020/4/7,7329.9,7459.69,7077,7197.32,103585.1689,6978.218,7014.772672,6978.218,7458.368404,6498.067596,69.64708826,100.0046967,-0.172675,-0.0225,0,0
2020/4/8,7197.32,7420,7150,7361.28,76059.14584,7103.654,7130.275115,7103.654,7590.811027,6616.496973,74.40547973,80.02993586,-0.019633333,0.1,-0.666666667,0.333333333
2020/4/9,7360.26,7371.92,7108.08,7283.54,61094.87242,7188.964,7181.36341,7188.964,7619.572244,6758.355756,68.07996631,48.31186429,0,0.044848485,0.2,-0.2
2020/4/10,7283.54,7295.75,6739.98,6858.92,104674.6234,7206.192,7073.882273,7206.192,7570.626054,6841.757946,43.07661033,-143.8556435,0.135433333,0.053333333,0,-0.333333333
2020/4/11,6858.92,6944.3,6760,6876.83,45470.29321,7115.578,7008.198182,7115.578,7533.320885,6697.835115,44.15790931,-103.6485483,0,0,0,0
2020/4/12,6876.84,7177,6780,6903.79,73868.6665,7056.872,6973.395455,7056.872,7494.206497,6619.537503,46.08498634,-44.9059892,0,0,0,0
2020/4/13,6903.79,6903.79,6575,6837.91,96415.47657,6952.198,6928.233637,6952.198,7286.352124,6618.043876,41.69040749,-105.9419727,-0.233025,-0.1,-0.5,0
2020/4/14,6838.04,6978,6754.28,6868.7,69068.62329,6869.23,6908.389091,6869.23,6912.493592,6825.966408,44.76735274,-18.31812639,-0.221333333,-0.125,-0.666666667,0.333333333
2020/4/15,6868.57,6933,6605,6621.24,61571.38499,6821.694,6812.672727,6821.694,7026.504274,6616.883726,29.25715843,-108.0168649,0.1204,0.033333333,-0.333333333,-1
2020/4/16,6621.25,7190,6468.27,7101.94,125009.8575,6866.716,6909.095152,6866.716,7173.697433,6559.734567,61.5793039,60.95705107,0.00645,0.204545455,0.25,-0.5
2020/4/17,7101.99,7148.12,6972.98,7027.55,54126.50976,6891.468,6948.580101,6891.468,7225.206564,6557.729436,56.5787144,127.9499572,-0.00325,-0.008333333,0.25,-0.5
2020/4/18,7026.78,7293.08,7014.4,7248.6,49488.54282,6973.606,7048.586734,6973.606,7402.715159,6544.496841,66.6408004,116.7950833,0,0,0,0
2020/4/19,7248.6,7266.15,7055.6,7120.74,45664.86393,7024.014,7072.637823,7024.014,7451.197006,6596.830994,57.07756251,64.59974459,0,0,0,0
2020/4/20,7121.4,7220,6751,6826.83,90149.49137,7065.132,6990.701882,7065.132,7342.704096,6787.559904,40.41349977,-79.00360557,0.072466667,0.109090909,0,-1
2020/4/21,6828.98,6940,6762,6841.37,60109.71081,7013.018,6940.924588,7013.018,7337.293308,6688.742692,41.47020184,-108.1586604,0.111225,0.04,-0.25,-1
2020/4/22,6841.36,7156.38,6818,7125.14,61486.37733,7032.536,7002.329725,7032.536,7369.461507,6695.610493,59.14521355,2.329094549,-0.164633333,0,0,-1
2020/4/23,7125.12,7738,7020,7482.39,102773.5696,7079.294,7162.349817,7079.294,7558.169276,6600.418724,72.30604724,137.2408332,0.07955,0.2,0,-1
2020/4/24,7483.96,7615.96,7388,7505,60182.11994,7156.146,7276.566545,7156.146,7747.164505,6565.127495,72.99427878,95.28046967,0.13164,0.14,0.2,-0.2
2020/4/25,7505,7705,7431.07,7538.67,43874.42773,7298.514,7363.934363,7298.514,7844.891845,6752.136155,74.18831776,72.36110117,0,0,0,0
2020/4/26,7539.03,7700,7480,7693.1,50522.61621,7468.86,7473.656242,7468.86,7842.800757,7094.919243,79.40815108,81.19607628,0,0,0,0
2020/4/27,7693.1,7792.02,7606,7774.62,65441.33958,7598.756,7573.977495,7598.756,7828.138646,7369.373354,81.83241569,121.2800696,0.304275,0.153409091,-0.25,-1
2020/4/28,7773.51,7780,7659.12,7738.98,46302.75264,7650.074,7628.97833,7650.074,7866.821847,7433.326153,76.88573383,84.10750624,0.010175,0,0,-1
2020/4/29,7738.58,8952.89,7710.05,8778.57,183546.8875,7904.788,8012.175553,7904.788,8793.285691,7016.290309,92.78594016,166.6666667,-0.028066667,0.011363636,0.166666667,-1
2020/4/30,8778.58,9460,8401,8620,206277.2141,8121.054,8214.783702,8121.054,9072.018178,7170.089822,82.0274614,108.3405264,0.1928,0.143809524,0.2,-0.2
2020/5/1,8620,9059.18,8613.56,8826.96,91468.81506,8347.826,8418.842468,8347.826,9322.894014,7372.757986,84.88643981,72.36832245,-0.045375,0.124350649,-0.25,-0.5
2020/5/2,8825.67,9010,8753,8972.05,59002.08755,8587.312,8603.244979,8587.312,9464.931418,7709.692582,86.73550884,65.57159842,0,0,0,0
2020/5/3,8972.58,9200,8712,8894.16,90126.06564,8818.348,8700.216652,8818.348,9055.616033,8581.079967,80.15483586,72.45011603,0,0,0,0
2020/5/4,8894.15,8950,8522,8871.96,84418.51233,8837.026,8757.464435,8837.026,9073.530153,8600.521847,78.0452314,-96.7485687,-0.030183333,0.166666667,0,-0.333333333
2020/5/5,8871.92,9118.58,8760,9021.83,76480.76534,8917.392,8845.58629,8917.392,9057.895472,8776.888528,82.03516963,86.21283362,0.1772,0.05,0,-1
2020/5/6,9021.36,9395,8906.21,9142.92,105925.3024,8980.584,8944.697527,8980.584,9175.304969,8785.863031,84.82115927,152.7573484,0.09534,-0.066666667,0.2,-0.6
2020/5/7,9143.4,10067,9021,9986.4,147154.6114,9183.454,9291.931684,9183.454,10009.62935,8357.278652,93.54176579,155.1802857,0.055528571,0.142857143,-0.142857143,-0.428571429
2020/5/8,9986.3,10035.96,9705,9800.01,100683.7964,9364.624,9461.291123,9364.624,10252.56299,8476.685007,80.73020671,96.76914014,0.09692,0.117272727,0.4,-1
2020/5/9,9800.02,9914.25,9520,9539.4,81950.67957,9498.112,9487.327415,9498.112,10237.99208,8758.231916,65.13794969,40.27487521,0,0,0,0
2020/5/10,9539.1,9574.83,8117,8722.77,183865.182,9438.3,9232.474944,9438.3,10350.7479,8525.852097,37.08364158,-114.8710163,0.34,0,0,1
2020/5/11,8722.77,9168,8200,8561.52,168807.2518,9322.02,9008.823296,9322.02,10472.52949,8171.510512,33.52029759,-94.47188899,-0.02455,0.166666667,-0.166666667,-0.333333333
2020/5/12,8562.04,8978.26,8528.78,8810.79,86522.78007,9086.898,8942.812197,9086.898,10065.93167,8107.864331,43.93096879,-51.11079644,0.2159,0.1475,0.4,-0.6
2020/5/13,8810.99,9398,8792.99,9309.37,92466.27402,8988.77,9064.998131,8988.77,9732.250033,8245.289967,59.70690506,32.59236483,0.009325,0.279545455,0.5,0
2020/5/14,9309.35,9939,9256.76,9791.98,129565.3775,9039.286,9307.325421,9039.286,9942.678174,8135.893826,69.94044896,134.381212,0.11672,0.1,0.6,-0.2
2020/5/15,9791.97,9845.62,9150,9316.42,115890.7615,9158.016,9310.356947,9158.016,10018.84518,8297.186824,53.27438952,58.49314667,0.07915,0.025,-0.75,-0.5
2020/5/16,9315.96,9588,9220,9381.27,59587.62786,9321.966,9333.994632,9321.966,9945.453254,8698.478746,55.09821303,28.68526691,0,0,0,0
2020/5/17,9380.81,9888,9322.1,9680.04,68647.76432,9495.816,9449.343088,9495.816,9897.529748,9094.102252,63.33900722,76.11050921,0,0,0,0
2020/5/18,9681.11,9950,9464.23,9733.93,82006.60358,9580.728,9544.205392,9580.728,9968.133055,9193.322945,64.79574637,81.11173408,-0.099683333,0.225,0.333333333,-0.666666667
2020/5/19,9733.93,9897.21,9474,9775.53,78539.76045,9577.438,9621.313595,9577.438,9957.826893,9197.049107,66.095699,70.1221705,0.033,-0.233333333,-0.333333333,-1
2020/5/20,9775.13,9842,9326,9511.43,74923.73809,9616.44,9584.68573,9616.44,9912.400156,9320.479844,51.11676705,-29.07339217,0.010316667,0.122222222,-0.333333333,-0.333333333
2020/5/21,9511.43,9578.47,8815,9068.65,108928.781,9553.916,9412.67382,9553.916,10071.38153,9036.450469,34.6568834,-166.6666667,-0.19745,0.13125,0.25,-0.5
2020/5/22,9067.51,9271,8933.52,9170,58943.13102,9451.908,9331.782547,9451.908,10027.52544,8876.290564,40.16919778,-87.20037491,0.03802,0.22,-0.2,-0.6
2020/5/23,9170,9307.85,9070,9179.15,43526.29697,9340.952,9280.905031,9340.952,9868.189054,8813.714946,40.73342151,-46.69093634,0,0,0,0
2020/5/24,9179.01,9298,8700,8720.34,70379.86645,9129.914,9094.050021,9129.914,9636.739152,8623.088848,25.60106983,-124.8633841,0,0,0,0
2020/5/25,8718.14,8979.66,8642.72,8900.35,62833.91095,9007.698,9029.483347,9007.698,9358.184618,8657.211382,37.06696532,-99.4279305,0.041233333,0,-0.333333333,-0.333333333
2020/5/26,8900.35,9017.67,8700,8841.18,58299.77014,8962.204,8966.715565,8962.204,9327.953275,8596.454725,34.85957885,-62.1525318,-0.200425,0.0875,-0.25,0.5
2020/5/27,8841,9225,8811.73,9204.07,68910.35551,8969.018,9045.83371,8969.018,9350.911699,8587.124301,55.27715585,55.84854124,0.06234,0.104816017,-0.4,-0.2
2020/5/28,9204.07,9625.47,9110,9575.89,74110.78766,9048.366,9222.51914,9048.366,9664.782183,8431.949817,68.08795105,146.5456648,0.171842857,0.130612245,0,-0.428571429
2020/5/29,9575.87,9605.26,9330,9427.07,57374.36296,9189.712,9290.70276,9189.712,9763.041463,8616.382537,59.55320885,85.59835017,-0.2553,0,0.5,0
2020/5/30,9426.6,9740,9331.23,9697.72,55665.27254,9349.186,9426.375173,9349.186,9954.539001,8743.832999,68.52280534,80.86126739,0,0,0,0
2020/5/31,9697.72,9700,9381.41,9448.27,48333.7864,9470.604,9433.673449,9470.604,9800.575161,9140.632839,54.57852467,47.75556052,0,0,0,0
2020/6/1,9448.27,10380,9421.67,10200.77,76649.12696,9669.944,9689.372299,9669.944,10235.29065,9104.597348,74.29968429,166.6666667,0.050575,0.0625,0.5,0
2020/6/2,10202.71,10228.99,9266,9518.04,108970.7732,9658.374,9632.261533,9658.374,10233.23426,9083.513745,49.78515454,11.31745652,-0.05195,-0.1171875,0.75,-0.5
2020/6/3,9518.02,9690,9365.21,9666.24,46252.64494,9706.208,9643.587689,9706.208,10233.99604,9178.419961,53.91126296,-47.5505618,-0.1084,0.083333333,0.166666667,-0.666666667
2020/6/4,9666.32,9881.63,9450,9789.06,57456.10097,9724.476,9692.078459,9724.476,10256.13309,9192.818911,57.52665865,7.441880962,-0.0967,0.056818182,0,0
2020/6/5,9788.14,9854.75,9581,9621.16,47788.05005,9759.054,9668.438973,9759.054,10233.80052,9284.307477,50.72693494,-25.62303547,0.10212,0.256666667,0.4,-0.6
2020/6/6,9621.17,9735,9531.05,9666.3,32752.95089,9652.16,9667.725982,9652.16,9826.719951,9477.600049,52.60943449,-21.44342869,0,0,0,0
2020/6/7,9666.85,9802,9372.46,9746.99,57952.84839,9697.95,9694.147321,9697.95,9819.966079,9575.933921,56.33685578,-17.55528226,0,0,0,0
2020/6/8,9746.99,9800,9633,9782.01,40664.66413,9721.104,9723.434881,9721.104,9853.738612,9588.469388,58.12371831,112.8488394,-0.25,0,-1,-1
2020/6/9,9782,9877,9570,9772.43,46024.00129,9717.778,9739.766587,9717.778,9844.113915,9591.442085,57.32157196,84.57610725,0.21908,0.167272727,0.2,-1
2020/6/10,9772.44,9992.72,9704.18,9885,47130.76298,9770.546,9788.177725,9770.546,9910.993298,9630.098702,64.51467354,137.5373626,-0.0908,0.11,0.2,-0.2
2020/6/11,9885.22,9964,9113,9280.4,94418.98473,9693.366,9618.918483,9693.366,10116.92135,9269.810653,30.26694192,-139.3422828,0.19692,0.19030303,0.2,-1
2020/6/12,9278.88,9557.12,9232.51,9465.13,50119.06693,9636.994,9567.655655,9636.994,10090.93324,9183.05476,42.02179878,-90.2354131,-0.205471429,0.075892857,0.428571429,-0.142857143
2020/6/13,9464.96,9494.73,9351,9473.34,27759.78485,9575.26,9536.217104,9575.26,10017.32208,9133.197923,42.55971048,-54.45234779,0,0,0,0
2020/6/14,9473.34,9480.99,9245,9342.1,30055.50661,9489.194,9471.511402,9489.194,9911.307155,9067.080845,35.90364126,-70.09047322,0,0,0,0
2020/6/15,9342.1,9495,8910.45,9426.02,86107.92471,9397.398,9456.347602,9397.398,9546.851487,9247.944513,43.02572738,-128.8978855,-0.042714286,0.071428571,-0.428571429,0.142857143
2020/6/16,9426.05,9589,9373.09,9525.59,52052.44693,9446.436,9479.428401,9446.436,9568.555484,9324.316516,51.0864837,101.5623496,-0.067422222,0.089646465,0,0.111111111
2020/6/17,9526.97,9565,9236.61,9465.14,48046.41115,9446.438,9474.665601,9446.438,9568.558709,9324.317291,46.13324953,24.55357143,0.01614,0.022727273,0.2,-0.6
2020/6/18,9465.13,9489,9280,9386.32,37381.95377,9429.034,9445.217067,9429.034,9555.581366,9302.486634,39.83778012,-2.531502541,0.073585714,0.026445578,-0.142857143,0.428571429
2020/6/19,9386.32,9438.3,9215.79,9310.23,45330.98367,9422.66,9400.221378,9422.66,9567.908822,9277.411178,34.20520006,-60.5737906,-0.08584,0.25,0,-0.2
2020/6/20,9310.23,9395,9170.95,9358.95,30329.06538,9409.246,9386.464252,9409.246,9562.91974,9255.57226,40.89379681,-90.03040185,-0.4767,-0.5,0,1
2020/6/21,9358.95,9422,9281.54,9294.69,24316.92623,9363.066,9355.872835,9363.066,9484.536035,9241.595965,35.02365766,-35.58057457,0,0,0,0
2020/6/22,9294.69,9780,9277.09,9685.69,57895.46834,9407.176,9465.81189,9407.176,9693.368096,9120.983904,68.93736637,166.6666667,-0.0264,0.073232323,0,-1
2020/6/23,9685.69,9720,9577.03,9624.89,41031.02938,9454.89,9518.837927,9454.89,9787.111227,9122.668773,62.58776709,97.63469497,-0.111957143,0.108333333,0.142857143,-0.714285714
2020/6/24,9624.33,9670,9208,9296.49,61571.56146,9452.142,9444.721951,9452.142,9789.294744,9114.989256,38.58982431,-30.90560397,0.188233333,0,0.333333333,-0.333333333
2020/6/25,9298.33,9340,9009.69,9249.49,55831.61916,9430.25,9379.644634,9430.25,9801.277494,9059.222506,36.11269233,-105.2143919,0.005925,-0.1,0,0.5
2020/6/26,9249.49,9298,9045.45,9162.21,50292.29828,9403.754,9307.166423,9403.754,9825.213834,8982.294166,31.42951205,-88.46144682,-0.091066667,0.166666667,-0.333333333,-0.333333333
2020/6/27,9162.21,9196.24,8833,9012,46290.93011,9269.016,9208.777615,9269.016,9674.229164,8863.802836,24.57386319,-96.14238531,0,0,0,0
2020/6/28,9012,9191,8948.06,9116.35,30688.17642,9167.308,9177.96841,9167.308,9367.677963,8966.938037,36.58552157,-58.25231833,0,0,0,0
2020/6/29,9116.16,9238,9024.67,9192.56,42120.29326,9146.522,9182.832273,9146.522,9306.458332,8986.585668,44.63464712,31.34486299,-0.085,0.159090909,-0.25,-0.5
2020/6/30,9192.93,9205,9064.89,9138.55,31463.1628,9124.334,9168.071516,9124.334,9247.538367,9001.129633,40.1230861,33.91734417,0.1702,0.2,0,0.333333333
2020/7/1,9138.08,9292,9080.1,9232,38488.5287,9138.292,9189.38101,9138.292,9288.378355,8988.205645,50.86457711,102.340482,0.02395,0.113215488,-0.166666667,-0.333333333
2020/7/2,9231.99,9261.96,8940,9086.54,45725.16808,9153.2,9155.100674,9153.2,9258.175236,9048.224764,37.70418096,-72.75855633,-0.132733333,0.177083333,0.166666667,-0.666666667
2020/7/3,9086.54,9125,9037.47,9058.26,28943.42018,9141.582,9122.820449,9141.582,9270.440191,9012.723809,35.47366459,-103.3905127,0.261233333,0.037037037,0,-0.333333333
2020/7/4,9057.79,9190,9040.04,9135.46,26441.96848,9130.162,9127.033633,9130.162,9248.626111,9011.697889,46.31155255,-7.733252598,0,0.5,0,-1
2020/7/5,9135,9145.24,8893.03,9069.41,34073.65363,9116.334,9107.825755,9116.334,9243.476632,8989.191368,39.25946676,-104.2907975,0,0,0,0
2020/7/6,9069.41,9375,9055.92,9344.2,54463.13228,9138.774,9186.61717,9138.774,9350.874134,8926.673866,66.10258422,161.3369347,0.22835,0.197979798,0.5,-1
2020/7/7,9342.47,9379.42,9203,9257.39,34587.33668,9172.944,9210.208113,9172.944,9395.180817,8950.707183,56.28074089,91.13038297,0.30195,0,0.5,-1
2020/7/8,9257.4,9470,9231,9436.06,56140.51778,9248.504,9285.492076,9248.504,9515.738048,8981.269952,68.37132852,100.3862627,-0.182,0.15,0,-0.333333333
2020/7/9,9436.06,9440.79,9160,9232.43,48044.45065,9267.898,9267.804717,9267.898,9512.628606,9023.167394,49.04754937,25.00192847,-0.052828571,0.069642857,0,-0.714285714
2020/7/10,9232.42,9317.48,9125,9288.34,38295.49401,9311.684,9274.649811,9311.684,9456.737526,9166.630474,53.55295483,-80.56969529,-0.0443,0.041742424,0,-0.5
2020/7/11,9288.34,9299.28,9178.25,9234.03,22561.366,9289.65,9261.109874,9289.65,9441.560565,9137.739435,48.36063838,-80.80395674,0,0,0,0
2020/7/12,9234.02,9345,9157.5,9302.75,30872.70229,9298.722,9274.989916,9298.722,9447.222292,9150.221708,55.22673405,-21.76880947,0,0,0,0
2020/7/13,9303.31,9343.82,9200.89,9242.62,42740.06912,9260.034,9264.199944,9260.034,9319.142866,9200.925134,48.21494661,21.75888851,-0.20285,0,0,0
2020/7/14,9242.61,9279.54,9113,9255.85,45772.55251,9264.718,9261.416629,9264.718,9317.732325,9211.703675,49.96220136,-123.3925976,0.032175,0.025,-0.25,-0.5
2020/7/15,9255.85,9276.49,9160.57,9197.6,39053.57967,9246.57,9240.14442,9246.57,9314.765166,9178.374834,42.13751681,-87.48245659,0.130616667,0.057407407,0.166666667,-0.666666667
2020/7/16,9197.6,9226.15,9047.25,9133.72,43375.57119,9226.508,9204.669613,9226.508,9340.976083,9112.039917,34.69004134,-148.7464816,0.054266667,-0.055555556,0,0.333333333
2020/7/17,9133.72,9186.83,9089.81,9154.32,28054.35874,9196.822,9187.886409,9196.822,9292.197675,9101.446325,39.03357506,-77.22622532,0.0163,-0.00625,-0.25,0
2020/7/18,9154.31,9219.3,9121.1,9170.28,22554.54146,9182.354,9182.017606,9182.354,9266.88118,9097.82682,42.72268916,-11.34768401,0,0,0,0
2020/7/19,9170.3,9232.27,9101.35,9208.99,26052.01942,9172.982,9191.008404,9172.982,9228.116002,9117.847998,51.60165123,36.17436112,0,0,0,0
2020/7/20,9208.99,9221.52,9131,9160.78,35458.76408,9165.618,9180.932269,9165.618,9215.18733,9116.04867,41.56979244,43.57719111,0.23274,0.080977273,0.2,-0.6
2020/7/21,9160.78,9437.73,9152.8,9390,60413.58249,9216.874,9250.621513,9216.874,9394.109008,9039.638992,72.89160901,166.6666667,0.02966,0.08,0.2,-1
2020/7/22,9390,9544,9261,9518.16,48815.00411,9289.642,9339.801009,9289.642,9571.98881,9007.29519,80.27970988,121.1222843,-0.102866667,-0.287878788,0,0.333333333
2020/7/23,9518.16,9664,9440.33,9603.27,51856.2335,9376.24,9427.624006,9376.24,9718.314634,9034.165366,83.91806771,115.2461782,-0.050816667,-0.135606061,0.166666667,-0.333333333
2020/7/24,9603.27,9637,9463.44,9537.8,43931.13621,9442.002,9464.349337,9442.002,9755.402302,9128.601698,71.27379742,69.61000115,0.039814286,0,0,-0.714285714
2020/7/25,9538.1,9732.9,9513,9700.42,40679.54542,9549.93,9543.039558,9549.93,9754.334443,9345.525557,80.42935881,96.90555593,-0.7096,-0.181818182,-1,1
2020/7/26,9700.42,10111,9650,9931.54,65279.26932,9658.238,9672.539705,9658.238,9959.730213,9356.745787,87.50448828,151.2419426,0,0,0,0
2020/7/27,9931.54,11394.86,9917.21,11029.96,150188.9331,9960.598,10125.01314,9960.598,11062.78256,8858.413444,96.03025137,164.9904323,-0.0219,0.098721591,0.25,-0.5
2020/7/28,11029.96,11242.23,10565,10906.27,97267.73419,10221.198,10385.43209,10221.198,11468.77611,8973.61989,87.61558768,90.84236876,0.0166,0.05881734,-0.166666667,-0.333333333
2020/7/29,10906.27,11342.82,10812,11100.53,76838.09423,10533.744,10623.79806,10533.744,11721.45806,9346.029942,89.43330619,75.07791126,-0.055083333,0.049810606,0,-0.333333333
2020/7/30,11100.52,11170,10831,11099.61,60794.82646,10813.582,10782.40204,10813.582,11706.91722,9920.246782,89.35566578,57.99785307,-0.11736,0.048888889,-0.4,0.2
2020/7/31,11099.79,11444,10960,11335.46,70063.66097,11094.366,10966.75469,11094.366,11373.96578,10814.76622,91.6723591,117.6411073,0.209125,0.109375,0,0
2020/8/1,11335.46,11861,11220,11801.17,85087.48513,11248.608,11244.89313,11248.608,11864.52412,10632.69188,94.58260743,144.9604386,0,0,0,0
2020/8/2,11801.17,12123.46,10518.5,11071.35,97553.0776,11281.624,11187.04542,11281.624,11835.13328,10728.11472,56.14641809,-3.619233892,0,0,0,-1
2020/8/3,11071.36,11473,10936,11219.81,56931.84148,11305.48,11197.96695,11305.48,11835.49588,10775.46412,60.25348524,-28.68891553,0.112566667,0.301666667,0.333333333,-0.333333333
2020/8/4,11219.68,11414.98,11000,11191.97,58629.11371,11323.952,11195.96796,11323.952,11829.87059,10818.03341,58.95914721,-52.88920109,0.2765,0.178030303,-0.333333333,0.333333333
2020/8/5,11191.99,11780.93,11093,11744.91,74970.25685,11405.842,11378.94864,11405.842,12014.76588,10796.91812,73.23391779,66.72127267,-0.020275,0.0625,0.25,-0.5
2020/8/6,11744.91,11900,11562.5,11762.46,63529.08502,11398.1,11506.78576,11398.1,11987.38964,10808.81036,73.59824754,116.418804,-0.120366667,-0.05,0,-0.333333333
2020/8/7,11762.47,11909.94,11322,11594.23,65755.92602,11502.676,11535.93384,11502.676,12001.55359,11003.79841,63.2778202,48.58769201,-0.082225,0.065625,0.25,-0.5
2020/8/8,11594.36,11808.27,11512,11761.41,41858.16104,11610.996,11611.09256,11610.996,12048.59176,11173.40024,68.72549891,61.13422509,0,0,0,0
2020/8/9,11761.02,11797.11,11521.97,11681.68,41493.06734,11708.938,11634.62171,11708.938,11837.97388,11579.90212,63.14149929,18.37831594,0,0,0,0
2020/8/10,11681.69,12067.35,11450,11892.92,84952.33789,11738.54,11720.72114,11738.54,11936.50328,11540.57672,70.95666755,120.304178,0.041275,0.129090909,0.25,-0.5
2020/8/11,11892.9,11935,11125,11392.08,90748.28463,11664.464,11611.17409,11664.464,12000.3365,11328.5915,43.5745729,-132.8056149,0.0494,0.063194444,0.166666667,-0.333333333
2020/8/12,11392.09,11617.52,11150,11564.33,64909.61364,11658.484,11595.55939,11658.484,12000.16001,11316.80799,51.60350212,-94.14469146,-0.10092,-0.019166667,0.2,0.2
2020/8/13,11564.34,11792.96,11270.36,11780,70132.4915,11662.202,11657.0396,11662.202,12008.64839,11315.75561,60.41838929,7.149541366,-0.1405,0.029166667,0,-0.333333333
2020/8/14,11779.77,11850,11634.03,11760.54,59818.8527,11677.974,11691.53973,11677.974,12033.59016,11322.35784,59.20219286,68.67486762,0.11534,0.122916667,0,-0.2
2020/8/15,11760.55,11980,11680,11852.4,56237.90505,11669.87,11745.15982,11669.87,12006.88376,11332.85624,63.53352943,105.5794881,0,0,0,0
2020/8/16,11852.4,11931.72,11686,11911,41368.23691,11773.654,11800.43988,11773.654,12008.76018,11538.54782,66.37974206,72.09658592,0,0,0,0
2020/8/17,11910.99,12468,11769.78,12281.13,84734.21154,11917.014,11960.66992,11917.014,12296.53849,11537.48951,79.19829912,166.6666667,-0.05164,-0.001431818,-0.8,-0.6
2020/8/18,12281.15,12387.77,11817.93,11945.01,75923.83553,11950.016,11955.44995,11950.016,12303.98077,11596.05123,55.27515912,55.11867017,0.20812,0.035,0.2,-0.2
2020/8/19,11945.1,12020.08,11561,11754.59,73940.16961,11948.826,11888.49663,11948.826,12305.36146,11592.29054,45.53481829,-75.10097781,-0.308633333,0.016060606,0,-0.333333333
2020/8/20,11754.38,11888,11668,11853.55,46085.25435,11949.056,11876.84775,11949.056,12305.34374,11592.76826,51.12918433,-57.85927312,-0.424,0,-1,1
2020/8/21,11853.54,11878,11485.81,11531.34,64448.30614,11873.124,11761.6785,11873.124,12365.37292,11380.87508,36.05615179,-94.98047003,-0.08808,0.1,-0.2,-0.6
2020/8/22,11531.23,11686,11376.81,11662.96,43678.70165,11749.49,11728.77234,11749.49,12038.1551,11460.8249,44.42229452,-97.65136299,-0.0258,0,0,-1
2020/8/23,11663.51,11718.07,11514.13,11648.13,37900.00469,11690.114,11701.89156,11690.114,11906.59062,11473.63738,43.61853369,-43.54975731,0,0,0,0
2020/8/24,11648.12,11824.9,11585.09,11748.2,46212.39187,11688.836,11717.3277,11688.836,11903.84544,11473.82656,51.0838898,44.55355115,0.0106,0.034090909,-0.5,0
2020/8/25,11748.19,11767.85,11117.64,11318.42,69590.92327,11581.81,11584.35847,11581.81,11879.25352,11284.36648,29.85910591,-153.970265,-0.3448,0,-0.25,0.5
2020/8/26,11318.42,11539.32,11244,11461.43,53998.23123,11567.828,11543.38231,11567.828,11879.67085,11255.98515,40.19457346,-79.26489106,0,0.165,-1,0
2020/8/27,11461.42,11592.2,11125,11330.38,63246.03638,11501.312,11472.38154,11501.312,11843.9687,11158.6553,34.38998484,-74.72262779,-0.10835,0.020833333,0.5,-0.5
2020/8/28,11330.38,11542.65,11276.89,11526.91,45953.90837,11477.068,11490.55769,11477.068,11790.66378,11163.47222,48.36747583,-11.81288648,0,-0.033333333,0,-0.333333333
2020/8/29,11526.9,11580.02,11417.04,11465.84,32973.7992,11420.596,11482.31846,11420.596,11584.53736,11256.65464,44.6709531,117.1323354,0,0,0,-1
2020/8/30,11465.84,11719,11458,11711.16,43177.87905,11499.144,11558.59898,11499.144,11746.90925,11251.37875,60.01531123,147.1719231,0,0,0,0
2020/8/31,11711.17,11800.77,11570,11649.51,55353.61774,11536.76,11588.90265,11536.76,11806.34827,11267.17173,55.20590758,97.05651641,-0.098666667,0,-0.333333333,-0.333333333
2020/9/1,11649.51,12050.85,11515,11921.97,78148.19367,11655.078,11699.9251,11655.078,11973.38048,11336.77552,68.95119313,123.4777648,-0.2986,0.037373737,-0.333333333,0.333333333
2020/9/2,11921.97,11954.57,11160.1,11388.54,87221.8456,11627.404,11596.13007,11627.404,12004.16048,11250.64752,39.37904387,-79.02028406,0.0155,0.2,0.5,-0.5
2020/9/3,11388.54,11462.6,9960.8,10140.85,121950.106,11362.406,11111.03671,11362.406,12630.49179,10094.32021,17.47112228,-166.6666667,-0.191166667,-0.010606061,-0.333333333,0.333333333
2020/9/4,10138.29,10627.05,9875.5,10446.25,92733.59911,11109.424,10889.44114,11109.424,12497.30439,9721.543608,29.47570611,-94.73893487,0.1806,0,0,0
2020/9/5,10446.25,10565.68,9825,10166.69,90001.60557,10812.86,10648.52409,10812.86,12245.35948,9380.360519,25.26980488,-71.85361572,0,0,0,0
2020/9/6,10166.69,10347.14,9994.86,10256.2,56368.78882,10479.706,10517.7494,10479.706,11413.45367,9545.958334,29.30698297,-60.19648797,-0.3182,-0.15,-1,1
2020/9/7,10255.89,10410.75,9875,10373.44,62620.23068,10276.686,10469.64626,10276.686,10511.77492,10041.59708,35.05164171,-43.98796476,0.056866667,0.166666667,0,0.333333333
2020/9/8,10373.45,10438,9850,10126.65,73491.87842,10273.846,10355.31418,10273.846,10515.67661,10032.01539,28.87711959,-109.3892001,0,0.166666667,0,-0.333333333
2020/9/9,10126.66,10343,9981.01,10219.2,49347.11378,10228.436,10309.94278,10228.436,10398.27183,10058.60017,34.30218283,-12.47233026,-0.121485714,-0.0875,-0.142857143,-0.142857143
2020/9/10,10219.29,10483.35,10070.83,10336.87,58253.75375,10262.472,10318.91852,10262.472,10437.30536,10087.63864,41.4053608,146.1230989,0.5574,0.3,1,-1
2020/9/11,10336.86,10397.6,10200,10387.89,43830.25447,10288.81,10341.90902,10288.81,10489.66869,10087.95131,44.64885467,99.75982946,-0.067433333,-0.033333333,0,-0.333333333
2020/9/12,10387.89,10477.97,10269.25,10440.92,35379.1531,10302.306,10374.91268,10302.306,10531.20732,10073.40468,48.36258908,98.19254782,0,0,0,0
2020/9/13,10440.67,10580.11,10200,10332.83,43837.60987,10343.542,10360.88512,10343.542,10490.70019,10196.38381,41.30216274,61.94832538,0,0,0,0
2020/9/14,10332.84,10750,10212.34,10671.77,67059.29136,10434.056,10464.51341,10434.056,10684.46076,10183.65124,62.66581124,158.0264679,0.2202,0.4,0.5,-1
2020/9/15,10671.77,10930.04,10606.48,10785.31,61822.45279,10523.744,10571.44561,10523.744,10872.56229,10174.92571,67.60314271,137.4536957,0.04025,0.261688312,0,0
2020/9/16,10785.23,11093,10661.22,10954.01,64991.51244,10636.968,10698.96707,10636.968,11088.3365,10185.5995,73.99135687,105.63312,-0.04734,0.077272727,0.2,-0.2
2020/9/17,10954.01,11045.46,10745.83,10939.99,55601.61453,10736.782,10779.30805,10736.782,11191.30614,10282.25786,72.50612512,72.05468265,0.07414,0.11,0.2,-1
2020/9/18,10940,11038.03,10812.84,10933.39,47266.72828,10856.894,10830.6687,10856.894,11078.85483,10634.93317,71.65968919,63.38051235,-0.055066667,-0.008333333,0.166666667,-1
2020/9/19,10933.4,11179.79,10887.37,11080.65,38440.03686,10938.67,10913.9958,10938.67,11126.1641,10751.1759,78.62059648,149.9606339,0.7269,0.1,0,-1
2020/9/20,11080.64,11080.64,10723,10920.28,39157.92257,10965.664,10916.09053,10965.664,11082.68731,10848.64069,58.92023969,-48.25935729,-0.1779,0.16,1,-1
2020/9/21,10920.28,10988.86,10296.35,10417.22,70683.43118,10858.306,10749.80036,10858.306,11314.50278,10402.10922,29.71976882,-166.6666667,0.02295,-0.010606061,-0.5,-0.333333333
2020/9/22,10417.22,10572.71,10353,10529.61,43991.23548,10776.23,10676.40357,10776.23,11288.34781,10264.11219,38.26415112,-96.46843302,0.100475,0.074621212,0.25,-1
2020/9/23,10529.61,10537.15,10136.82,10241.46,51876.56808,10637.844,10531.42238,10637.844,11266.08413,10009.60387,27.53556578,-94.48122595,0.0193,0.15625,0,-1
2020/9/24,10241.46,10795.24,10190.93,10736.32,57676.61943,10568.978,10599.72159,10568.978,11045.01565,10092.94035,54.76343817,2.980368595,-0.045,0.076190476,-0.142857143,0.142857143
2020/9/25,10736.33,10760.53,10556.24,10686.67,48101.11701,10522.256,10628.70439,10522.256,10883.13093,10161.38107,52.29893944,98.72736774,-0.196233333,-0.011111111,0,0.333333333
2020/9/26,10686.57,10820.94,10644.68,10728.6,28420.83666,10584.532,10662.00293,10584.532,10958.63592,10210.42808,54.46227954,94.47869629,-0.2732,0.136363636,0,-1
2020/9/27,10728.59,10799,10594.82,10774.25,30549.48325,10633.46,10699.41862,10633.46,11029.3882,10237.5318,57.10946381,63.5400018,0,0,0,0
2020/9/28,10774.26,10950,10626,10696.12,50095.25173,10724.392,10698.31908,10724.392,10786.79751,10661.98649,50.79261458,79.72625931,0.245775,0.278409091,0,0.5
2020/9/29,10696.11,10867.54,10635.87,10840.48,41874.8984,10745.224,10745.70605,10745.224,10858.47539,10631.97261,60.80545176,110.1155025,0.14815,-0.050284091,-0.25,-0.5
2020/9/30,10840.58,10849.34,10665.13,10776.59,39596.02732,10763.208,10756.0007,10763.208,10861.067,10665.349,54.65314413,42.61140979,0.094383333,0.041666667,0.333333333,-1
2020/10/1,10776.59,10920,10437,10619.13,60866.33289,10741.314,10710.37713,10741.314,10893.98227,10588.64573,41.66574819,-141.2216319,-0.12765,-0.166666667,0,0.5
2020/10/2,10619.13,10664.64,10374,10570.4,50130.39371,10700.544,10663.71809,10700.544,10898.43357,10502.65443,38.15799777,-133.3407441,0.5574,0.227272727,1,1
2020/10/3,10570.4,10603.56,10496.46,10542.06,22298.22134,10669.732,10623.16539,10669.732,10905.1908,10434.2732,35.95734958,-79.36462177,0,0,0,-1
2020/10/4,10542.07,10696.87,10517.87,10666.63,23212.0016,10634.962,10637.6536,10634.962,10800.15531,10469.76869,51.36772609,0.469777023,0,0,0,0
2020/10/5,10666.62,10798,10615.64,10792.21,34025.76165,10638.086,10689.1724,10638.086,10814.11028,10462.06172,62.6830526,120.4196056,0,0.166666667,0,-0.333333333
2020/10/6,10792.2,10800,10525,10599.66,48674.74047,10634.192,10659.33493,10634.192,10812.5671,10455.8169,43.35110088,26.44908386,0.236266667,0.016666667,-0.333333333,-0.333333333
2020/10/7,10599.65,10681.87,10546.17,10666.39,32811.99028,10653.39,10661.68662,10653.39,10820.47458,10486.30542,50.02752664,-8.167445488,0.16215,0,0.25,-1
2020/10/8,10666.4,10950,10530.41,10925.57,51959.69157,10730.092,10749.64775,10730.092,10961.89911,10498.28489,68.21480738,117.5847617,-0.226357143,0.071428571,0,0.142857143
2020/10/9,10925.44,11104.64,10829,11050.64,48240.07324,10806.894,10849.9785,10806.894,11137.22599,10476.56201,73.93657363,141.8055926,0.016366667,0,0,-0.333333333
2020/10/10,11050.64,11491,11050.51,11293.22,43648.03694,10907.096,10997.72567,10907.096,11415.02842,10399.16358,81.85544692,127.5894886,0,0,0,0
2020/10/11,11293.22,11445,11221,11369.02,29043.85134,11060.968,11121.49044,11060.968,11569.27351,10552.66249,83.78030533,92.5651217,0,0,0,0
2020/10/12,11369.02,11720.01,11172,11528.25,52825.28371,11233.34,11257.07696,11233.34,11668.83351,10797.84649,87.31408845,87.6224645,-0.038275,0.1875,0.25,-0.5
2020/10/13,11528.24,11557,11300,11420.56,42205.28371,11332.338,11311.57131,11332.338,11652.83035,11011.84565,73.73339505,61.09264306,-0.10944,0.04625,0.2,-0.2
2020/10/14,11420.57,11547.98,11280,11417.89,41415.10602,11405.788,11347.01087,11405.788,11559.11132,11252.46468,73.37967531,30.42773386,0.03145,0.122474747,0,-0.666666667
2020/10/15,11417.89,11617.34,11250.83,11505.12,48760.71768,11448.168,11399.71391,11448.168,11566.82725,11329.50875,77.74055435,65.97796673,-0.13912,0.1125,0,-0.2
2020/10/16,11505.13,11541.15,11200,11319.32,48797.7495,11438.228,11372.91594,11438.228,11586.39927,11290.05673,54.13066677,-146.4873556,-0.0663,0.128863636,-0.5,0
2020/10/17,11319.24,11402.42,11255,11360.2,22368.91524,11404.618,11368.6773,11404.618,11530.41038,11278.82562,57.66660429,-94.78440452,0,0,0,0
2020/10/18,11360.31,11505,11346.22,11503.14,23284.04119,11421.134,11413.4982,11421.134,11570.44763,11271.82037,68.33528362,70.08043501,0,0,0,0
2020/10/19,11503.14,11823.99,11407.96,11751.47,47414.53469,11487.85,11526.15546,11487.85,11790.80138,11184.89862,79.53529506,162.6477143,0.226533333,0.206060606,0.333333333,-0.333333333
2020/10/20,11751.46,12038.38,11677.59,11909.99,62134.75066,11568.824,11654.10031,11568.824,12024.75769,11112.89031,84.03979203,121.7816706,0.0443,0.188425926,0.333333333,-0.666666667
2020/10/21,11910,13217.68,11886.95,12780.96,114584.4568,11861.152,12029.72021,11861.152,12856.97831,10865.32569,93.6456934,151.4411687,0.145933333,0.102272727,0.166666667,-0.666666667
2020/10/22,12780.75,13185,12678.08,12968.52,70038.82414,12182.816,12342.65347,12182.816,13348.16913,11017.46287,94.53163327,102.8234975,-0.0787,-0.025,0.2,-0.2
2020/10/23,12968.84,13027.69,12720.08,12923.07,50386.99984,12466.802,12536.12565,12466.802,13517.64401,11415.95999,90.7011586,64.71062083,0.192375,0.0125,0.25,-1
2020/10/24,12923.06,13166.73,12870,13111.73,35952.20907,12738.854,12727.99376,12738.854,13594.19345,11883.51455,92.3165804,72.84123708,0,0,0,0
2020/10/25,13111.73,13350,12888,13028.83,38481.5795,12962.622,12828.27251,12962.622,13183.92166,12741.32234,84.27501411,87.42996669,0,0,0,0
2020/10/26,13029.64,13238.81,12765,13052.19,60951.67299,13016.868,12902.91167,13016.868,13148.09338,12885.64262,84.74313138,20.9608009,0.62915,0.2,0.25,-1
2020/10/27,13052.15,13789.29,13019.87,13636.17,80796.554,13150.398,13147.33112,13150.398,13651.25427,12649.54173,92.09590943,166.6666667,-0.1593,0.045691288,-0.125,-0.25
2020/10/28,13636.16,13859.48,12888,13266.4,94440.56123,13219.064,13187.02074,13219.064,13667.86204,12770.26596,66.66645152,55.39713496,-0.102366667,0.166666667,0,-0.666666667
2020/10/29,13266.4,13642.91,12920.77,13455.7,74872.60213,13287.858,13276.5805,13287.858,13754.83769,12820.87831,71.67190163,36.05351643,0.23835,0,0.5,-1
2020/10/30,13455.69,13669.98,13115,13560.1,70657.77888,13394.112,13371.087,13394.112,13816.63602,12971.58798,74.32931405,66.87907321,-0.053875,0.125,0,-1
2020/10/31,13560.1,14100,13411.5,13791,67339.23852,13541.874,13511.058,13541.874,13893.55518,13190.19282,79.61581522,162.934245,0.1779,0,0,-1
2020/11/1,13791,13895,13603,13761.5,36285.64853,13566.94,13594.53867,13566.94,13957.63363,13176.24637,77.08077402,80.74770204,0,0,0,0
2020/11/2,13761.49,13830,13195.05,13549.37,64566.42191,13623.534,13579.48244,13623.534,13883.95197,13363.11603,59.92888486,-18.04275765,0.04348,0.245454545,0.2,-0.6
2020/11/3,13549.63,14066.11,13284.99,14023.53,74115.63079,13737.1,13727.4983,13737.1,14085.94297,13388.25703,75.29106289,65.72546903,0.005114286,0.107142857,-0.428571429,0.142857143
2020/11/4,14023.53,14259,13525,14144.01,93016.98826,13853.882,13866.33553,13853.882,14271.65786,13436.10614,77.97315516,143.8574777,0.139114286,0.035714286,0.285714286,-0.428571429
2020/11/5,14144.01,15750,14093.56,15590.02,143741.5227,14213.686,14440.89702,14213.686,15650.65427,12776.71773,91.6199733,166.6666667,0.0482625,0.103939394,0.125,-0.75
2020/11/6,15590.02,15960,15166,15579.92,122618.1977,14577.37,14820.57135,14577.37,16270.15236,12884.58764,91.12704191,101.8281226,-0.0811,0.0625,-0.25,0
2020/11/7,15579.93,15753.52,14344.22,14818.3,101431.2066,14831.156,14819.81423,14831.156,16176.10708,13486.20492,60.46376899,29.07347636,0,0,0,1
2020/11/8,14818.3,15650,14703.88,15475.1,65547.17857,15121.47,15038.24282,15121.47,16253.58652,13989.35348,70.98734828,46.87248117,0,0,0,0
2020/11/9,15475.1,15840,14805.54,15328.41,108976.3341,15358.35,15134.96521,15358.35,15930.32568,14786.37432,66.0771725,28.23775921,0.137285714,0.021428571,0.142857143,-0.142857143
2020/11/10,15328.41,15460,15072.46,15297.21,61681.91961,15299.788,15189.04681,15299.788,15822.75247,14776.82353,64.8839607,-3.619802477,-0.033966667,0,-0.666666667,-0.333333333
2020/11/11,15297.21,15965,15272.68,15684.24,78469.74646,15320.652,15354.11121,15320.652,15892.67834,14748.62566,72.56570629,154.6535024,0.03295,0.006818182,0.25,-0.5
2020/11/12,15684.25,16340.7,15440.64,16291.86,102196.3566,15615.364,15666.69414,15615.364,16345.09233,14885.63567,80.80566329,132.6843728,-0.13965,-0.011111111,-0.166666667,0.666666667
2020/11/13,16291.85,16480,15952.35,16320.7,75691.88101,15784.484,15884.69609,15784.484,16679.11076,14889.85724,81.14171535,105.0771166,0.0043,0.316666667,0.166666667,-0.666666667
2020/11/14,16320.04,16326.99,15670,16070.45,59116.34718,15932.892,15946.61406,15932.892,16714.73326,15151.05074,68.19211284,38.90301791,0,0,0,0
2020/11/15,16069.56,16180,15774.72,15957,43596.84151,16064.85,15950.07604,16064.85,16532.62748,15597.07252,62.53642141,-5.319564825,0,0,0,0
2020/11/16,15957,16880,15864,16713.57,81300.67592,16270.716,16204.57403,16270.716,16790.40001,15751.03199,77.85006729,128.3070891,0.0603,0.171717172,0.166666667,-0.666666667
2020/11/17,16713.08,17858.82,16538,17659.38,115221.4031,16544.22,16689.50935,16544.22,17774.34447,15314.09553,86.48368049,155.149371,0.05884,-0.03,0.4,-0.6
2020/11/18,17659.38,18476.93,17214.45,17776.12,149019.7881,16835.304,17051.7129,16835.304,18367.74642,15302.86158,87.25041003,106.2164334,0.033885714,0.076298701,-0.142857143,-0.714285714
2020/11/19,17777.75,18179.8,17335.65,17802.82,93009.56101,17181.778,17302.08193,17181.778,18647.74911,15715.80689,87.45387744,67.6419403,-0.009916667,0.116666667,0.166666667,-0.333333333
2020/11/20,17802.81,18815.22,17740.04,18655.67,88423.01849,17721.512,17753.27796,17721.512,18955.06027,16487.96373,92.33680253,107.479282,-0.02054,0.033888889,0,-0.6
2020/11/21,18655.66,18965.9,18308.58,18703.8,75577.45839,18119.558,18070.11864,18119.558,19039.90194,17199.21406,92.54157468,103.4627344,0,0.166666667,0,-1
2020/11/22,18703.8,18750,17610.86,18414.43,81645.73778,18270.568,18184.88909,18270.568,19080.48494,17460.65106,77.06527078,16.22033313,0,0,0,0
2020/11/23,18413.88,18766,18000,18368,82961.50609,18388.944,18245.92606,18388.944,19030.75805,17747.12995,74.56425607,24.96750636,0.098666667,0.090909091,0.666666667,-1
2020/11/24,18368.01,19418.97,18018,19160.01,113581.5092,18660.382,18550.62071,18660.382,19224.30759,18096.45641,84.9669615,117.7728734,-0.0394,0.143333333,0.166666667,-0.333333333
2020/11/25,19160,19484.21,18500.27,18719.11,93266.57689,18673.07,18606.7838,18673.07,19238.85224,18107.28776,66.14319682,81.72694152,-0.074614286,0.077777778,-0.142857143,0.142857143
2020/11/26,18718.83,18915.03,16188,17149.47,181005.2467,18362.204,18121.01254,18362.204,19700.07132,17024.33668,33.30665598,-149.922578,-0.0736,0.084027778,0,-0.25
2020/11/27,17149.47,17457.62,16438.08,17139.52,85297.02479,18107.222,17793.84836,18107.222,19757.5579,16456.8861,33.17614975,-102.1143589,0.10395,0.029545455,-0.625,0
2020/11/28,17139.53,17880.49,16865.56,17719.85,64910.69997,17977.592,17769.18224,17977.592,19627.45089,16327.73311,48.02403818,-39.47182908,0.4588,0,1,-1
2020/11/29,17719.84,18360.05,17517,18184.99,55329.0163,17782.588,17907.78483,17782.588,19001.54222,16563.63378,57.48782956,30.39132453,0,0,0,0
2020/11/30,18185,19863.16,18184.99,19695.87,115463.4669,17977.94,18503.81322,17977.94,19864.75197,16091.12803,75.55784238,147.4946893,0.101357143,0.142857143,0.142857143,-1
2020/12/1,19695.87,19888,18001.12,18764.96,127698.7627,18301.038,18590.86214,18301.038,20058.5705,16543.5055,56.92316242,67.15327098,0.09878,0.113636364,0.4,-0.2
2020/12/2,18764.96,19342,18330,19204.09,75911.01348,18713.952,18795.27143,18713.952,20121.08799,17306.81601,62.39225318,47.74255055,0.0225875,0.056770833,0,-0.75
2020/12/3,19204.08,19598,18867.2,19421.9,66689.39128,19054.362,19004.14762,19054.362,20115.90667,17992.81733,65.13658114,80.17898578,-0.0625,0.087121212,0,-0.5
2020/12/4,19422.34,19527,18565.31,18650.52,71283.6682,19147.468,18886.27175,19147.468,19933.61476,18361.32124,49.23242869,-57.5034345,0.0732,0.2075,0.2,-1
2020/12/5,18650.51,19177,18500,19147.66,42922.74857,19037.826,18973.40116,19037.826,19611.7123,18463.9397,57.5770524,-32.25905505,0,0,0,0
2020/12/6,19147.66,19420,18857,19359.4,37043.09186,19156.714,19102.06744,19156.714,19700.74639,18612.68161,60.99072931,64.9535895,0,0,0,0
2020/12/7,19358.67,19420.91,18902.88,19166.9,41372.29629,19149.276,19123.6783,19149.276,19691.52812,18607.02388,55.88072308,27.28078394,0.150071429,0.019480519,0.142857143,-0.714285714
2020/12/8,19166.9,19294.84,18200,18324.11,61626.94761,18929.718,18857.15553,18929.718,19695.53428,18163.90172,38.31336226,-136.6641497,-0.12648,0.178571429,0.2,-0.6
2020/12/9,18324.11,18639.57,17650,18541.28,79585.5538,18907.87,18751.86369,18907.87,19709.68748,18106.05252,43.98536563,-117.774097,0.087783333,0.083333333,0,-0.666666667
2020/12/10,18541.29,18557.32,17911.12,18254.63,52890.67509,18729.264,18586.11912,18729.264,19629.64695,17828.88105,38.19143275,-78.40064555,-0.0235375,0.060416667,-0.125,-0.25
2020/12/11,18254.81,18292.73,17572.33,18036.53,72610.72426,18464.69,18402.92275,18464.69,19237.30832,17692.07168,33.93951706,-92.91309146,0.065228571,0.256565657,0.142857143,-0.428571429
2020/12/12,18036.53,18948.66,18020.7,18808.69,49519.97843,18393.048,18538.1785,18393.048,18918.97429,17867.12171,55.74422558,81.17067979,0,0,0,0
2020/12/13,18808.69,19411,18711.12,19174.99,56560.82174,18563.224,18750.449,18563.224,19367.02973,17759.41827,62.98836002,134.7315811,-0.4019,0,0,-1
2020/12/14,19174.99,19349,19000,19273.14,47257.20129,18709.596,18924.67933,18709.596,19691.02554,17728.16646,64.91206204,91.82295,0.311725,0.220454545,0.375,-0.5
2020/12/15,19273.69,19570,19050,19426.43,61834.36601,18943.956,19091.92956,18943.956,19938.43629,17949.47571,68.14441374,74.85429379,-0.13372,-0.106666667,-0.2,0.2
2020/12/16,19426.43,21560,19278.6,21335.52,114306.3356,19603.754,19839.79304,19603.754,21382.68137,17824.82663,86.9128561,166.6666667,0.072828571,-0.019480519,0.285714286,-0.142857143
2020/12/17,21335.52,23800,21230,22797.16,184882.4767,20401.448,20825.58202,20401.448,23277.53767,17525.35833,91.63147968,136.7778714,0.0581,0.171875,0.25,-0.75
2020/12/18,22797.15,23285.18,22350,23107.39,79646.13432,21187.928,21586.18468,21187.928,24420.88747,17954.96853,92.36210931,90.39356906,0.1626875,0.025852273,0.125,-0.75
2020/12/19,23107.39,24171.47,22750,23821.61,86045.06468,22097.622,22331.32646,22097.622,25221.3615,18973.8825,93.89579381,80.86271884,0,0,0,-1
2020/12/20,23821.6,24295,23060,23455.52,76690.14569,22903.44,22706.05764,22903.44,24614.36785,21192.51215,83.19260504,74.94728411,0,0,0,0
2020/12/21,23455.54,24102.77,21815,22719.71,88030.29724,23180.278,22710.60842,23180.278,24005.5197,22355.0363,64.67146952,-41.80488891,-0.117016667,0.063636364,0.166666667,-0.333333333
2020/12/22,22719.88,23837.1,22353.4,23810.79,87033.12616,23383.004,23077.33562,23383.004,24229.90738,22536.10062,74.99133972,16.27994745,-0.49306,0.02,-0.6,0.2
2020/12/23,23810.79,24100,22600,23232.76,119047.2597,23408.078,23129.14374,23408.078,24227.84544,22588.31056,62.83614332,-10.22758613,0.11155,0.175,0.25,-0.5
2020/12/24,23232.39,23794.43,22703.42,23729.2,69013.83425,23389.596,23329.1625,23389.596,24174.66976,22604.52224,68.34454745,39.60918967,-0.05935,0.1,0,0.5
2020/12/25,23728.99,24789.86,23433.6,24712.47,79519.94357,23640.986,23790.265,23640.986,24967.66336,22314.30864,76.84247746,166.6666667,0.091066667,0.11,0.333333333,-0.333333333
2020/12/26,24712.47,26867.03,24500,26493.39,97806.51339,24395.722,24691.30666,24395.722,26700.39863,22091.04537,85.59658318,147.3206234,0,0,0,-1
2020/12/27,26493.4,28422,25700,26281.66,148455.5862,24889.896,25221.42444,24889.896,27517.89828,22261.89372,81.04369559,105.1371762,0,0,0,-1
2020/12/28,26281.54,27500,26101,27079.41,79721.7425,25659.226,25840.75296,25659.226,28144.62714,23173.82486,84.84114031,73.32838292,0.1702,0.108333333,0,-0.5
2020/12/29,27079.42,27410,25880,27385,69411.59261,26390.386,26355.50197,26390.386,28245.50742,24535.26458,86.16794454,57.92855921,0.1098,0.166666667,0.166666667,0.333333333
2020/12/30,27385,28996,27320,28875.54,95356.05783,27223,27195.51465,27223,29055.20136,25390.79864,90.98094467,166.6666667,-0.115975,0.0625,0.25,-0.5
2020/12/31,28875.55,29300,27850,28923.63,75508.50515,27709.048,27771.5531,27709.048,29782.65368,25635.44232,91.10575751,95.47235003,-0.17962,0.05,0,0.2
2021/1/1,28923.63,29600,28624.57,29331.69,54182.92501,28319.054,28291.59873,28319.054,30132.293,26505.815,92.24418398,87.38448935,0.3182,0.218181818,0,-1
2021/1/2,29331.7,33300,28946.53,32178.33,129993.8734,29338.838,29587.17582,29338.838,32471.54182,26206.13418,96.33490466,151.3721158,0,0,0,-1
2021/1/3,32176.45,34778.11,31962.99,33000.05,120957.5668,30461.848,30724.80055,30461.848,33988.71909,26934.97691,96.92090372,117.4882177,0,0,0,-1
2021/1/4,33000.05,33600,28130,31988.71,140899.8857,31084.482,31146.1037,31084.482,34361.68735,27807.27665,77.7870558,21.49832868,0,0,0,-0.333333333
2021/1/5,31989.75,34360,29900,33949.53,116049.997,32089.662,32080.57913,32089.662,35176.71602,29002.60798,84.97550606,68.30060725,-0.002166667,-0.067592593,-0.166666667,1
2021/1/6,33949.53,36939.21,33288,36769.36,127139.2013,33577.196,33643.50609,33577.196,37057.62758,30096.76442,90.50125048,146.9680443,-0.02054,-0.05,0,-0.6
2021/1/7,36769.36,40365,36300,39432.28,132825.7004,35027.986,35573.09739,35027.986,40464.38035,29591.59165,93.37672228,127.4552822,0.03905,0.116785038,0.25,-0.5
2021/1/8,39432.48,41950,36500,40582.81,139789.9575,36544.538,37243.00159,36544.538,43005.92329,30083.15271,94.30740713,93.89683589,-0.054471429,0.179004329,0,-0.428571429
2021/1/9,40586.96,41380,38720,40088.22,75785.97968,38164.44,38191.40773,38164.44,43133.83238,33195.04762,87.68646721,70.89280257,-0.5719,0,-1,1
2021/1/10,40088.22,41350,35111.11,38150.02,118209.5445,39004.538,38177.61182,39004.538,41772.13538,36236.94062,65.24757206,-14.08012307,0,0,0,0
2021/1/11,38150.02,38264.74,30420,35404.47,251156.1383,38731.56,37253.23121,38731.56,42437.38008,35025.73992,44.90182407,-163.723635,0.00902,0.1,0.2,-0.2
2021/1/12,35410.37,36628,32531,34051.24,133948.152,37655.352,36185.90081,37655.352,42777.04286,32533.66114,37.66567741,-87.60352931,0.031877778,0.063131313,0.333333333,-0.333333333
2021/1/13,34049.15,37850,32380,37371.38,124477.9149,37013.066,36581.06054,37013.066,41230.8967,32795.2353,58.28360279,-26.12566104,-0.041766667,0.036111111,-0.222222222,0.111111111
2021/1/14,37371.38,40100,36701.23,39144.5,102950.3894,36824.322,37435.54036,36824.322,40527.93505,33120.70895,65.82878717,92.32142191,0.0542625,0.1625,0,-0.5
2021/1/15,39145.21,39747.76,34408,36742.22,118300.9209,36542.762,37204.43357,36542.762,40006.72764,33078.79636,50.39299986,41.87362231,0.12085,0.1875,0.25,-0.25
2021/1/16,36737.43,37950,35357.8,35994.98,86348.43151,36660.864,36801.28238,36660.864,39999.53901,33322.18899,46.18247146,-1.836990566,-0.3182,0,-1,1
2021/1/17,35994.98,36852.5,33850,35828.61,80157.72738,37016.338,36477.05825,37016.338,39413.69304,34618.98296,45.13296487,-87.26045305,0,0,0,0
2021/1/18,35824.99,37469.83,34800,36631.27,70698.11875,36868.316,36528.46217,36868.316,39251.05542,34485.57658,51.74609518,-37.95309146,-0.1486,0.135757576,-0.2,-0.6
2021/1/19,36622.46,37850,35844.06,35891.49,79611.30777,36217.714,36316.13811,36217.714,36994.1518,35441.2762,45.4367559,34.01165061,-0.23724,-0.17,0,-0.6
2021/1/20,35901.94,36415.31,33400,35468.23,89368.42292,35962.916,36033.50208,35962.916,36719.52908,35206.30292,41.79241942,-109.1502271,0.16294,0.039772727,-0.2,-0.6
2021/1/21,35468.23,35600,30071,30850.13,135004.0767,34933.946,34305.71138,34933.946,39087.13614,30780.75586,19.95913708,-165.1549518,-0.109033333,0.053030303,-0.333333333,0
2021/1/22,30851.99,33826.53,28850,32945.17,142971.684,34357.258,33852.19759,34357.258,38651.73785,30062.77815,38.25205628,-88.60337327,0.06568,0.10030303,0.6,-0.2
2021/1/23,32950,33456,31390.16,32078,64595.28768,33446.604,33260.79839,33446.604,37338.19796,29555.01004,34.2071365,-48.42867464,0,0,0,0
2021/1/24,32078,33071,30900,32259.9,57978.03797,32720.286,32927.1656,32720.286,35782.79988,29657.77212,35.98212224,-43.84259299,0,0,0,0
2021/1/25,32259.45,34875,31910,32254.2,88499.22692,32077.48,32702.84373,32077.48,33440.94067,30714.01933,35.94413862,162.4230507,-0.056666667,0.097632576,0,-0.666666667
2021/1/26,32254.19,32921.88,30837.37,32467.77,84972.20691,32401.008,32624.48582,32401.008,32998.58154,31803.43446,38.96190708,-41.31389284,-0.031733333,0.07037037,-0.333333333,0.333333333
2021/1/27,32464.01,32557.29,29241.72,30366.15,95911.96171,31885.204,31871.70721,31885.204,33424.19942,30346.20858,24.66729185,-166.6666667,-0.189433333,0.158333333,-0.166666667,0
2021/1/28,30362.19,33783.98,29842.1,33364.86,92621.14562,32142.576,32369.42481,32142.576,34098.4172,30186.7348,54.46437918,36.15767121,0.239214286,0.225793651,0.285714286,-0.428571429
2021/1/29,33368.18,38531.9,31915.4,34252.2,231827.0056,32541.036,32997.01654,32541.036,35137.11614,29944.95586,60.27613472,141.6390564,0.131675,0.0625,0.125,-0.5
2021/1/30,34246.28,34933,32825,34262.88,84889.68134,32942.772,33418.97103,32942.772,35841.05465,30044.48935,60.35226644,60.7380519,0,0,0,0
2021/1/31,34262.89,34342.69,32171.67,33092.98,68742.28038,33067.814,33310.30735,33067.814,35927.01822,30208.60978,47.80669677,9.4159533,0,0,0,0
2021/2/1,33092.97,34717.27,32296.16,33526.37,82718.27688,33699.858,33382.32823,33699.858,34651.78157,32747.93443,52.38958175,-7.465461953,-0.013583333,0.091369048,0,-0.666666667
2021/2/2,33517.09,35984.33,33418,35466.24,78056.65988,34120.134,34076.96549,34120.134,35734.42524,32505.84276,68.0740974,86.22422885,0.068,0.163636364,0.8,-1
2021/2/3,35472.71,37662.63,35362.38,37618.87,80784.33366,34793.468,35257.60033,34793.468,38044.83559,31542.10041,78.08728069,140.3547662,-0.01314,0.22,0.2,-1
2021/2/4,37620.26,38708.27,36161.95,36936.66,92080.7359,35328.224,35817.28688,35328.224,38916.6685,31739.7795,69.45737494,91.78720743,0.3343,0.252777778,0.166666667,-1
2021/2/5,36936.65,38310.12,36570,38290.24,66681.33428,36367.676,36641.60459,36367.676,39770.15606,32965.19594,76.02799047,75.19570117,-0.11148,0.1,0,-0.2
2021/2/6,38289.32,40955.51,38215.94,39186.94,98757.31118,37499.79,37490.04973,37499.79,40019.7753,34979.8047,79.65274624,136.8081256,0,-0.041666667,0.5,0
2021/2/7,39181.01,39700,37351,38795.69,84363.67976,38165.68,37925.26315,38165.68,39781.82136,36549.53864,73.58431089,49.97529723,0,0,0,0
2021/2/8,38795.69,46794.45,37988.89,46374.87,138597.5369,39916.88,40741.79877,39916.88,46551.52743,33282.23257,90.71445836,163.0508771,0.14402,0.203636364,0.2,-0.6
2021/2/9,46374.86,48142.19,44961.09,46420.42,115499.8617,41813.632,42634.67251,41813.632,49320.91719,34306.34681,90.75947488,113.0500757,0.076025,0.043560606,0,-0.5
2021/2/10,46420.42,47310,43727,44807.58,97154.1822,43117.1,43358.97501,43117.1,49958.35445,36275.84555,74.72533926,58.0890343,-0.124875,0.125,0,-0.5
2021/2/11,44807.58,48678.9,43994.02,47969.51,89561.08145,44873.614,44895.82001,44873.614,51272.14327,38475.08473,82.36163675,73.61460047,-0.119757143,0.107142857,0,-0.428571429
2021/2/12,47968.66,48985.8,46125,47287.6,85870.0357,46571.996,45693.08,46571.996,48696.16779,44447.82421,76.15864064,84.70961507,-0.263244444,0.081228956,0,0.111111111
2021/2/13,47298.15,48150,46202.53,47153.69,63768.0974,46727.76,46179.95,46727.76,48885.22691,44570.29309,74.77623312,55.21252098,0,0,0,0
2021/2/14,47156.78,49707.43,47014.17,48577.79,73735.47553,47159.234,46979.23,47159.234,49722.92406,44595.54394,79.67952957,119.7932842,-0.1531,0,0,-1
2021/2/15,48580.47,49010.92,45570.79,47911.1,79398.15678,47779.938,47289.85333,47779.938,48809.22594,46750.65006,71.54132413,1.456327674,0.022057143,0.073051948,-0.142857143,-0.428571429
2021/2/16,47911.1,50689.18,47003.62,49133.45,88813.2663,48012.726,47904.38556,48012.726,49522.53341,46502.91859,76.9393512,110.311115,0,0.022348485,0,-0.5
2021/2/17,49133.45,52618.74,48947,52119.71,85743.63782,48979.148,49309.4937,48979.148,52387.49663,45570.79937,85.39767655,149.8940184,0.0055,0.10625,0,-0.5
2021/2/18,52117.67,52530,50901.9,51552.6,60758.04695,49858.93,50057.1958,49858.93,53198.54997,46519.31003,78.55774763,92.86728979,-0.08808,0.015,0,-0.6
2021/2/19,51552.61,56368,50710.2,55906,79659.77802,51324.572,52006.7972,51324.572,56847.36336,45801.78064,87.87585774,119.3253442,-0.055671429,-0.078950216,-0.285714286,-1
2021/2/20,55906,57700.46,53863.93,55841.19,80948.20531,52910.59,53284.92813,52910.59,58148.70508,47672.47492,87.17091716,106.3105343,-0.0258,0.168181818,-1,1
2021/2/21,55841.19,58352.8,55477.59,57408.57,58166.70851,54565.614,54659.47542,54565.614,59175.7617,49955.4663,89.67484499,99.02377156,0,0,0,0
2021/2/22,57412.35,57508.47,47622,54087.67,134019.4349,54959.206,54468.87362,54959.206,58963.02798,50955.38402,59.11665806,-53.44568779,-0.151633333,0.108333333,-0.333333333,0.333333333
2021/2/23,54087.67,54183.59,44892.56,48891,169375.0251,54426.886,52609.58241,54426.886,60349.01905,48504.75295,35.4723613,-140.7117926,-0.096442857,0.157142857,0.142857143,0.142857143
2021/2/24,48891,51374.99,46988.69,49676.2,91881.20925,53180.926,51631.78827,53180.926,59901.56481,46460.28719,40.0044726,-83.05196875,-0.017955556,0.124242424,0,-0.333333333
2021/2/25,49676.21,52041.73,46674.34,47073.73,83310.67312,51427.434,50112.43552,51427.434,58980.2295,43874.6385,30.98756372,-66.9664722,-0.0785,0.066071429,-0.142857143,0.142857143
2021/2/26,47073.73,48424.11,44106.78,46276.87,109423.2007,49201.094,48833.91368,49201.094,54662.02964,43740.15836,28.52659875,-134.6800238,0.042671429,0.210714286,0.142857143,-0.428571429
2021/2/27,46276.88,48394,45000,46106.43,66060.83429,47604.846,47924.75245,47604.846,50466.39166,44743.30034,27.93347879,-77.40323478,0,0,-1,1
2021/2/28,46103.67,46638.46,43000,45135.66,83055.36904,46853.778,46995.05497,46853.778,49933.74244,43773.81356,24.33167981,-99.5382931,0,0,0,0
2021/3/1,45134.11,49790,44950.53,49587.03,85086.11165,46835.944,47859.04665,46835.944,49850.6727,43821.2153,56.48904347,69.54510774,0.0951,-0.02,0,-0.6
2021/3/2,49595.76,50200,47047.6,48440.65,64221.06214,47109.328,48052.91443,47109.328,50396.34264,43822.31336,49.69093029,96.25306584,0.071716667,-0.010714286,0.166666667,-0.333333333
2021/3/3,48436.61,52640,48100.71,50349.37,81035.91371,47923.828,48818.39962,47923.828,51923.16956,43924.48644,59.76772475,112.4522134,0.285033333,0,0.666666667,-1
2021/3/4,50349.37,51773.88,47500,48374.09,82649.71683,48377.36,48670.29641,48377.36,51939.9164,44814.8036,47.46849236,47.5673016,-0.0373,0.125,0,-0.333333333
2021/3/5,48374.09,49448.93,46300,48751.71,78192.49637,49100.57,48697.43428,49100.57,50618.75725,47582.38275,49.93067009,-65.92350732,-0.21986,-0.039393939,-0.2,0.2
2021/3/6,48746.81,49200,47070,48882.2,44399.23424,48959.604,48759.02285,48959.604,50399.82641,47519.38159,50.92424088,-54.29885225,0,-0.075,0,-1
2021/3/7,48882.2,51450.03,48882.2,50971.75,55235.02803,49465.824,49496.59857,49465.824,51483.92718,47447.72082,64.87571453,86.06886029,0,0,0,0
2021/3/8,50959.11,52402.78,49274.67,52375.17,66987.35966,49870.984,50456.12238,49870.984,52963.39963,46778.56837,71.6435504,110.9512965,0.1151125,0.136805556,0.375,-1
2021/3/9,52375.18,54895,51789.41,54884.5,71656.73708,51173.066,51932.24825,51173.066,55766.22234,46579.90966,80.17929686,131.5510653,0.0872,0.081746032,-0.142857143,-0.428571429
2021/3/10,54874.67,57387.69,53005,55851.59,84749.23894,52593.042,53238.6955,52593.042,57677.55332,47508.53068,82.68954808,106.9686679,-0.17606,0.1,0,0.2
2021/3/11,55851.59,58150,54272.82,57773.16,81914.81286,54371.234,54750.18367,54371.234,59234.87538,49507.59262,86.83170833,99.25995313,0.17152,0.07,0,-0.6
2021/3/12,57773.15,58081.51,54962.84,57221.72,73405.40605,55621.228,55574.02911,55621.228,59450.07778,51792.37822,79.96759283,72.63543982,0.099366667,0.210858586,0,-1
2021/3/13,57221.72,61844,56078.23,61188.39,83245.09135,57383.872,57445.48274,57383.872,61696.3603,53071.3837,88.29058241,144.1120612,-0.128,0,1,-1
2021/3/14,61188.38,61724.79,58966.78,58968.31,52601.05275,58200.634,57953.09183,58200.634,61797.85812,54603.40988,68.40683367,86.97184771,0,0,0,0
2021/3/15,58976.08,60633.43,54600,55605.2,102771.4273,58151.356,57170.46122,58151.356,61880.28668,54422.42532,47.95605676,-49.27073981,-0.05435,0.0625,0,0
2021/3/16,55605.2,56938.29,53271.34,56900.75,77986.69436,57976.874,57080.55748,57976.874,61839.50713,54114.24087,54.50534122,-87.48880146,0.032942857,0.067099567,-0.142857143,-0.428571429
2021/3/17,56900.74,58974.73,54123.69,58912.97,70421.62084,58315.124,57691.36165,58315.124,62150.10731,54480.14069,63.43806867,-25.63646724,0.00811,0.111136364,-0.1,0
2021/3/18,58912.97,60129.97,57023,57648.16,66580.40668,57607.078,57676.9611,57607.078,60147.37861,55066.77739,54.95943666,36.75313792,-0.0903,-0.070138889,0,-0.5
2021/3/19,57641,59468,56270.74,58030.01,52392.65296,57419.418,57794.64407,57419.418,59649.4398,55189.3962,57.12209024,62.92804589,0.2203,0.125,0.2,-1
2021/3/20,58030.01,59880,57820.17,58102.28,44476.94178,57918.834,57897.18938,57918.834,59228.51438,56609.15362,57.60369023,82.42230426,0,0,0,0
2021/3/21,58100.02,58589.1,55450.11,57351.56,48564.47027,58008.996,57715.31292,58008.996,59063.03099,56954.96101,50.27192829,-97.28247325,0,0,0,0
2021/3/22,57351.56,58430.73,53650,54083.25,62581.62617,57043.052,56504.62528,57043.052,60052.07986,54034.02414,29.70014648,-143.6937662,0.206366667,0.25,0.166666667,-1
2021/3/23,54083.25,55830.9,53000,54340.89,59789.36543,56381.598,55783.38019,56381.598,59966.6478,52796.5482,32.42493559,-106.4569194,0.105025,0.095170455,0,0
2021/3/24,54342.8,57200,51700,52303.65,83537.46502,55236.326,54623.47012,55236.326,59564.82557,50907.82643,23.44358848,-87.36628143,0.119683333,-0.016666667,0,-0.333333333
2021/3/25,52303.66,53287,50427.56,51293.78,87400.53454,53874.626,53513.57342,53874.626,58019.86209,49729.38991,20.00936229,-129.5590694,0.087783333,0.111363636,0,-0.666666667
2021/3/26,51293.78,55073.46,51214.6,55025.59,63813.77469,53409.432,54017.57894,53409.432,56185.37848,50633.48552,52.29160415,-1.482581488,0.1757,0.107954545,0.125,-0.75
2021/3/27,55025.59,56700.36,53950,55817.14,50105.47506,53756.21,54617.43263,53756.21,57147.26893,50365.15107,56.90307679,123.8810383,0,0,0,1
2021/3/28,55817.14,56559.75,54691.84,55777.63,39050.38751,54043.558,55004.16509,54043.558,57807.12488,50279.99112,56.5619562,88.48420853,0,0,0,0
2021/3/29,55777.65,58405.82,54800.01,57635.47,67857.9374,55109.922,55881.26672,55109.922,59295.08012,50924.76388,67.87976185,93.63716483,-0.09176,0.16,0,-0.2
2021/3/30,57635.46,59368,57071.35,58746.57,55122.44312,56600.48,56836.36782,56600.48,59349.71826,53851.24174,73.11621516,120.6883471,-0.03076,0.2,0,-1
2021/3/31,58746.57,59800,56769,58740.55,60975.54267,57343.472,57471.09521,57343.472,59994.86021,54692.08379,73.03557594,84.53660488,0.029214286,0.056190476,0,-0.428571429
2021/4/1,58739.46,59490,57935.45,58720.44,47415.61722,57924.132,57887.54347,57924.132,60233.73727,55614.52673,72.7007669,68.13333246,-0.162157143,0.136309524,0.142857143,-0.428571429
2021/4/2,58720.45,60200,58428.57,58950.01,47382.41878,58558.608,58241.69898,58558.608,59496.69179,57620.52421,74.37689625,102.54791,0.066983333,0.136363636,-0.166666667,-0.333333333
2021/4/3,58950.01,59791.72,56880,57051.94,47409.85211,58441.902,57845.11266,58441.902,59841.83478,57041.96922,45.50304777,-122.0414888,0,0,0,0
2021/4/4,57051.95,58492.85,56388,58202.01,41314.08197,58332.99,57964.07844,58332.99,59705.6316,56960.3484,57.88580125,-98.46211496,0,0,0,0
2021/4/5,58202.01,59272,56777.77,59129.99,54258.01579,58410.878,58352.71562,58410.878,59905.92378,56915.83222,65.73786459,1.802395014,0.10212,0.033333333,0.2,-0.6
2021/4/6,59129.99,59495.24,57413.02,57991.15,54201.00073,58265.02,58232.19375,58265.02,59753.08519,56776.95481,51.11748001,0.366766604,-0.15906,0.262272727,0.2,-0.2
2021/4/7,57990.03,58655,55473,55953.45,71228.40566,57665.708,57472.6125,57665.708,59828.33468,55503.08132,34.13683969,-152.3780052,0.173742857,0.135714286,-0.142857143,0.428571429
2021/4/8,55953.44,58153.31,55700,58077.52,44283.14702,57870.824,57674.24833,57870.824,59954.80247,55786.84553,54.03300348,-45.35006111,-0.0598125,0.088068182,-0.25,0.25
2021/4/9,58077.52,58894.9,57654,58142.54,40831.88491,57858.93,57830.34556,57858.93,59935.8789,55781.9811,54.55825813,47.32671102,0.010783333,0.104545455,0,0.333333333
2021/4/10,58142.55,61500,57900.01,59769.13,69906.42412,57986.758,58476.60704,57986.758,60410.59239,55562.92361,66.52113534,132.7346955,0,0.034090909,0,-1
2021/4/11,59769.13,60699,59232.52,60002.43,41156.71539,58389.014,58985.21469,58389.014,61300.7257,55477.3023,68.03006529,90.59204745,0,0,0,0
2021/4/12,59998.8,61300,59350.59,59860,56375.03712,59170.324,59276.80979,59170.324,60908.64101,57432.00699,65.76797681,69.09202234,-0.034233333,0.066666667,0,-1
2021/4/13,59860.01,63777.77,59805.15,63575,82848.68875,60269.82,60709.53986,60269.82,63840.77789,56698.86211,83.57480543,161.53765,0.019671429,0.048051948,0,-0.714285714
2021/4/14,63575.01,64854,61301,62959.53,82616.34399,61233.218,61459.53658,61233.218,64580.84002,57885.59598,75.44732485,99.77322708,0.0222375,-0.058295455,-0.125,-1
2021/4/15,62959.53,63800,62020,63159.98,51649.70034,61911.388,62026.35105,61911.388,65170.52922,58652.24678,76.3823565,65.08862362,0.07815,0.175,0.166666667,0
2021/4/16,63158.74,63520.61,60000,61334.8,91764.13988,62177.862,61795.83403,62177.862,64950.70069,59405.02331,53.28574789,-30.71761465,-0.091242857,0.142857143,-0.142857143,0.142857143
2021/4/17,61334.81,62506.05,59580.91,60006.66,58912.25613,62207.194,61199.44269,62207.194,64882.73134,59531.65666,41.79127725,-122.1341546,0,0,0,-1
2021/4/18,60006.67,60499,50931.3,56150.01,124882.1318,60722.196,59516.29846,60722.196,65840.05606,55604.33594,23.43891916,-161.9931394,0,0,0,1
2021/4/19,56150.01,57526.81,54221.58,55633.14,78229.04227,59256.918,58221.91231,59256.918,65115.1255,53398.7105,21.8327345,-84.10759775,-0.056,-0.05,-0.25,0
2021/4/20,55633.14,57076.24,53329.96,56425,72744.48215,57909.922,57622.94154,57909.922,62523.99781,53295.84619,30.90067739,-59.26676065,-0.11194,-0.110555556,-0.4,0.2
2021/4/21,56425,56757.91,53536.02,53787.63,66984.75691,56400.488,56344.50436,56400.488,60448.56571,52352.41029,20.83707795,-73.49459444,0.083485714,0.120634921,0.142857143,-0.714285714
2021/4/22,53787.62,55521.48,50500,51690.96,104656.6313,54737.348,54793.32291,54737.348,58295.85,51178.846,15.74232394,-152.7971184,-0.11679,0.123636364,0,-0.2
2021/4/23,51690.95,52131.85,47500,51125.14,132230.7807,53732.374,53570.59527,53732.374,57911.48775,49553.26025,14.54284148,-124.0483145,0.039316667,0.066666667,-0.166666667,0
2021/4/24,51110.56,51166.22,48657.14,50047.84,55361.51257,52615.314,52396.34351,52615.314,57136.81851,48093.80949,12.31046303,-87.4286818,0.6369,0,1,-1
2021/4/25,50047.84,50567.91,46930,49066.77,58255.645,51143.668,51286.48568,51143.668,54344.26184,47943.07416,10.47931018,-84.89524659,0,0,0,0
2021/4/26,49066.76,54356.62,48753.44,54001.39,86310.80212,51186.42,52191.45378,51186.42,54529.67021,47843.16979,53.74134492,78.33367574,0.1546,0.058549784,-0.285714286,-0.142857143
2021/4/27,54001.38,55460,53222,55011.97,54064.03468,51850.622,53131.62586,51850.622,56424.11985,47277.12415,58.8340514,123.6493072,0.145571429,0,0.428571429,-0.142857143
2021/4/28,55011.97,56428,53813.16,54846.22,55130.45902,52594.838,53703.15724,52594.838,57640.55691,47549.11909,57.53542619,87.11058486,-0.056575,0.175,0,-0.5
2021/4/29,54846.23,55195.84,52330.94,53555,52486.01946,53296.27,53653.77149,53296.27,57659.64275,48932.89725,47.35670397,28.79672009,-0.096,0.077272727,0,-0.2
2021/4/30,53555,57963,53013.01,57694.27,68578.91005,55021.77,55000.60433,55021.77,57901.45883,52142.08117,69.19482101,114.5175555,0.180116667,0.048214286,-0.333333333,-0.666666667
2021/5/1,57697.25,58458.07,56956.14,57800.37,42600.35184,55781.566,55933.85955,55781.566,59147.12717,52416.00483,69.59889705,124.5597125,0,0.166666667,0,-1
2021/5/2,57797.35,57911.02,56035.25,56578.21,36812.87886,56094.814,56148.64303,56094.814,59406.67083,52782.95717,58.54207827,50.54176959,0,0,0,0
2021/5/3,56578.21,58981.44,56435,57169.39,57649.93129,56559.448,56488.89202,56559.448,59686.97705,53431.91895,62.17540002,64.72613473,-0.020375,0.109848485,0.25,-0.5
2021/5/4,57169.39,57200,53046.69,53200.01,85324.6259,56488.45,55392.59802,56488.45,59889.70974,53087.19026,35.82471071,-143.2936975,-0.057666667,0.104166667,0,-0.666666667
2021/5/5,53205.05,58069.82,52900,57436.11,77263.92344,56436.818,56073.76868,56436.818,59770.45721,53103.17879,59.00291923,-27.62450228,-0.022157143,-0.035064935,0,-0.142857143
2021/5/6,57436.11,58360,55200,56393.68,70181.67191,56155.48,56180.40578,56155.48,59206.81014,53104.14986,53.10329671,26.45167221,0.04746,0.05,0,-1
2021/5/7,56393.68,58650,55241.63,57314.75,74542.74783,56302.788,56558.52052,56302.788,59489.63315,53115.94285,57.76726589,54.45301736,0.15565,0.1,0,-1
2021/5/8,57315.49,59500,56900,58862.05,69709.90603,56641.32,57326.36368,56641.32,60427.69356,52854.94644,65.06330395,125.3163022,0,0.2,0,1
2021/5/9,58866.53,59300,56235.66,58240.84,69806.11991,57649.486,57631.18912,57649.486,59335.81627,55963.15573,59.87244958,61.21403423,0,0,0,0
2021/5/10,58240.83,59500,53400,55816.14,89586.34925,57325.492,57026.17275,57325.492,59578.56189,55072.42211,43.09685566,-93.39807954,0.095316667,0.158030303,0.333333333,-1
2021/5/11,55816.14,56862.43,54370,56670.02,64329.54055,57380.76,56907.45517,57380.76,59551.75094,55209.76906,49.34462842,-91.9057073,-0.027314286,0.169480519,-0.142857143,-0.142857143
2021/5/12,56670.02,58000.01,48600,49631.32,99842.78984,55844.074,54482.07678,55844.074,62424.89132,49263.25668,23.15188628,-160.3911324,0.027175,0.073295455,-0.125,-0.5
2021/5/13,49537.15,51367.19,46000,49670.97,147332.0021,54005.858,52878.37452,54005.858,61285.29695,46726.41905,23.43805016,-117.8479169,-0.07955,0.125,-0.25,0
2021/5/14,49671.92,51483,48799.75,49841.45,80082.20431,52325.98,51866.06635,52325.98,58746.88712,45905.07288,24.9402543,-63.69764128,0.10762,0.111111111,0.2,-1
2021/5/15,49844.16,50700,46555,46762.99,89437.44936,50515.35,50165.0409,50515.35,57082.46786,43948.23214,17.28505104,-83.71068146,0,0,0,1
2021/5/16,46762.99,49795.89,43825.39,46431.5,114269.8128,48467.646,48920.52726,48467.646,51532.4404,45402.8516,16.59926046,-109.0630052,0,0,0,0
2021/5/17,46426.83,46686,42001,43538.04,166657.1727,47248.99,47126.36484,47248.99,51919.10535,42578.87465,11.58445957,-133.1074171,0.00306,0.24,0.4,-0.6
2021/5/18,43538.02,45799.29,42250.02,42849.78,116979.8608,45884.752,45700.83656,45884.752,50900.23257,40869.27143,10.62962536,-90.32518725,-0.134833333,0.252777778,0.166666667,-0.666666667
2021/5/19,42849.78,43584.9,30000,36690.09,354347.2432,43254.48,42697.25437,43254.48,50506.43162,36002.52838,5.530272498,-162.1214863,-0.17015,0.01969697,0,0.5
2021/5/20,36671.23,42451.67,34850,40526.64,203017.5969,42007.21,41973.71625,42007.21,48524.36026,35490.05974,31.21964686,-57.54575894,-0.05478,0.1,-0.4,0.2
2021/5/21,40525.39,42200,33488,37252.01,202100.8883,40171.312,40399.81417,40171.312,45776.77626,34565.84774,24.19884284,-61.31193665,-0.008044444,0.016666667,0,-0.333333333
2021/5/22,37263.35,38829,35200.62,37449.73,126542.2437,38953.65,39416.45278,38953.65,43681.03274,34226.26726,25.46393941,-56.48264502,0,0,0,0
2021/5/23,37458.51,38270.64,31111.01,34655.25,217136.0466,37314.744,37829.38519,37314.744,41088.49902,33540.98898,19.66547804,-145.8748349,0,0,0,0
2021/5/24,34681.44,39920,34031,38796.29,161630.894,37735.984,38151.68679,37735.984,41605.77509,33866.19291,43.4979779,19.36883627,-0.088775,0.044642857,0,-0.5
2021/5/25,38810.99,39791.77,36419.62,38324.72,111996.2284,37295.6,38209.36453,37295.6,40167.29117,34423.90883,41.73551526,79.41130533,0.046585714,0.071428571,0,-0.428571429
2021/5/26,38324.72,40841,37800.44,39241.91,104780.7734,37693.58,38553.54635,37693.58,40955.79334,34431.36666,46.96037299,109.3750297,-0.013585714,0.15,0.142857143,-0.428571429
2021/5/27,39241.92,40411.14,37134.27,38529.98,86547.15879,37909.63,38545.6909,37909.63,41221.33759,34597.92241,43.20150215,53.95525697,-0.026877778,0.051016114,-0.222222222,0.333333333
2021/5/28,38529.99,38877.83,34684,35663.49,135377.6297,38111.278,37584.95727,38111.278,40634.78431,35587.77169,30.79540993,-130.5621451,0.019566667,0.107954545,-0.166666667,-0.333333333
2021/5/29,35661.79,37338.58,33632.76,34605.15,112663.0927,37273.05,36591.68818,37273.05,40880.89327,33665.20673,27.19164517,-112.2458928,0,0,0,1
2021/5/30,34605.15,36488,33379,35641.27,73535.38697,36736.36,36274.88212,36736.36,40357.09824,33115.62176,36.31220537,-72.72061464,0,0,0,0
2021/5/31,35641.26,37499,34153.84,37253.81,94160.73529,36338.74,36601.19141,36338.74,39108.0933,33569.3867,48.79156389,-3.521179369,0.353575,0.175,0.25,0
2021/6/1,37253.82,37894.81,35666,36693.09,81234.66377,35971.362,36631.82427,35971.362,37812.19775,34130.52625,44.96217944,83.61780283,0.091483333,0.041666667,0,-0.333333333
2021/6/2,36694.85,38225,35920,37568.68,67587.3725,36352.4,36944.10952,36352.4,38537.17187,34167.62813,52.27368615,97.15089187,0.119125,0.018055556,-0.125,-0.5
2021/6/3,37568.68,39476,37170,39246.79,75889.10601,37280.728,37711.66968,37280.728,39644.14615,34917.30985,63.79584213,135.3406147,0.087485714,0.171428571,0.142857143,-0.142857143
2021/6/4,39246.78,39289.07,35555.15,36829,91317.79925,37518.274,37417.44645,37518.274,39354.85274,35681.69526,44.46340087,-0.584187907,-0.078057143,0.130194805,0,-0.428571429
2021/6/5,36829.15,37925,34800,35513.2,70459.62149,37170.152,36782.69763,37170.152,39629.5361,34710.7679,36.86401819,-119.7182092,0,0,0,0
2021/6/6,35516.07,36480,35222,35796.31,47650.20664,36990.796,36453.90176,36990.796,39682.96591,34298.62609,39.63867786,-93.16711244,0,0,0,0
2021/6/7,35796.31,36900,33300,33552.79,77574.95257,36187.618,35486.8645,36187.618,39910.00265,32465.23335,27.61644175,-107.8519703,-0.022483333,0.122727273,0.166666667,-1
2021/6/8,33556.96,34068.01,31000,33380.81,123251.189,35014.422,34784.84634,35014.422,37691.41702,32337.42698,26.83652127,-129.1697838,-0.13495,0.2,0.25,0
2021/6/9,33380.8,37534.79,32396.82,37388.05,136607.5975,35126.232,35652.58089,35126.232,38124.46976,32127.99424,59.8564362,47.84119947,0.08516,0.079935065,-0.2,-0.2
2021/6/10,37388.05,38491,35782,36675.72,109527.2849,35358.736,35993.62726,35358.736,38610.52509,32106.94691,54.40094407,99.32548457,0.040471429,0.08961039,0.142857143,-0.428571429
2021/6/11,36677.83,37680.4,35936.77,37331.98,78466.0053,35665.87,36439.74484,35665.87,39293.34624,32038.39376,58.732428,75.00966778,0.094677778,0.129587542,0.222222222,-0.333333333
2021/6/12,37331.98,37463.63,34600.36,35546.11,87717.54999,36064.534,36141.86656,36064.534,39058.23408,33070.83392,44.38931998,10.74404876,0,0,0,0
2021/6/13,35546.12,39380,34757,39020.57,86921.02556,37192.486,37101.43437,37192.486,39451.19289,34933.77911,65.11029236,104.0129771,0,0,0,0
2021/6/14,39020.56,41064.05,38730,40516.29,108522.3919,37818.134,38239.71958,37818.134,41331.47391,34304.79409,70.93747095,155.3429969,0.128116667,0.097180135,0.166666667,-1
2021/6/15,40516.28,41330,39506.4,40144.04,80679.62284,38511.798,38874.49305,38511.798,42213.50862,34810.08738,67.43372532,87.95302789,0.150975,0.1375,0.125,-0.5
2021/6/16,40143.8,40527.14,38116.01,38349.01,87771.97694,38715.204,38699.33204,38715.204,42242.92126,35187.48674,51.96334513,18.15295923,-0.079214286,0.015136054,-0.142857143,0.142857143
2021/6/17,38349,39559.88,37365,38092.97,79541.30712,39224.576,38497.21136,39224.576,41143.47266,37305.67934,49.92134289,-56.50002972,-0.205928571,-0.035714286,-0.428571429,0.428571429
2021/6/18,38092.97,38202.84,35129.29,35819.84,95228.04294,38584.43,37604.75424,38584.43,41943.52271,35225.33729,34.76175791,-138.8103028,0.07285,0.080113636,-0.333333333,0.666666667
2021/6/19,35820.48,36457,34803.52,35483.72,68712.44946,37577.916,36897.74283,37577.916,41032.92362,34122.90838,32.91433538,-100.5435197,0,0,0,0
2021/6/20,35483.72,36137.72,33336,35600.16,89878.17085,36669.14,36465.21522,36669.14,39217.63044,34120.64956,34.42347954,-85.07665178,0,0,0,0
2021/6/21,35600.17,35750,31251.23,31608.93,168778.8732,35321.124,34846.45348,35321.124,39498.82966,31143.41834,17.52844736,-134.0592687,-0.130814286,0.038888889,-0.142857143,0.142857143
2021/6/22,31614.12,33298.78,28805,32509.56,204208.1798,34204.442,34067.48899,34204.442,37760.10218,30648.78182,27.55724527,-110.0773549,-0.013633333,-0.010917041,-0.111111111,0.555555556
2021/6/23,32509.56,34881,31683,33678.07,126966.1006,33776.088,33937.68266,33776.088,36945.12826,30607.04774,39.49062392,-13.99103357,0.01304,0.22,0.2,-0.6
2021/6/24,33675.07,35298,32286.57,34663.09,86625.80426,33611.962,34179.4851,33611.962,36481.05231,30742.87169,48.44019741,49.12651255,0.057525,0.1875,0.375,-0.25
2021/6/25,34663.08,35500,31275,31584.45,116061.1304,32808.82,33314.4734,32808.82,35212.53167,30405.10833,30.70042811,-15.60440308,0.04104,0.04,0.2,-1
2021/6/26,31576.09,32730,30151,32283.65,107820.3753,32943.764,32970.8656,32943.764,35128.67688,30758.85112,37.2267597,-76.23564047,0,0,0,0
2021/6/27,32283.65,34749,31973.45,34700.34,96613.24421,33381.92,33547.35707,33381.92,35896.58548,30867.25452,55.38129341,59.18261185,0,0,0,0
2021/6/28,34702.49,35297.71,33862.72,34494.89,82222.26782,33545.284,33863.20138,33545.284,36216.9107,30873.6573,53.73000606,85.22651914,0.072466667,0.333333333,0.666666667,0.333333333
2021/6/29,34494.89,36600,34225.43,35911.73,90788.79622,33795.012,34546.04425,33795.012,37015.04213,30574.98187,63.19102585,109.7212752,0.337014286,0.119480519,0.142857143,-0.428571429
2021/6/30,35911.72,36100,34017.55,35045,77152.19763,34487.122,34712.36283,34487.122,36894.03653,32080.20747,54.64673948,55.10289075,-0.008885714,-0.007142857,0,-0.428571429
2021/7/1,35045,35057.57,32711,33504.69,71708.26611,34731.33,34309.80522,34731.33,36294.21015,33168.44985,42.02403402,-86.0396321,-0.13144,0.05,-0.2,-0.6
2021/7/2,33502.33,33977.04,32699,33786.55,56172.18138,34548.572,34135.38682,34548.572,36287.05166,32810.09234,44.93348543,-96.37373624,-0.1073375,0.0625,-0.375,0.5
2021/7/3,33786.54,34945.61,33316.73,34669.13,43044.57864,34583.42,34313.30121,34583.42,36323.18319,32843.65681,53.97406689,-12.07229876,0,0,0,0
2021/7/4,34669.12,35967.85,34357.15,35286.51,43703.47579,34458.376,34637.70414,34458.376,35854.1462,33062.6058,59.75187269,91.4710752,0,0,0,0
2021/7/5,35288.13,35293.78,33125.55,33690.14,64123.87425,34187.404,34321.84943,34187.404,35548.03555,32826.77245,42.50553629,-17.10446363,0.05842,0.1,0.2,-0.2
2021/7/6,33690.15,35118.88,33532,34220.01,58210.59635,34330.468,34287.90295,34330.468,35512.59353,33148.34247,48.65439349,4.064438086,-0.143009091,0.059090909,-0.454545455,-0.090909091
2021/7/7,34220.02,35059.09,33777.77,33862.12,53807.52168,34345.582,34145.9753,34345.582,35501.13792,33190.02608,44.62502405,-38.40821006,-0.04136,0.082424242,-0.2,-0.2
2021/7/8,33862.11,33929.64,32077,32875.71,70136.48032,33986.898,33722.55353,33986.898,35557.04607,32416.74993,34.71898633,-152.6897333,-0.045371429,0.167478355,0.142857143,-0.142857143
2021/7/9,32875.71,34100,32261.07,33815.81,47153.9399,33692.758,33753.63902,33692.758,34582.42951,32803.08649,48.37212157,-53.66566947,-0.106066667,0.041666667,0,0.333333333
2021/7/10,33815.81,34262,33004.78,33502.87,34761.17547,33655.304,33670.04935,33655.304,34557.93608,32752.67192,44.4995606,-15.15475838,0,0,0,0
2021/7/11,33502.87,34666,33306.47,34258.99,31572.64745,33663.1,33866.3629,33663.1,34585.5623,32740.6377,55.30618818,70.46127943,0,0,0,0
2021/7/12,34259,34678.43,32658.34,33086.63,48181.40376,33508.002,33606.45193,33508.002,34502.42751,32513.57649,40.15330334,-6.089151932,0.299133333,0.225757576,0.666666667,-0.333333333
2021/7/13,33086.94,33340,32202.25,32729.77,41126.36101,33478.814,33314.22462,33478.814,34551.26718,32406.36082,36.3625714,-152.3360794,0.006044444,0.15,0.111111111,-0.333333333
2021/7/14,32729.12,33114.03,31550,32820.02,46777.82348,33279.656,33149.48975,33279.656,34396.73021,32162.58179,38.20674673,-100.100813,0.011,0.1125,0,-1
2021/7/15,32820.03,33185.25,31133,31880,51639.57635,32955.082,32726.3265,32955.082,34489.30219,31420.86181,27.74027607,-94.34904643,0,0.119480519,-0.428571429,-0.142857143
2021/7/16,31874.49,32249.18,31020,31383.87,48499.86415,32380.058,32278.841,32380.058,33663.04126,31097.07474,23.49418758,-115.8418934,-0.038542857,0.208928571,-0.142857143,-0.428571429
2021/7/17,31383.86,31955.92,31164.31,31520.07,34012.24213,32066.746,32025.91733,32066.746,33269.10065,30864.39135,27.31215057,-82.34740619,0,0,0,0
2021/7/18,31520.07,32435,31108.97,31778.56,35923.71619,31876.504,31943.46489,31876.504,32884.29808,30868.70992,35.00668936,-23.77641456,0,0,0,0
2021/7/19,31778.57,31899,30407.44,30839.65,47340.4685,31480.43,31575.52659,31480.43,32212.56761,30748.29239,23.6431019,-141.646512,-0.1967,0.108333333,-0.5,0.333333333
2021/7/20,30839.65,31063.07,29278,29790.35,61034.04902,31062.5,30980.46773,31062.5,32474.85085,29650.14915,16.26664127,-148.0839703,0.09545,0.108333333,0.5,0.5
2021/7/21,29790.34,32858,29482.61,32144.51,82796.26513,31214.628,31368.48182,31214.628,32874.78967,29554.46633,55.34133715,41.0922448,-0.01895,-0.003703704,0.166666667,-0.666666667
2021/7/22,32144.51,32591.35,31708,32287.83,46148.09243,31368.18,31674.93121,31368.18,33241.30522,29495.05478,56.8728774,96.29223397,0.12198,0.02,0.2,-0.6
2021/7/23,32287.58,33650,31924.32,33634.09,50112.86363,31739.286,32327.98414,31739.286,34371.86431,29106.70769,69.2536637,117.6122852,-0.127533333,0.108333333,0.333333333,0.333333333
2021/7/24,33634.1,34500,33401.14,34258.14,47977.55014,32422.984,32971.36943,32422.984,35503.39325,29342.57475,73.6386293,111.8438321,0,0,0,0
2021/7/25,34261.51,35398,33851.12,35381.02,47852.92831,33541.118,33774.58629,33541.118,35979.02668,31103.20932,80.04094142,109.1963508,0,0,0,0
2021/7/26,35381.02,40550,35205.78,37237.6,152452.5127,34559.736,34928.92419,34559.736,37900.96937,31218.50263,86.71122335,144.5101797,0.032133333,0.008333333,-0.166666667,-0.666666667
2021/7/27,37241.33,39542.61,36383,39457.87,88397.26702,35993.744,36438.57279,35993.744,40236.67371,31750.81429,91.13834266,96.9502895,0.039928571,0.069387755,0,-0.142857143
2021/7/28,39456.61,40900,38772,40019.56,101344.5284,37270.838,37632.2352,37270.838,41741.8511,32799.8249,91.98294451,95.90598108,0.0449375,0.052272727,0,-0.25
2021/7/29,40019.57,40640,39200,40016.48,53998.43928,38422.506,38426.98346,38422.506,42090.52481,34754.48719,91.92289288,78.16048714,0.092271429,0.0999519,0.285714286,-0.714285714
2021/7/30,40018.49,42316.71,38313.23,42206.37,73602.78481,39787.576,39686.77898,39787.576,42958.42594,36616.72606,94.88864622,98.47565929,0.0967375,0.127777778,-0.25,-0.25
2021/7/31,42206.36,42448,41000.15,41461.83,44849.79101,40632.422,40278.46265,40632.422,42691.5066,38573.3374,82.08027936,109.2212039,0,0,0,0
2021/8/1,41461.84,42599,39422.01,39845.44,53953.18633,40709.936,40134.12177,40709.936,42609.30703,38810.56497,60.07446101,1.388554174,0,0,0,0
2021/8/2,39850.27,40480.01,38690,39147.82,50837.35195,40535.588,39805.35451,40535.588,42784.34128,38286.83472,52.48338536,-109.2862883,-0.08365,0.125,-0.5,1
2021/8/3,39146.86,39780,37642.03,38207.05,57117.43585,40173.702,39272.58634,40173.702,43115.66364,37231.74036,43.26727739,-113.3004322,-0.1977,0,-0.2,0.6
2021/8/4,38207.04,39969.66,37508.56,39723.18,52329.35243,39677.064,39422.78423,39677.064,41804.39232,37549.73568,58.09197648,-52.22588895,0.161166667,0.103030303,-0.166666667,-0.333333333
2021/8/5,39723.17,41350,37332.7,40862.46,84343.75562,39557.19,39902.67615,39557.19,41301.85784,37812.52216,66.35099642,39.24568139,0.121657143,-0.003571429,-0.142857143,-1
2021/8/6,40862.46,43392.43,39853.86,42836.87,75753.94135,40155.476,40880.74077,40155.476,43341.48472,36969.46728,76.41846509,162.0930155,0.1091,0.097727273,0.333333333,0
2021/8/7,42836.87,44700,42446.41,44572.54,73396.74081,41240.42,42111.34051,41240.42,45739.12033,36741.71967,82.25306686,117.5368746,0,0,0,0
2021/8/8,44572.54,45310,43261,43794.37,69329.0927,42357.884,42672.35034,42357.884,45977.34019,38738.42781,72.23661564,83.01274589,0,0,0,-1
2021/8/9,43794.36,46454.15,42779,46253.4,74587.88485,43663.928,43866.03356,43663.928,47250.59264,40077.26336,81.25384814,86.29196692,0.1399,0.090151515,0,-0.2
2021/8/10,46248.87,46700,44589.46,45584.99,53814.64342,44608.434,44439.01904,44608.434,47051.71087,42165.15713,73.1782951,99.07000029,-0.0612125,0.035416667,0.125,-0.5
2021/8/11,45585,46743.47,45341.14,45511,52734.90198,45143.26,44796.34603,45143.26,46865.58273,43420.93727,72.18559295,83.97800069,0.1805625,0.205357143,0.25,-0.75
2021/8/12,45510.67,46218.12,43770,44399,55266.10878,45108.552,44663.89735,45108.552,46881.72382,43335.38018,57.52544271,-40.47585736,-0.16455,0.125,-0.25,0
2021/8/13,44400.06,47886,44217.39,47800,48239.37043,45909.678,45709.2649,45909.678,48143.59412,43675.76188,76.08987318,133.0642217,0.037366667,-0.063888889,0,-1
2021/8/14,47799.99,48144,45971.03,47068.51,46114.35902,46072.7,46162.3466,46072.7,48494.24372,43651.15628,68.08893219,104.2128,0,0,0,-1
2021/8/15,47068.5,47372.27,45500,46973.82,42110.71133,46350.466,46432.83773,46350.466,48802.93071,43898.00129,66.94981263,40.60714913,0,0,0,0
2021/8/16,46973.82,48053.83,45660,45901.29,52480.57401,46428.524,46255.65516,46428.524,48792.38856,44064.65944,54.12846103,22.75642336,-0.2077,0.158333333,-0.333333333,0.333333333
2021/8/17,45901.3,47160,44376,44695.95,57039.34163,46487.914,45735.75344,46487.914,48651.25008,44324.57792,42.65354097,-166.6666667,-0.068,0.06,-0.4,-0.2
2021/8/18,44695.95,46000,44203.28,44705.29,54099.41599,45868.972,45392.26562,45868.972,47945.65423,43792.28977,42.77105428,-103.1198096,-0.0622,0.083333333,0.166666667,-0.333333333
2021/8/19,44699.37,47033,43927.7,46760.62,53411.75392,45807.394,45848.38375,45807.394,47752.2224,43862.5656,63.40088699,2.256467798,0.031428571,0.024206349,0.142857143,-0.142857143
2021/8/20,46760.62,49382.99,46622.99,49322.47,56850.35223,46277.124,47006.4125,46277.124,49697.05677,42857.19123,76.56374749,147.4870575,-0.140466667,0.091666667,-0.166666667,-0.333333333
2021/8/21,49322.47,49757.04,48222,48821.87,46745.13658,46861.24,47611.565,46861.24,50785.36525,42937.11475,70.3809895,93.7915499,0,0,0,0
2021/8/22,48821.88,49500,48050,49239.22,37007.8878,47769.894,48154.11667,47769.894,51357.26031,44182.52769,72.6800898,62.27013564,0,0,0,0
2021/8/23,49239.22,50500,49029,49488.85,52462.54195,48726.606,48599.02778,48726.606,50741.15689,46712.05511,74.17864509,87.40844301,0.46496,0.1,0.2,-0.2
2021/8/24,49488.85,49860,47600,47674.01,51014.59475,48909.284,48290.68852,48909.284,50220.47285,47598.09515,49.50269337,-89.19197295,-0.037716667,0.111616162,0,-0.333333333
2021/8/25,47674.01,49264.3,47126.28,48973.32,44655.83034,48839.454,48518.23235,48839.454,50091.01847,47587.88953,61.08708502,-76.3528717,-0.005666667,0.176455026,0.166666667,0
2021/8/26,48973.32,49352.84,46250,46843.87,49371.27777,48443.854,47960.11156,48443.854,50475.12287,46412.58513,41.5567017,-127.8574758,-0.05605,0.189962121,-0.25,0
2021/8/27,46843.86,49149.93,46348,49069.9,42068.10497,48409.99,48330.04104,48409.99,50392.14221,46427.83779,58.77794724,-32.63936602,0.03465,0.064393939,0.166666667,0.666666667
2021/8/28,49069.9,49299,48346.88,48895.35,26681.06379,48291.29,48518.47736,48291.29,50060.43583,46522.14417,57.12797173,110.6341349,-0.4939,0,0,1
2021/8/29,48895.35,49632.27,47762.54,48767.83,32652.28347,48510.054,48601.59491,48510.054,50187.93684,46832.17116,55.70010535,63.28872227,0,0,0,0
2021/8/30,48767.84,48888.61,46853,46982.91,40288.35083,48111.972,48062.03327,48111.972,50080.5899,46143.3541,38.7530265,-77.25052037,-0.101,0.083333333,-0.333333333,0.333333333
2021/8/31,46982.91,48246.11,46700,47100.89,48645.52737,48163.376,47741.65218,48163.376,50006.26782,46320.48418,40.25492503,-97.28865653,-0.0387875,0.148295455,0,-0.25
2021/9/1,47100.89,49156,46512,48810.52,49904.65528,48111.5,48097.94145,48111.5,49861.66955,46361.33045,58.63047206,3.646593404,-0.19114,0.04,0,-0.2
2021/9/2,48810.51,50450.13,48584.06,49246.64,54410.77054,48181.758,48480.84097,48181.758,50074.54597,46288.97003,62.32535916,118.8777327,0,0.125,-0.166666667,-0.666666667
2021/9/3,49246.63,51000,48316.84,49999.14,59025.64416,48428.02,48986.94065,48428.02,50817.07504,46038.96496,68.41053806,95.91158057,0.07424,0.113636364,0,0.2
2021/9/4,49998,50535.69,49370,49915.64,34664.65959,49014.566,49296.5071,49014.566,51119.60173,46909.53027,66.91149217,71.6728607,0,0,0,-1
2021/9/5,49917.54,51900,49450,51756.88,40544.83587,49945.764,50116.6314,49945.764,51958.01665,47933.51135,79.37105634,130.5519618,0,0,0,0
2021/9/6,51756.88,52780,50969.33,52663.9,49249.66708,50716.44,50965.72093,50716.44,53276.31934,48156.56066,83.25394296,124.1838787,-0.17512,0.087272727,0,-0.2
2021/9/7,52666.2,52920,42843.05,46863.73,123048.8027,50239.858,49598.39062,50239.858,54213.63586,46266.08014,33.24085002,-141.1965303,0.045066667,0.192424242,-0.166666667,-1
2021/9/8,46868.57,47340.99,44412.02,46048.31,65069.3152,49449.692,48415.03041,49449.692,54674.85849,44224.52551,30.06678021,-109.3106618,0.148242857,0.185930736,0,-0.428571429
2021/9/9,46048.31,47399.97,45513.08,46395.14,50651.66002,48745.592,47741.73361,48745.592,54456.09827,43035.08573,33.44561041,-61.20454271,-0.055955556,0.063622334,-0.222222222,-0.333333333
2021/9/10,46395.14,47033,44132.29,44850.91,49048.26618,47364.398,46778.12574,47364.398,52828.79627,41899.99973,26.35798968,-75.45588002,0.073775,0.125,0.25,0
2021/9/11,44842.2,45987.93,44722.22,45173.69,30440.4081,45866.356,46243.31383,45866.356,47367.92623,44364.78577,30.22154671,-77.12194834,0,0,0,0
2021/9/12,45173.68,46460,44742.06,46025.24,32094.28052,45698.658,46170.62255,45698.658,46867.68069,44529.63531,40.51341618,-1.279271217,0,0,0,0
2021/9/13,46025.23,46880,43370,44940.73,65429.15056,45477.142,45760.65837,45477.142,46714.9204,44239.3636,32.80958024,-82.90269929,0,0.125,0.25,-0.5
2021/9/14,44940.72,47250,44594.44,47111.52,44855.85099,45620.418,46210.94558,45620.418,47327.09905,43913.73695,54.47112227,133.4629943,0.25804,0.2,0.2,-0.6
2021/9/15,47103.28,48500,46682.32,48121.41,43204.71174,46274.518,46847.76705,46274.518,48668.59981,43880.43619,61.65915392,143.3681642,0.116166667,0.133333333,0.166666667,-0.333333333
2021/9/16,48121.4,48557,47021.1,47737.82,40725.08895,46787.344,47144.45137,46787.344,49116.12266,44458.56534,57.35951741,83.47019763,0.131675,0.0375,0,-1
2021/9/17,47737.81,48150,46699.56,47299.98,34461.92776,47042.292,47196.29425,47042.292,49257.87559,44826.70841,52.16906291,37.18991978,0.19756,-0.026363636,0.2,-0.6
2021/9/18,47299.98,48843.2,47035.56,48292.74,30906.47038,47712.694,47561.77616,47712.694,48623.02426,46802.36374,61.93232773,81.76345958,0,-0.155555556,-1,-1
2021/9/19,48292.75,48372.83,46829.18,47241.75,29847.24349,47738.74,47455.10078,47738.74,48583.89682,46893.58318,48.76115392,-67.62128747,0,0,0,0
2021/9/20,47241.75,47347.25,42500,43015.62,78003.52444,46717.582,45975.27385,46717.582,50495.46188,42939.70212,23.56795659,-166.6666667,-0.191775,0.125,-0.5,0
2021/9/21,43016.64,43639,39600,40734.38,84534.08049,45316.894,44228.30923,45316.894,51167.61407,39466.17393,17.47565998,-125.8973185,0.0361,0.151785714,-0.142857143,-0.142857143
2021/9/22,40734.09,44000.55,40565.39,43543.61,58349.05542,44565.62,44000.07616,44565.62,50164.08405,38967.15595,40.96593615,-57.46130975,-0.0482,0.283636364,0,-0.6
2021/9/23,43546.37,44978,43069.09,44865.26,48699.57655,43880.124,44288.47077,43880.124,48172.1945,39588.0535,49.43098941,11.79569902,-0.1238,0.025,-0.166666667,0
2021/9/24,44865.26,45200,40675,42810.57,84113.42629,42993.888,43795.83718,42993.888,45668.76095,40319.01505,38.65858153,-14.51050882,-0.095471429,-0.089285714,-0.285714286,-0.428571429
2021/9/25,42810.58,42966.84,41646.28,42670.64,33594.57189,42924.892,43420.77145,42924.892,45611.73347,40238.05053,37.95445488,-29.07229288,0.25,0.285714286,0,1
2021/9/26,42670.63,43950,40750,43160.9,49879.99765,43410.196,43334.14764,43410.196,44985.92528,41834.46672,42.53809516,-46.91135598,0,0,0,0
2021/9/27,43160.9,44350,42098,42147.35,39776.84383,43130.944,42938.54842,43130.944,44983.66649,41278.22151,35.71898426,-20.47095739,0.1113,0.1125,0.25,-0.5
2021/9/28,42147.35,42787.38,40888,41026.54,43372.2624,42363.2,42301.21228,42363.2,43850.27384,40876.12616,29.2397925,-158.422096,-0.414983333,0.060353535,-0.166666667,0
2021/9/29,41025.01,42590,40753.88,41524.28,33511.53487,42105.942,42042.23486,42105.942,43638.77577,40573.10823,35.71308021,-79.64300416,0.142,0.055357143,-0.142857143,-0.428571429
2021/9/30,41524.29,44141.37,41410.17,43824.1,46381.22781,42336.634,42636.1899,42336.634,44396.5492,40276.7188,57.93755954,83.32941237,-0.128971429,0.175,0.142857143,-0.428571429
2021/10/1,43820.01,48495,43283.03,48141.61,66244.87492,43332.776,44471.32994,43332.776,48498.88872,38166.66328,76.7772112,166.6666667,-0.1235625,0.011545139,-0.125,-0.5
2021/10/2,48141.6,48336.59,47430.18,47634.9,30508.98131,44430.286,45525.85329,44430.286,50392.92273,38467.64927,72.04342244,99.09098074,0,0,0,0
2021/10/3,47634.89,49228.08,47088,48200.01,30825.05601,45864.98,46417.23886,45864.98,51288.99281,40440.96719,74.25617638,72.62349989,0,0,0,0
2021/10/4,48200.01,49536.12,46891,49224.94,46796.49372,47405.112,47353.13924,47405.112,51132.0427,43678.1813,78.17284996,71.43058054,-0.0363,0.053703704,-0.333333333,0
2021/10/5,49224.93,51886.3,49022.4,51471.99,52125.66793,48934.69,48726.08949,48934.69,51674.07986,46195.30014,84.5955649,156.299083,0.12366,0.127272727,0.2,-1
2021/10/6,51471.99,55750,50382.41,55315,79877.54518,50369.368,50922.393,50369.368,55967.09582,44771.64018,90.54395915,134.1480119,0.07815,0.067045455,0.25,-0.75
2021/10/7,55315,55332.31,53357,53785.22,54917.37766,51599.432,51876.66866,51599.432,56950.59175,46248.27225,75.95067375,88.27132631,0.016914286,0.071428571,0.285714286,-0.428571429
2021/10/8,53785.22,56100,53617.61,53951.43,46160.25785,52749.716,52568.25578,52749.716,57053.54654,48445.88546,76.46582035,67.2586187,0.037933333,0.075,-0.166666667,0
2021/10/9,53955.67,55489,53661.67,54949.72,55177.08013,53894.672,53362.07718,53894.672,56580.19574,51209.14826,79.72622909,64.93728392,0,0,0,0
2021/10/10,54949.72,56561.31,54080,54659,89237.83613,54532.074,53794.38479,54532.074,55697.73257,53366.41543,75.89855717,110.2696414,0,0,0,0
2021/10/11,54659.01,57839.04,54415.06,57471.35,52933.16575,54963.344,55020.03986,54963.344,57615.86749,52310.82051,84.75120877,158.3173237,0.041,0.039285714,0.142857143,-0.142857143
2021/10/12,57471.35,57680,53879,55996.93,53471.2855,55405.686,55345.66991,55405.686,57854.66011,52956.71189,68.30869614,48.16590974,-0.0762,0.066111111,-0.2,-0.2
2021/10/13,55996.91,57777,54167.19,57367,55808.44492,56088.8,56019.4466,56088.8,58437.50366,53740.09634,74.13689654,70.46567058,-0.121775,0.05,-0.25,0
2021/10/14,57370.83,58532.54,56818.05,57347.94,43053.33678,56568.444,56462.27774,56568.444,58765.37815,54371.50985,73.90055925,126.5060934,0.179883333,0.098809524,0,-0.333333333
2021/10/15,57347.94,62933,56850,61672.42,82512.90802,57971.128,58198.99182,57971.128,61828.60201,54113.65399,86.29306618,157.3785398,0.103966667,0.055,0.166666667,-0.333333333
2021/10/16,61672.42,62378.42,60150,60875.57,35467.88096,58651.972,59091.18455,58651.972,63076.30424,54227.63976,77.7859595,94.09459515,0,0,0,0
2021/10/17,60875.57,61718.39,58963,61528.33,39099.24124,59758.252,59903.56637,59758.252,63715.35244,55801.15156,79.82278647,53.76117141,0,0,0,0
2021/10/18,61528.32,62695.78,59844.45,62009.84,51798.44844,60686.82,60605.65758,60686.82,64106.02161,57267.61839,81.3956895,75.25039347,-0.1127,0.055,-0.4,-0.6
2021/10/19,62005.6,64486,61322.22,64280.59,53628.10774,62073.35,61830.63505,62073.35,64400.3069,59746.3931,87.2532266,160.8327921,-0.083075,0.100902778,-0.125,-0.75
2021/10/20,64280.59,67000,63481.4,66001.41,51428.93486,62939.148,63220.89337,62939.148,66764.2535,59114.0425,90.18155779,128.1942155,-0.0479,0.034561688,0,-0.714285714
2021/10/21,66001.4,66639.74,62000,62193.15,68538.64537,63202.664,62878.31225,63202.664,66577.8968,59827.4312,55.13978078,30.56487006,0.030657143,0.071428571,-0.142857143,-0.714285714
2021/10/22,62193.15,63732.39,60000,60688.22,52119.35886,63034.642,62148.2815,63034.642,66788.90602,59280.37798,46.26048897,-84.45953517,0.012144444,0.092171717,-0.111111111,-0.111111111
2021/10/23,60688.23,61747.64,59562.15,61286.75,27626.93678,62890.024,61861.10433,62890.024,66841.57644,58938.47156,50.24376532,-97.47141968,0,0,0,0
2021/10/24,61286.75,61500,59510.63,60852.22,31226.57676,62204.35,61524.80955,62204.35,66142.54101,58266.15899,47.07711285,-69.79972092,0,0,0,0
2021/10/25,60852.22,63710.63,60650,63078.78,36853.83806,61619.824,62042.7997,61619.824,63414.32572,59825.32228,62.29718353,45.1771465,0.0088,0.033333333,-0.2,-0.6
2021/10/26,63078.78,63293.48,59817.55,60328.81,40217.50083,61246.956,61471.4698,61246.956,63179.44812,59314.46388,43.14228516,-21.56928661,0.225985714,0.15,0.142857143,-0.142857143
2021/10/27,60328.81,61496,58000,58413.44,62124.49016,60792,60452.12653,60792,63805.28517,57778.71483,34.03197222,-141.5818611,0.047333333,0.033838384,0.166666667,-0.666666667
2021/10/28,58413.44,62499,57820,60575.89,61056.35301,60649.828,60493.38102,60649.828,63623.13875,57676.51725,49.17763889,-37.65289744,-0.045628571,0.143073593,0.142857143,-0.714285714
2021/10/29,60575.9,62980,60174.81,62253.71,43973.90414,60930.126,61080.15735,60930.126,64178.43154,57681.82046,58.43334013,55.07769778,0.164633333,0.151515152,0.333333333,-1
2021/10/30,62253.7,62359.25,60673,61859.19,31478.12566,60686.208,61339.8349,60686.208,63390.03152,57982.38448,55.46439325,63.91143632,-0.5859,0,0,1
2021/10/31,61859.19,62405.3,59945.36,61299.8,39267.63794,60880.406,61326.48993,60880.406,63593.12044,58167.69156,50.88229794,29.09878996,0,0,0,0
2021/11/1,61299.81,62437.74,59405,60911.11,44687.66672,61379.94,61188.02996,61379.94,62601.70101,60158.17899,47.47570709,-37.64863697,0.025825,0.1025,0.5,-1
2021/11/2,60911.12,64270,60624.68,63219.99,46368.2841,61908.76,61865.34997,61908.76,63510.48647,60307.03353,64.91644512,146.0521068,0.08038,0.093333333,0.2,-0.6
2021/11/3,63220.57,63500,60382.76,62896.48,43336.09049,62037.314,62209.05998,62037.314,63821.88773,60252.74027,61.34860258,58.14440743,0.049583333,0.110416667,0.166666667,-1
2021/11/4,62896.49,63086.31,60677.01,61395.01,35930.93314,61944.478,61937.70999,61944.478,63803.21153,60085.74447,46.51664961,-5.140766066,0.173133333,0.066666667,-0.166666667,0
2021/11/5,61395.01,62595.72,60721,60937.12,31604.48749,61871.942,61604.17999,61871.942,63850.1161,59893.7679,42.59137671,-47.4268486,0.053033333,-0.033333333,0.166666667,0
2021/11/6,60940.18,61560.49,60050,61470.61,25590.57408,61983.842,61559.65666,61983.842,63787.55531,60180.12869,48.87448136,-101.3926074,0,0,0,-1
2021/11/7,61470.62,63286.35,61322.78,63273.59,25515.6883,61994.562,62130.96777,61994.562,63827.92843,60161.19557,65.03881852,107.5332968,0,0,0,0
2021/11/8,63273.58,67789,63273.58,67525.83,54442.09455,62920.432,63929.25518,62920.432,67794.59522,58046.26878,81.90497718,165.2911201,-0.067,0.088492063,0.142857143,-0.428571429
2021/11/9,67525.82,68524.25,66222.4,66947.66,44661.37807,64030.962,64935.39012,64030.962,69502.4958,58559.4282,75.69823598,97.64684234,0.053928571,0.003391053,0,0.142857143
2021/11/10,66947.67,69000,62822.9,64882.43,65171.50405,64820.024,64917.73675,64820.024,69333.30643,60306.74157,56.56053589,32.01342038,0.185475,0.0478125,0.5,-1
2021/11/11,64882.42,65600.07,64100,64774.26,37237.98058,65480.754,64869.91117,65480.754,68587.24364,62374.26436,55.63958539,-24.77865698,-0.03558,0,-0.2,-0.6
2021/11/12,64774.25,65450.7,62278,64122.23,44490.10816,65650.482,64620.68411,65650.482,68317.73886,62983.22514,49.55936568,-114.5640002,0.0129,0.2275,0.25,-1
2021/11/13,64122.22,65000,63360.22,64380,22504.97383,65021.316,64540.45607,65021.316,67023.46865,63019.16335,52.14370349,-61.88641979,0,0,0,0
2021/11/14,64380.01,65550.51,63576.27,65519.1,25705.07347,64735.604,64866.67072,64735.604,65690.42336,63780.78464,62.70010393,26.22187617,0,0,0,-1
2021/11/15,65519.11,66401.82,63400,63606.74,37829.37124,64480.466,64446.69381,64480.466,65766.3584,63194.5736,42.85991238,-1.131334896,0.1884,0.232,0.2,-0.2
2021/11/16,63606.73,63617.31,58574.07,60058.87,77455.15609,63537.388,62984.08587,63537.388,67234.31805,59840.45795,24.72002549,-166.6666667,0.083255556,0.069444444,0.111111111,-0.333333333
2021/11/17,60058.87,60840.23,58373,60344.87,46289.38491,62781.916,62104.34725,62781.916,67171.04403,58392.78797,27.79919559,-98.06109435,0.03646,0.065833333,-0.2,-0.2
2021/11/18,60344.86,60976,56474.26,56891.62,62146.99931,61284.24,60366.7715,61284.24,67284.71355,55283.76645,17.18819273,-95.24209965,0.01,-0.072727273,0,0.2
2021/11/19,56891.62,58320,55600,58052.24,50715.88726,59790.868,59595.261,59790.868,64383.73975,55197.99625,28.63266394,-92.31407632,-0.01292,0.21030303,0.2,0.2
2021/11/20,58057.1,59845,57353,59707.51,33811.5901,59011.022,59632.67733,59011.022,61660.30254,56361.74146,42.7399637,-2.139369242,0.4019,0,0,-1
2021/11/21,59707.52,60029.76,58486.65,58622.02,31902.22785,58723.652,59295.79156,58723.652,61159.02281,56288.28119,36.78024192,34.06250575,0,0,0,0
2021/11/22,58617.7,59444,55610,56247.18,51724.32047,57904.114,58279.5877,57904.114,60363.40526,55444.82274,26.62652809,-93.7078794,-0.09878,0.043636364,-0.2,0.2
2021/11/23,56243.83,58009.99,55317,57541.27,49917.85017,58034.044,58033.4818,58034.044,60328.77614,55739.31186,38.23990299,-68.16814315,0.180583333,0.166666667,0.5,-0.333333333
2021/11/24,57541.26,57735,55837,57138.29,39612.04964,57851.254,57735.08453,57851.254,60254.12357,55448.38443,36.02068306,-61.27464188,-0.073866667,-0.027777778,-0.333333333,-0.333333333
2021/11/25,57138.29,59398.9,57000,58960.36,42153.51522,57701.824,58143.50969,57701.824,59679.70385,55723.94415,51.82283906,59.97258637,0.06825,-0.083333333,-0.166666667,-0.333333333
2021/11/26,58960.37,59150,53500,53726.53,65927.87066,56722.726,56671.18313,56722.726,60192.94768,53252.50432,27.46553028,-157.4004604,-0.042528571,0.083766234,0,0.142857143
2021/11/27,53723.72,55280,53610,54721.03,29716.99957,56417.496,56021.13208,56417.496,60250.80937,52584.18263,34.74978668,-109.5737004,0,0,0,0
2021/11/28,54716.47,57445.05,53256.64,57274.88,36163.7137,56364.218,56439.04806,56364.218,60140.55599,52587.88001,50.65624773,-16.36231359,0,0,0,0
2021/11/29,57274.89,58865.97,56666.67,57776.25,40125.28009,56491.81,56884.78204,56491.81,60404.77912,52578.84088,53.44149422,66.27291333,0.0554125,0.107160895,-0.125,0
2021/11/30,57776.25,59176.99,55875.55,56950.56,49161.05194,56089.85,56906.70803,56089.85,59245.54484,52934.15516,47.87813179,69.73397544,-0.05515,0.26875,0,-1
2021/12/1,56950.56,59053.55,56458.01,57184.07,44956.63656,56781.358,56999.16202,56781.358,58910.98366,54651.73234,49.72817505,56.0893287,-0.083333333,0.066666667,0.333333333,-0.333333333
2021/12/2,57184.07,57375.47,55777.77,56480.34,37574.05976,57133.22,56826.22134,57133.22,57979.746,56286.694,43.8631208,-53.55429141,-0.187333333,0.083333333,-0.166666667,0.333333333
2021/12/3,56484.26,57600,51680,53601.05,58927.69027,56398.454,55751.16423,56398.454,59317.70182,53479.20618,27.35978946,-156.4670852,0.000533333,0.125,-0.166666667,0
2021/12/4,53601.05,53859.1,42000.3,49152.47,114203.3737,54673.698,53551.59949,54673.698,60765.30244,48582.09356,15.84570107,-154.2523282,-0.2787,-0.0625,0.5,0
2021/12/5,49152.46,49699.05,47727.21,49396.33,45580.82012,53162.852,52166.50966,53162.852,59953.30354,46372.40046,18.20441804,-77.74125907,0,0,0,0
2021/12/6,49396.32,50891.11,47100,50441.92,58571.21575,51814.422,51591.64644,51814.422,57455.68069,46173.16331,28.88706752,-43.61059626,-0.0384,0.109375,0,-0.5
2021/12/7,50441.91,51936.33,50039.74,50588.95,38253.46877,50636.144,51257.41429,50636.144,53807.14323,47465.14477,30.48292883,18.01213507,-0.196233333,0.172727273,-0.5,0
2021/12/8,50588.95,51200,48600,50471.19,38425.92466,50010.172,50995.33953,50010.172,51225.53454,48794.80946,29.8131125,49.16680519,0.117433333,0.12345679,0,-0.333333333
2021/12/9,50471.19,50797.76,47320,47545.59,37692.68665,49688.796,49845.42302,49688.796,51998.51142,47379.08058,17.72079728,-96.47563174,-0.2532375,0.101785714,-0.5,0
2021/12/10,47535.9,50125,46852,47140.54,44233.57391,49237.638,48943.79535,49237.638,52343.61112,46131.66488,16.55847596,-102.7360079,-0.082457143,-0.008928571,-0.142857143,0.142857143
2021/12/11,47140.54,49485.71,46751,49389.99,28889.19358,49027.252,49092.5269,49027.252,51913.14055,46141.36345,42.66464617,-44.70405336,0.5106,0.233333333,1,1
2021/12/12,49389.99,50777,48638,50053.9,26017.93421,48920.242,49412.9846,48920.242,51598.79245,46241.69155,48.59779896,71.56475594,0,0,0,0
2021/12/13,50053.9,50189.97,45672.75,46702.75,50869.52093,48166.554,48509.57307,48166.554,50795.60611,45537.50189,29.40124091,-113.4558239,0.11194,0.09,0.4,-0.6
2021/12/14,46702.76,48700.41,46290,48343.28,39955.98445,48326.092,48454.14204,48326.092,50880.81588,45771.36812,43.14424102,-55.7274796,-0.047166667,0.1,-0.166666667,-0.333333333
2021/12/15,48336.95,49500,46547,48864.98,51629.181,48670.98,48591.08803,48670.98,50942.26082,46399.69918,47.22777837,-9.485649121,-0.02065,-0.006334175,0,-0.5
2021/12/16,48864.98,49436.43,47511,47632.38,31949.86739,48319.458,48271.51869,48319.458,50580.83311,46058.08289,38.96308497,-14.53436011,0.0236,0.011574074,0,-0.333333333
2021/12/17,47632.38,47995.96,45456,46131.2,43104.4887,47534.918,47558.07912,47534.918,49553.81685,45516.01915,30.76657455,-148.0365167,-0.036257143,0.130952381,0,-0.142857143
2021/12/18,46133.83,47392.37,45500,46834.48,25020.05271,47561.264,47316.87942,47561.264,49539.0567,45583.4713,38.36009444,-81.17356332,0,0.125,0,-1
2021/12/19,46834.47,48300.01,46406.91,46681.23,29305.70665,47228.854,47104.99628,47228.854,49126.22243,45331.48557,37.24732639,-19.99823972,0,0,0,0
2021/12/20,46681.24,47537.57,45558.85,46914.16,35848.50609,46838.69,47041.38418,46838.69,47802.4298,45874.9502,40.52520518,-45.30041652,-0.040733333,0.073611111,-0.333333333,-0.666666667
2021/12/21,46914.17,49328.96,46630,48889.88,37713.92924,47090.19,47657.54946,47090.19,48971.07668,45209.30332,61.72356063,155.1803316,-0.10928,-0.05,0.2,-0.6
2021/12/22,48887.59,49576.13,48421.87,48588.16,27004.2022,47581.582,47967.75297,47581.582,49487.17171,45675.99229,57.79148563,105.916691,0.350675,0.2875,0.25,-0.5
2021/12/23,48588.17,51375,47920.42,50838.81,35192.54046,48382.448,48924.77198,48382.448,51400.19965,45364.69635,73.52034025,118.5652078,-0.06078,0.25,0.2,-0.2
2021/12/24,50838.82,51810,50384.43,50820,31684.81208,49210.202,49556.51465,49210.202,52177.37775,46243.02625,73.23523321,109.1111869,0.208085714,0.0745671,0.285714286,-0.714285714
2021/12/25,50819.99,51156.23,50142.32,50399.66,19135.51613,49907.302,49837.5631,49907.302,51850.17088,47964.43312,66.07749298,57.50030471,0,0,0,1
2021/12/26,50399.67,51280,49412,50775.49,22569.88914,50284.424,50150.2054,50284.424,52010.90532,48557.94268,69.41807001,33.31165076,0,0,0,0
2021/12/27,50775.48,52088,50449,50701.44,28779.58212,50707.08,50333.95027,50707.08,51028.72889,50385.43111,67.77429568,91.0099037,0.2654,0.239583333,0.5,-1
2021/12/28,50701.44,50704.05,47313.01,47543.74,45853.33924,50048.066,49403.88018,50048.066,52569.52469,47526.60731,29.95956621,-166.6666667,-0.16612,-0.22,-0.2,-0.2
2021/12/29,47543.74,48139.08,46096.99,46464.66,39498.87,49176.998,48424.14012,49176.998,52798.96559,45555.03041,24.19341584,-120.817429,-0.133633333,0.208333333,-0.166666667,0.333333333
2021/12/30,46464.66,47900,45900,47120.87,30352.29569,48521.24,47989.71675,48521.24,52206.99407,44835.48593,33.86856373,-76.10213313,0,0.138257576,0,-1
2021/12/31,47120.88,48548.26,45678,46216.93,34937.99796,47609.528,47398.78783,47609.528,50841.00895,44378.04705,27.76647859,-59.46286463,0.14955,0.1125,0,-0.5
2022/1/1,46216.93,47954.63,46208.37,47722.65,19604.46325,47013.77,47506.74189,47013.77,48190.6558,45836.8842,47.47196849,-0.756127925,0,0,0,0
2022/1/2,47722.66,47990,46654,47286.18,18340.4604,46962.258,47433.22126,46962.258,48061.85677,45862.65923,43.20157207,85.86877947,0,0,0,0
2022/1/3,47286.18,47570,45696,46446.1,27662.0771,46958.546,47104.18084,46958.546,48064.94312,45852.14888,35.51519894,-113.5265233,0.00242,0.06,-0.2,-0.6
2022/1/4,46446.1,47557.54,45500,45832.01,35491.4136,46700.774,46680.12389,46700.774,48098.09873,45303.44927,30.54884074,-104.9688035,0.07118,0.075397727,-0.4,-0.2
2022/1/5,45832.01,47070,42500,43451.13,51784.11857,46147.614,45603.79259,46147.614,49145.85304,43149.37496,18.20873201,-161.394534,-0.070457143,0.079220779,0,-0.428571429
2022/1/6,43451.14,43816,42430.58,43082.31,38880.37305,45219.546,44763.2984,45219.546,48547.68011,41891.41189,16.88778918,-111.8156662,-0.023477778,0.1125,0,-0.333333333
2022/1/7,43082.3,43145.83,40610,41566.48,54836.50818,44075.606,43697.69226,44075.606,47695.1659,40456.0461,12.30267684,-109.3346559,-0.186557143,0.053165584,-0.285714286,-0.142857143
2022/1/8,41566.48,42300,40501,41679.74,32952.73111,43122.334,43025.04151,43122.334,46214.75207,40029.91593,14.47149984,-83.05735443,0.4703,0.0625,0,-1
2022/1/9,41679.74,42786.7,41200.02,41864.62,22724.39426,42328.856,42638.23434,42328.856,43889.69569,40768.01631,18.58008061,-40.79181458,0,0,0,0
2022/1/10,41864.62,42248.5,39650,41822.49,50729.17019,42003.128,42366.31956,42003.128,43102.83328,40903.42272,18.32927469,-91.02122415,0.1047,0.175,0.333333333,-0.666666667
2022/1/11,41822.49,43100,41268.93,42729.29,37296.43729,41932.524,42487.30971,41932.524,42756.87463,41108.17337,40.08802322,125.8877055,0.02828,0.235,0,-0.6
2022/1/12,42729.29,44322,42450,43902.66,33943.2928,42399.76,42959.09314,42399.76,44074.35672,40725.16328,58.13057554,142.4382747,0.211266667,0.270833333,0.5,-0.333333333
2022/1/13,43902.65,44500,42311.22,42560.11,34910.87762,42575.834,42826.09876,42575.834,44087.817,41063.851,40.63044172,63.06775132,0.224916667,0.009259259,0.333333333,-0.333333333
2022/1/14,42558.35,43448.78,41725.95,43059.96,32640.88292,42814.902,42904.05251,42814.902,44171.48619,41458.31781,47.92627104,14.33775326,0.03856,0.11,0,0.2
2022/1/15,43059.96,43800,42555,43084.29,21936.05616,43067.262,42964.13167,43067.262,43992.31824,42142.20576,48.31273308,30.5567269,0,0,0,0
2022/1/16,43084.29,43475,42581.79,43071.66,20602.35271,43135.736,42999.97445,43135.736,43999.22295,42272.24905,48.08118851,-29.21439374,0,0,0,0
2022/1/17,43071.66,43176.18,41540.42,42201.62,27562.08613,42795.528,42733.8563,42795.528,43509.78566,42081.27034,34.03531707,-135.9782688,-0.07955,-0.0125,0.25,0
2022/1/18,42201.63,42691,41250,42352.12,29324.08257,42753.93,42606.61087,42753.93,43538.91003,41968.94997,37.95446216,-101.9763307,0.1564,0.09375,-0.25,0
2022/1/19,42352.12,42559.13,41138.56,41660.01,31685.72159,42473.94,42291.07724,42473.94,43562.52685,41385.35315,28.29192797,-92.90063707,-0.037455556,0.173148148,-0.222222222,-0.333333333
2022/1/20,41660,43505,40553.31,40680.91,42330.33953,41993.264,41754.35483,41993.264,43585.35923,40401.16877,19.50919762,-94.84212059,-0.1282,0.106013709,-0.142857143,-1
2022/1/21,40680.92,41100,35440.45,36445.31,88860.892,40667.994,39984.67322,40667.994,45050.10416,36285.88384,7.28317019,-166.6666667,-0.05314,0.075,0,0.2
2022/1/22,36445.31,36835.22,34008,35071.42,90471.33896,39241.954,38346.92215,39241.954,45093.81136,33390.09664,5.807519215,-113.9987616,-0.25,0,-1,1
2022/1/23,35071.42,36499,34601.01,36244.55,44279.52354,38020.44,37646.13143,38020.44,43285.88275,32754.99725,22.55535759,-67.51659802,0,0,0,0
2022/1/24,36244.55,37550,32917.17,36660.35,91904.75321,37020.508,37317.53762,37020.508,40842.56652,33198.44948,28.21059977,-51.73488579,-0.27492,-0.077777778,-0.4,0.2
2022/1/25,36660.35,37545.14,35701,36958.32,49232.40183,36275.99,37197.79841,36275.99,37570.27079,34981.70921,32.61818389,43.09073353,0.045066667,0.186111111,-0.166666667,0.333333333
2022/1/26,36958.32,38919.98,36234.63,36809.34,69830.16036,36348.796,37068.31228,36348.796,37712.09871,34985.49329,31.41283477,111.8241936,0.071,0.075925926,-0.333333333,-0.333333333
2022/1/27,36807.24,37234.47,35507.01,37160.1,53020.87934,36766.532,37098.90818,36766.532,37384.43216,36148.63184,38.1403214,23.85211357,0.068857143,0.071428571,0.142857143,-0.428571429
2022/1/28,37160.11,38000,36155.01,37716.56,42154.26956,37060.934,37304.79212,37060.934,37795.22335,36326.64465,48.21338193,81.07435847,0.082328571,0.025396825,0,-0.142857143
2022/1/29,37716.57,38720.74,37268.44,38166.84,26129.49682,37362.232,37592.14142,37362.232,38375.20157,36349.26243,55.53679119,134.9351248,0,0,0,0
2022/1/30,38166.83,38359.26,37351.63,37881.76,21430.66527,37546.92,37688.68094,37546.92,38534.38153,36559.45847,49.94695736,68.44997499,0,0,0,0
2022/1/31,37881.75,38744,36632.61,38466.9,36855.2458,37878.432,37948.0873,37878.432,38760.10688,36996.75712,60.21975284,54.5969725,-0.06995,0.119444444,0,0.333333333
2022/2/1,38466.9,39265.2,38000,38694.59,34574.44663,38185.33,38196.92153,38185.33,38906.92232,37463.73768,63.83048313,147.3951093,0.1691,0.058333333,0.4,-0.6
2022/2/2,38694.59,38855.92,36586.95,36896.36,35794.6813,38021.29,37763.40102,38021.29,39272.85609,36769.72391,33.66473622,-126.5060613,0,0,0,-1
2022/2/3,36896.37,37387,36250,37311.61,32081.10999,37850.244,37612.80401,37850.244,39204.99839,36495.48961,41.6275779,-117.5613575,0.11998,0.213636364,-0.2,-0.2
2022/2/4,37311.98,41772.33,37026.73,41574.25,64703.95874,38588.742,38933.28601,38588.742,41867.09894,35310.38506,77.0213599,136.2736518,0.05156,0.21,0,-1
2022/2/5,41571.7,41913.69,40843.01,41382.59,32532.34372,39171.88,39749.72067,39171.88,43124.09678,35219.66322,74.48307879,111.8414351,0,0,0,0
2022/2/6,41382.6,42656,41116.56,42380.87,22405.16704,39909.136,40626.77045,39909.136,44546.12648,35272.14552,78.99090171,85.84961532,0,0,0,0
2022/2/7,42380.87,44500.5,41645.85,43839.99,51060.62006,41297.862,41697.84363,41297.862,45643.8114,36951.9126,84.11729301,95.93372773,-0.023233333,0.126262626,0.111111111,-0.333333333
2022/2/8,43839.99,45492,42666,44042.99,64880.29387,42644.138,42479.55909,42644.138,44869.86443,40418.41157,84.76383259,103.7351079,-0.039157143,0.030735931,0.285714286,-1
2022/2/9,44043,44799,43117.92,44372.72,34428.16729,43203.832,43110.61273,43203.832,45478.80386,40928.86014,85.92696906,73.00577077,0.193885714,0.152813853,-0.142857143,-1
2022/2/10,44372.71,45821,43174.01,43495.44,62357.29091,43626.402,43238.88848,43626.402,44995.97331,42256.83069,68.52834325,60.88722806,-0.015225,0.058333333,-0.25,0
2022/2/11,43495.44,43920,41938.51,42373.73,44975.1687,43624.974,42950.50232,43624.974,44999.74204,42250.20596,51.77335464,-121.1899116,0.04745,0.075994318,0,0.25
2022/2/12,42373.73,43079.49,41688.88,42217.87,26556.85681,43300.55,42706.29155,43300.55,45037.19943,41563.90057,49.66432569,-101.6740901,0.6597,0,0,-1
2022/2/13,42217.87,42760,41870,42053.66,17732.08113,42902.684,42488.7477,42902.684,44687.50216,41117.86584,47.13560831,-72.39506563,0,0,0,0
2022/2/14,42053.65,42842.4,41550.56,42535.94,34010.1306,42535.328,42504.47847,42535.328,43547.53864,41523.11736,55.4610194,-52.66406256,-0.00894,0.188888889,-0.4,0.2
2022/2/15,42535.94,44751.4,42427.03,44544.86,38095.19576,42745.212,43184.60564,42745.212,44573.18581,40917.23819,75.52808339,161.2488588,0.037909091,0.076584022,-0.090909091,-0.272727273
2022/2/16,44544.85,44549.97,43307,43873.56,28471.8727,43045.178,43414.2571,43045.178,45017.41179,41072.94421,63.56540565,83.43677186,0.116314286,0.010541126,0,-0.428571429
2022/2/17,43873.56,44164.71,40073.21,40515.7,47245.99494,42704.744,42448.0714,42704.744,45532.67279,39876.81521,31.93726681,-89.4656711,-0.1453,0.072340535,-0.222222222,-0.111111111
2022/2/18,40515.71,40959.88,39450,39974.44,43845.92241,42288.9,41623.5276,42288.9,45884.73036,38693.06964,29.02714908,-121.1358913,-0.1046625,0.108901515,-0.125,-0.5
2022/2/19,39974.45,40444.32,39639.03,40079.17,18042.0551,41797.546,41108.74173,41797.546,45775.20653,37819.88547,30.55757694,-77.92678357,0,0,0,0
2022/2/20,40079.17,40125.44,38000,38386.89,33439.29011,40565.952,40201.45782,40565.952,44174.60275,36957.30125,21.28641351,-93.31697332,0,0,0,0
2022/2/21,38386.89,39494.35,36800,37008.16,62347.68496,39192.872,39137.02521,39192.872,41811.0882,36574.6558,16.26181509,-115.8294943,0.168333333,-0.108333333,0,0
2022/2/22,37008.16,38429,36350,38230.33,53785.94589,38735.798,38834.79348,38735.798,41051.11225,36420.48375,33.62298501,-84.85343205,-0.122616667,0.183333333,-0.166666667,0.333333333
2022/2/23,38230.33,39249.93,37036.79,37250.01,43560.732,38190.912,38306.53232,38190.912,40361.56689,36020.25711,27.83648348,-48.57965121,-0.046485714,0.229220779,-0.142857143,-0.428571429
2022/2/24,37250.02,39843,34322.28,38327.21,120476.2946,37840.52,38313.42488,37840.52,39016.56911,36664.47089,41.63341694,-77.70181385,-0.065688889,0.077777778,-0.111111111,0.333333333
2022/2/25,38328.68,39683.53,38014.37,39219.17,56574.57125,38006.976,38615.33992,38006.976,39605.09541,36408.85659,51.27550837,166.6666667,-0.1306625,0.102556818,0.125,-0.25
2022/2/26,39219.16,40348.45,38573.18,39116.72,29361.2568,38428.688,38782.46661,38428.688,39853.37753,37003.99847,50.08751756,100.7732232,0.5994,0,0,-1
2022/2/27,39116.73,39855.7,37000,37699.07,46229.44719,38322.436,38421.33441,38322.436,39864.83009,36780.04191,35.75772135,-19.44979411,0.2023,-0.266666667,0,1
2022/2/28,37699.08,44225.84,37450.17,43160,73945.63858,39504.434,40000.88961,39504.434,43324.38751,35684.48049,72.98001786,152.9339895,-0.21457,0.064166667,0,0
2022/3/1,43160,44949,42809.98,44421.2,61743.09873,40723.232,41474.3264,40723.232,45907.93602,35538.52798,76.85192149,125.8176833,-0.171257143,0.075,0.285714286,0.142857143
2022/3/2,44421.2,45400,43334.09,43892.98,57782.65081,41657.994,42280.54427,41657.994,47099.87931,36216.10869,71.48879144,83.63062828,-0.0674,0.083333333,0.111111111,-0.555555556
2022/3/3,43892.99,44101.12,41832.28,42454,50940.61021,42325.45,42338.36285,42325.45,47139.23928,37511.66072,57.76233926,22.84761737,-0.189688889,-0.027777778,-0.111111111,0.333333333
2022/3/4,42454,42527.3,38550,39148.66,61964.68498,42615.368,41275.12856,42615.368,46328.48525,38902.25075,37.23468194,-120.8475324,-0.116111111,0.046464646,-0.222222222,0.111111111
2022/3/5,39148.65,39613.24,38407.59,39397.96,30363.13341,41862.96,40649.40571,41862.96,46286.40218,37439.51782,39.26946392,-99.25673365,-0.2732,0,-1,1
2022/3/6,39397.97,39693.87,38088.57,38420.81,39677.26158,40662.882,39906.54047,40662.882,44911.30943,36414.45457,33.88700946,-74.86702817,0,0,0,0
2022/3/7,38420.8,39547.57,37155,37988,63994.11559,39481.886,39267.02698,39481.886,42619.92646,36343.84554,31.49679014,-79.49198,0.177742857,0.114285714,0.142857143,-0.428571429
2022/3/8,37988.01,39362.08,37867.65,38730.63,55528.43367,38737.212,39088.22799,38737.212,39744.1279,37730.2961,40.49836726,-40.71879117,-0.121342857,0.095454545,-0.142857143,-0.714285714
2022/3/9,38730.63,42594.06,38656.45,41941.71,67392.58799,39295.822,40039.38866,39295.822,42096.77068,36494.87332,65.20831399,166.6666667,0.273009091,0.052892562,0.090909091,-0.454545455
2022/3/10,41941.7,42039.63,38539.73,39422,71950.25677,39300.63,39833.59244,39300.63,42102.3459,36498.9141,46.33458698,46.27069628,0.113266667,0.044444444,0,-0.111111111
2022/3/11,39422.01,40236.26,38223.6,38729.57,59018.7642,39362.382,39465.58496,39362.382,42096.6058,36628.1582,42.14443072,-25.00878564,0.1531,0.059090909,-0.2,-1
2022/3/12,38729.57,39486.71,38660.52,38807.36,24034.36432,39526.254,39246.17664,39526.254,41996.85362,37055.65438,42.86994749,-48.3738243,-0.1421,0,0,0
2022/3/13,38807.35,39310,37578.51,37777.34,32791.82359,39335.596,38756.56443,39335.596,42146.11316,36525.07884,35.50143125,-97.38014038,0,0,0,0
2022/3/14,37777.35,39947.12,37555,39671.37,46945.45375,38881.528,39061.49962,38881.528,40197.21296,37565.84304,53.76691492,-1.393873092,-0.4621,0.107142857,0,0.142857143
2022/3/15,39671.37,39887.61,38098.33,39280.33,46015.54926,38853.194,39134.44308,38853.194,40126.52117,37579.86683,50.10501367,51.77422639,-0.111425,0.163573232,0,-0.25
2022/3/16,39280.33,41718,38828.48,41114,88120.76167,39330.08,39794.29539,39330.08,41518.33267,37141.82733,64.34060446,166.6666667,0.09176,0.1,0.2,0.6
2022/3/17,41114.01,41478.82,40500,40917.9,37189.38087,39752.188,40168.83026,39752.188,42175.84186,37328.53414,61.97678629,97.8594044,0.162075,0.15625,0,-0.5
2022/3/18,40917.89,42325.02,40135.04,41757.51,45408.00969,40548.222,40698.39017,40548.222,42401.98867,38694.45533,68.22462293,87.02495005,-0.263983333,0.011363636,0.166666667,0.333333333
2022/3/19,41757.51,42400,41499.29,42201.13,29067.18108,41054.174,41199.30345,41054.174,43049.9419,39058.4061,71.33540885,103.2105339,0,0,0,0
2022/3/20,42201.13,42296.26,40911,41262.11,30653.33468,41450.53,41220.23897,41450.53,42384.37638,40516.68362,56.65893952,31.46437093,0,0,0,0
2022/3/21,41262.11,41544.22,40467.94,41002.25,39426.24877,41428.18,41147.57598,41428.18,42397.83612,40458.52388,52.89449002,-79.19211778,0.160685714,0.17606679,0,-0.428571429
2022/3/22,41002.26,43361,40875.51,42364.13,59454.94294,41717.426,41553.09398,41717.426,42765.31596,40669.53604,67.17966271,97.5114418,0.0309,0.0375,-0.25,0
2022/3/23,42364.13,43025.96,41751.47,42882.76,40828.87039,41942.476,41996.31599,41942.476,43349.81414,40535.13786,71.3198835,95.37726851,0.0073625,0.059983766,-0.125,-0.5
2022/3/24,42882.76,44220.89,42560.46,43991.46,56195.12374,42300.542,42661.36399,42300.542,44485.23933,40115.84467,78.5503597,128.8303663,-0.040171429,0.071428571,0,-0.142857143
2022/3/25,43991.46,45094.14,43579,44313.16,54614.43648,42910.752,43211.96266,42910.752,45290.10267,40531.40133,80.34738186,108.4454107,0.1052125,0.0625,0.25,-0.75
2022/3/26,44313.16,44792.99,44071.97,44511.27,23041.61741,43612.556,43645.06511,43612.556,45293.81047,41931.30153,81.53801293,81.9618403,-0.5719,0,-1,1
2022/3/27,44511.27,46999,44421.46,46827.76,41874.91071,44505.282,44705.96341,44505.282,47086.35797,41924.20603,90.20846372,138.5380893,0,0,0,0
2022/3/28,46827.76,48189.84,46663.56,47122.21,58949.2614,45353.172,45511.37894,45353.172,48028.77866,42677.56534,90.88837204,116.8042828,-0.098225,0.0725,0.375,-0.5
2022/3/29,47122.21,48096.47,46950.85,47434.8,36772.28457,46041.84,46152.51929,46041.84,48733.48429,43350.19571,91.65712822,83.98081554,0.11205,0.208333333,0,0
2022/3/30,47434.79,47700.22,46445.42,47067.99,40947.2085,46592.806,46457.67619,46592.806,48709.97729,44475.63471,81.56314236,40.08998967,0.07942,0.167272727,0.4,-0.2
2022/3/31,47067.99,47600,45200,45510.34,48645.12667,46792.62,46141.89746,46792.62,48131.97213,45453.26787,51.4734193,-82.13873853,-0.068257143,0.127380952,0,-0.142857143
2022/4/1,45510.35,46720.09,44200,46283.49,56271.06474,46683.766,46189.09498,46683.766,48081.21017,45286.32183,60.51188201,-101.9273716,-0.07075,0.049242424,0,0
2022/4/2,46283.49,47213,45620,45811,37073.53582,46421.524,46063.06332,46421.524,47882.12545,44960.92255,52.97449859,-33.91438358,0,0,0,0
2022/4/3,45810.99,47444.11,45530.92,46407.35,33394.67794,46216.034,46177.82554,46216.034,47285.25342,45146.81458,60.6979849,26.69659993,0,0,0,0
2022/4/4,46407.36,46890.71,45118,46580.51,44641.87514,46118.538,46312.0537,46118.538,46912.77932,45324.29668,62.90906317,20.34500147,-0.124442857,0.066964286,-0.285714286,-0.714285714
2022/4/5,46580.5,47200,45353.81,45497.55,42192.74852,46115.98,46040.55246,46115.98,46918.08357,45313.87643,43.69264362,-36.02236514,0.083671429,0.094372294,0,-0.428571429
2022/4/6,45497.54,45507.14,43121,43170.47,60849.32936,45493.376,45083.85831,45493.376,47945.15144,43041.60056,24.00061308,-166.6666667,0.113557143,-0.057142857,0.285714286,-0.428571429
2022/4/7,43170.47,43900.99,42727.35,43444.19,37396.54156,45020.014,44537.30221,45020.014,47917.17452,42122.85348,28.7237675,-98.82248425,0.112122222,0.120959596,0,-0.555555556
2022/4/8,43444.2,43970.62,42107.14,42252.01,42375.04203,44188.946,43775.53814,44188.946,47385.9069,40991.9851,21.46205972,-84.78958232,-0.087185714,0.092207792,0.142857143,-0.142857143
2022/4/9,42252.02,42800,42125.48,42753.97,17891.66047,43423.638,43435.01543,43423.638,45648.37076,41198.90524,30.68485922,-78.16775311,0,0.125,0,-1
2022/4/10,42753.96,43410.3,41868,42158.85,22771.09403,42755.898,43009.62695,42755.898,43758.29072,41753.50528,26.13630927,-72.3955184,0,0,0,0
2022/4/11,42158.85,42414.71,39200,39530.45,63560.44721,42027.894,41849.9013,42027.894,44686.86895,39368.91905,14.37354115,-166.6666667,0.042657143,0.071428571,-0.285714286,-0.142857143
2022/4/12,39530.45,40699,39254.63,40074.94,57751.01778,41354.044,41258.24753,41354.044,43942.54945,38765.53855,23.31086651,-94.06031527,-0.0865,-0.05,0,-0.333333333
2022/4/13,40074.95,41561.31,39588.54,41147.79,41341.39177,41133.2,41221.42836,41133.2,43561.00361,38705.39639,38.99395422,-30.80930954,-0.08038,0.027272727,0,-0.6
2022/4/14,41147.78,41500,39551.94,39942.38,36807.01401,40570.882,40795.0789,40570.882,42484.60867,38657.15533,30.29332779,-45.6912067,-0.021585714,0.074025974,0,-0.142857143
2022/4/15,39942.37,40870.36,39766.4,40551.9,24026.35739,40249.492,40714.01927,40249.492,41359.51812,39139.46588,38.90907815,7.77468351,-0.01522,-0.006666667,0,-0.2
2022/4/16,40551.9,40709.35,39991.55,40378.71,15805.44718,40419.144,40602.24951,40419.144,41265.76758,39572.52042,37.27280538,-5.083494566,0,0,0,0
2022/4/17,40378.7,40595.67,39546.17,39678.12,19988.49259,40339.78,40294.20634,40339.78,41357.6646,39321.8954,30.73677336,-156.4859914,0,0,0,0
2022/4/18,39678.11,41116.73,38536.51,40801.13,54243.49575,40270.448,40463.18089,40270.448,41085.82048,39455.07552,48.74552417,-36.97614425,-0.09114,0.09,-0.2,-0.2
2022/4/19,40801.13,41760,40571,41493.18,35788.85843,40580.608,40806.51393,40580.608,41759.58693,39401.62907,57.29801792,166.6666667,0.050575,0.125,0.25,-1
2022/4/20,41493.19,42199,40820,41358.19,40877.35041,40741.866,40990.40595,40741.866,42071.91203,39411.81997,55.05797995,93.85664412,-0.32842,-0.04,-0.2,0.6
2022/4/21,41358.19,42976,39751,40480.01,59316.27657,40762.126,40820.27397,40762.126,42072.36628,39451.88572,41.776655,32.98161252,0.10135,0.095454545,-0.166666667,-0.333333333
2022/4/22,40480.01,40795.06,39177,39709.18,46664.0196,40768.338,40449.90931,40768.338,42058.09622,39478.57978,33.03361745,-97.70809934,0.075685714,0.076190476,-0.142857143,-0.142857143
2022/4/23,39709.19,39980,39285,39441.6,20291.42375,40496.432,40113.80621,40496.432,42162.28658,38830.57742,30.28356641,-98.01877345,0,0,0,0
2022/4/24,39441.61,39940,38929.62,39450.13,26703.61186,40087.822,39892.58081,40087.822,41567.08398,38608.56002,30.51407487,-72.10949929,0,0,0,0
2022/4/25,39450.12,40616,38200,40426.08,63037.12784,39901.4,40070.41387,39901.4,40823.1756,38979.6244,52.82271819,-29.0932517,0.0800875,0.061111111,0.25,-0.75
2022/4/26,40426.08,40797.31,37702.26,38112.65,66650.258,39427.928,39417.82591,39427.928,40926.20599,37929.65001,27.07059853,-151.3260314,0.214755556,0.094444444,0,-0.333333333
2022/4/27,38112.64,39474.72,37881.31,39235.72,57083.12272,39333.236,39357.12394,39333.236,40808.10671,37858.36529,43.72024187,-83.99323273,0.016990909,0.11,0.090909091,-0.454545455
2022/4/28,39235.72,40372.63,38881.43,39742.07,56086.6715,39393.33,39485.43929,39393.33,40904.99149,37881.66851,50.13594001,64.40950997,-0.104928571,0.231168831,0,-0.142857143
2022/4/29,39742.06,39925.25,38175,38596.11,51453.65715,39222.526,39188.9962,39222.526,40857.85203,37587.19997,37.91017281,-52.04002243,0.084414286,0.178571429,0.142857143,-0.714285714
2022/4/30,38596.11,38795.38,37578.2,37630.8,35321.18989,38663.47,38669.59746,38663.47,40177.45689,37149.48311,30.16490724,-166.6666667,0,0,0,0
2022/5/1,37630.8,38675,37386.38,38468.35,38812.24104,38734.61,38602.51498,38734.61,40169.75739,37299.46261,42.83225185,-71.79193809,0,0,0,0
2022/5/2,38468.35,39167.34,38052,38525.16,53200.92628,38592.498,38576.72998,38592.498,39939.00132,37245.99468,43.69813387,-11.2363494,0.113675,0.025,0,0.5
2022/5/3,38525.16,38651.51,37517.8,37728.95,40316.45358,38189.874,38294.13666,38189.874,39028.92487,37350.82313,34.53440111,-72.00191472,-0.1517,0.11171875,0.25,-0.25
2022/5/4,37728.95,40023.77,37670,39690,62574.61736,38408.652,38759.42444,38408.652,39885.41581,36931.88819,60.21840648,130.3736828,-0.060733333,0.023232323,0.166666667,-0.666666667
2022/5/5,39690,39845.51,35571.9,36552.97,88722.43355,38193.086,38023.93962,38193.086,40258.45718,36127.71482,33.74536791,-122.6121557,-0.01102,0.209583333,0.4,-0.6
2022/5/6,36552.97,36675.63,35258,36013.77,68437.80187,37702.17,37353.88308,37702.17,40355.59843,35048.74157,30.83309005,-132.2037517,0.03885,0.134259259,0,-0.333333333
2022/5/7,36013.77,36146.3,34785,35472.39,34281.70682,37091.616,36726.71872,37091.616,40089.15878,34094.07322,27.81983728,-98.13631505,0,0,0,0
2022/5/8,35472.4,35514.22,33713.95,34038.4,72445.64344,36353.506,35830.61248,36353.506,40086.97408,32620.03792,21.01873843,-96.66422032,0,0,0,0
2022/5/9,34038.39,34243.15,30033.33,30076.31,191876.9264,34430.768,33912.51165,34430.768,39096.3758,29765.1602,11.39640259,-145.4573393,0.05875,0.039393939,0,-0.333333333
2022/5/10,30074.23,32658.99,29730.4,31017.1,165532.0031,33323.594,32947.37444,33323.594,38075.86392,28571.32408,21.99556463,-88.81284244,-0.037066667,-0.040088384,-0.333333333,0
2022/5/11,31017.11,32162.59,27785,29103.94,207063.7393,31941.628,31666.22962,31941.628,36778.93052,27104.32548,16.86672107,-91.13472016,0.01705,0.01322601,0,-0.25
2022/5/12,29103.94,30243,26700,29029.75,204507.2631,30653.1,30787.40308,30653.1,34336.64185,26969.55815,16.67820957,-105.847385,0.110514286,0.120634921,0.428571429,-0.428571429
2022/5/13,29029.74,31083.37,28751.67,29287.05,97872.36957,29702.83,30287.28539,29702.83,31213.16026,28192.49974,20.52874981,-29.98990999,0.0037,0.10952381,-0.166666667,-0.333333333
2022/5/14,29287.05,30343.27,28630,30086.74,51095.87863,29704.916,30220.43693,29704.916,31217.33121,28192.50079,32.62507042,-10.71536894,0.296,0,0,-1
2022/5/15,30086.74,31460,29480,31328.89,46275.66912,29767.274,30589.92128,29767.274,31500.54185,28034.00615,47.99442248,165.2589253,0,0,0,0
2022/5/16,31328.89,31328.9,29087.04,29874.01,73082.19658,29921.288,30351.28419,29921.288,31523.29944,28319.27656,35.97836906,40.75750863,-0.131016667,0.083333333,0.166666667,0
2022/5/17,29874.01,30788.37,29450.38,30444.93,56724.13307,30204.324,30382.49946,30204.324,31556.91111,28851.73689,42.980821,27.8334788,0.158371429,0.019480519,0.285714286,-0.714285714
2022/5/18,30444.93,30709.99,28654.47,28715.32,59749.15799,30089.978,29826.77297,30089.978,31786.38152,28393.57448,30.39239828,-110.4432572,-0.0848,0.148080808,-0.4,0.2
2022/5/19,28715.33,30545.18,28691.38,30319.23,67877.36415,30136.476,29990.92532,30136.476,31842.69212,28430.25988,48.03459766,-38.04026956,-0.188683333,0.026388889,0.333333333,0.333333333
2022/5/20,30319.22,30777.33,28730,29201.01,60517.25325,29710.9,29727.62021,29710.9,31033.51488,28388.28512,39.34429181,-58.8440641,-0.111883333,0.124074074,-0.333333333,-0.333333333
2022/5/21,29201.01,29656.18,28947.28,29445.06,20987.13124,29625.11,29633.43347,29625.11,30949.92065,28300.29935,42.19722225,-72.93576445,-0.5106,0,0,1
2022/5/22,29445.07,30487.99,29255.11,30293.94,36158.98748,29594.912,29853.60232,29594.912,30848.57007,28341.25393,52.0110467,105.3559812,0,0,0,0
2022/5/23,30293.93,30670.51,28866.35,29109.15,63901.49932,29673.678,29605.45154,29673.678,30730.40329,28616.95271,40.12558527,-36.91010003,0.094183333,0.058333333,0.166666667,-0.333333333
2022/5/24,29109.14,29845.86,28669,29654.58,59442.96036,29540.748,29621.8277,29540.748,30385.07535,28696.42065,47.08406805,-70.00742616,-0.007042857,0.091071429,-0.142857143,0.142857143
2022/5/25,29654.58,30223.74,29294.21,29542.15,59537.38659,29608.976,29595.26846,29608.976,30384.81908,28833.13292,45.71512191,29.51441224,-0.023885714,-0.057936508,0.142857143,-0.142857143
2022/5/26,29542.14,29886.64,28019.56,29201.35,94581.65463,29560.234,29463.96231,29560.234,30399.19869,28721.26931,41.17870976,-129.1581955,-0.002883333,0.192424242,-0.333333333,0
2022/5/27,29201.35,29397.66,28282.9,28629.8,90998.5201,29227.406,29185.90821,29227.406,29950.36533,28504.44667,34.08760682,-112.2236361,-0.119885714,0.094104308,-0.142857143,0.428571429
2022/5/28,28629.81,29266,28450,29031.33,34479.35127,29211.842,29134.38214,29211.842,29947.55274,28476.13126,42.74571198,-53.67853657,0,0,0,0
2022/5/29,29031.33,29587.78,28839.21,29468.1,27567.34764,29174.546,29245.62142,29174.546,29831.37726,28517.71474,51.42210613,37.25676129,0,0,0,0
2022/5/30,29468.1,32222,29299.62,31734.22,96785.9476,29612.96,30075.15428,29612.96,31802.94598,27422.97402,75.50053012,166.6666667,0.133966667,0.125,0.333333333,-1
2022/5/31,31734.23,32399,31200.01,31801.04,62433.11632,30132.898,30650.44952,30132.898,32854.90342,27410.89258,75.94008892,103.6097303,0,0.04,0,-0.6
2022/6/1,31801.05,31982.97,29301,29805.83,103395.6338,30368.104,30368.90968,30368.104,32706.08646,28030.12154,45.48244753,4.971724311,-0.049314286,0,0,-0.428571429
2022/6/2,29805.84,30689,29594.55,30452.62,56961.42928,30652.362,30396.81312,30652.362,32580.8573,28723.8667,53.10403354,-29.50677114,0.032,0.175,-0.25,0
2022/6/3,30452.63,30699,29282.36,29700.21,54067.44727,30698.784,30164.61208,30698.784,32519.1597,28878.4083,44.13246352,-85.36131797,-0.177625,0.084090909,0.25,-0.5
2022/6/4,29700.21,29988.88,29485,29864.04,25617.90113,30324.748,30064.42139,30324.748,31891.23829,28758.25771,46.58844479,-76.73676792,0,0,0,0
2022/6/5,29864.03,30189,29531.42,29919.21,23139.9281,29948.382,30016.01759,29948.382,30473.07692,29423.68708,47.55885918,-46.71226492,0,0,0,0
2022/6/6,29919.2,31765.64,29890.23,31373.1,68836.92456,30261.836,30468.37839,30261.836,31482.44706,29041.22494,67.19342984,151.6828383,0.036225,0,0.5,-0.5
2022/6/7,31373.1,31589.6,29218.96,31125.33,110674.5166,30396.378,30687.36226,30396.378,31805.22996,28987.52604,62.23005952,57.36438035,0.200577778,0.175813692,0.333333333,-0.333333333
2022/6/8,31125.32,31327.22,29843.88,30204.77,68542.61276,30497.29,30526.49818,30497.29,31756.56833,29238.01167,46.33472012,16.54587554,-0.120071429,0.00974026,0,-0.142857143
2022/6/9,30204.77,30700,29944.1,30109.93,46291.1865,30546.468,30387.64212,30546.468,31719.21767,29373.71833,44.85911633,-42.94415914,0.035057143,0.10974026,0.142857143,-0.714285714
2022/6/10,30109.93,30382.8,28850,29091.88,76204.2498,30381.002,29955.72141,30381.002,32006.95548,28755.04852,31.42896573,-148.8865704,-0.063633333,0.041919192,0.166666667,-0.333333333
2022/6/11,29091.87,29440.41,28099.99,28424.7,65901.39895,29791.322,29445.38094,29791.322,31669.38535,27913.25865,25.23902299,-122.2575946,0,0,0,0
2022/6/12,28424.71,28544.96,26560,26574.53,92474.59881,28881.162,28488.43063,28881.162,31539.75106,26222.57294,14.99904842,-130.3551238,0,0,0,0
2022/6/13,26574.53,26895.84,21925.77,22487.41,254611.035,27337.69,26488.09042,27337.69,32708.10653,21967.27347,7.073954926,-144.088426,-0.094914286,-0.058982684,-0.285714286,0.428571429
2022/6/14,22485.27,23362.88,20846,22136.41,187201.6467,25742.986,25037.53028,25742.986,31587.93678,19898.03522,6.694253207,-104.2296009,-0.015290909,0.154683196,-0.090909091,0.636363636
2022/6/15,22136.42,22800,20111.62,22583.72,200774.4935,24441.354,24219.59352,24441.354,29579.36554,19303.34246,14.04393138,-74.71029747,0.067228571,0.138311688,0.142857143,-0.714285714
2022/6/16,22583.72,22995.73,20232,20401.31,99673.59429,22836.676,22946.83235,22836.676,26894.15364,18779.19836,9.486616598,-74.26791554,-0.022557143,0.242857143,0.285714286,0.142857143
2022/6/17,20400.6,21365.43,20246.66,20468.81,86694.33663,21615.532,22120.8249,21615.532,23566.56856,19664.49544,10.60810788,-100.6746231,0.10112,0.240606061,0,-0.6
2022/6/18,20468.81,20792.06,17622,18970.79,196441.6555,20912.208,21070.81326,20912.208,23522.85471,18301.56129,7.894572114,-143.4612323,0.10115,0.159090909,0,0
2022/6/19,18970.79,20815.95,17960.41,20574,128320.876,20599.726,20905.20884,20599.726,22905.68947,18293.76253,31.37728762,-57.90360875,0,0,0,0
2022/6/20,20574,21090,19637.03,20573.89,109028.9415,20197.76,20794.76923,20197.76,21431.741,18963.779,31.37660153,19.30438624,-0.150933333,0.186661255,0,0
2022/6/21,20573.9,21723,20348.4,20723.52,104371.0749,20262.202,20771.01949,20262.202,21563.77444,18960.62956,33.83651733,83.24848687,-0.052614286,0.048809524,-0.428571429,0.428571429
2022/6/22,20723.51,20900,19770.51,19987.99,92133.97938,20166.038,20510.00966,20166.038,21463.38338,18868.69262,27.72889342,15.56705633,-0.099566667,0.025,-0.166666667,0.333333333
2022/6/23,19988,21233,19890.07,21110.13,83127.08716,20593.906,20710.04977,20593.906,21315.69162,19872.12038,46.23588405,63.70449538,-0.1577125,-0.094064529,-0.25,-0.25
2022/6/24,21110.12,21558.41,20736.72,21237.69,77430.36622,20726.644,20885.92985,20726.644,21610.80815,19842.47985,48.12352352,105.8932384,0.120642857,-0.00952381,0,-0.142857143
2022/6/25,21237.68,21614.5,20906.62,21491.19,51431.67794,20910.104,21087.68323,20910.104,21957.03924,19863.16876,52.28506603,94.81882549,0,0.8,0,1
2022/6/26,21491.18,21888,20964.73,21038.07,53278.10464,20973.014,21071.14549,20973.014,22005.24076,19940.78724,44.33802447,60.18239373,0,0,0,0
2022/6/27,21038.08,21539.85,20510,20742.56,64475.0013,21123.928,20961.61699,21123.928,21614.50048,20633.35552,39.44989562,-53.4419581,0.175075,0.096590909,0,-1
2022/6/28,20742.57,21212.1,20202.01,20281.29,63801.0832,20958.16,20734.84133,20958.16,21793.99729,20122.32271,32.46612715,-131.9160937,-0.017,0.125,0.5,-0.5
2022/6/29,20281.28,20432.31,19854.92,20123.01,77309.04379,20735.224,20530.89755,20735.224,21732.86769,19737.58031,30.17488769,-118.8566895,-0.1512,0.06344697,-0.166666667,0.333333333
2022/6/30,20123,20179.08,18626,19942.21,93846.64806,20425.428,20334.66837,20425.428,21236.17332,19614.68268,27.41257853,-119.2632855,0.0483,0.251089015,0.125,-0.25
2022/7/1,19942.21,20918.35,18975,19279.8,111844.5949,20073.774,19983.04558,20073.774,21028.9559,19118.5921,19.31493916,-68.96709751,-0.12353,0.005151515,-0.1,0.4
2022/7/2,19279.8,19467.39,18977.01,19252.81,46180.3021,19775.824,19739.63372,19775.824,20635.26649,18916.38151,19.02865154,-102.0805457,0.38585,0,0,0
2022/7/3,19252.82,19647.63,18781,19315.83,51087.46631,19582.732,19598.36581,19582.732,20327.30047,18838.16353,22.38628458,-81.14681,0,0,0,0
2022/7/4,19315.83,20354.01,19055.31,20236.71,74814.04601,19605.472,19811.14721,19605.472,20418.45619,18792.48781,55.83654727,98.81266086,-0.23974,0.183636364,-0.4,0.2
2022/7/5,20236.71,20750,19304.4,20175.83,96041.13756,19652.196,19932.70814,19652.196,20558.69662,18745.69538,53.91627609,94.27803461,-0.14015,0.023863636,0,0.333333333
2022/7/6,20175.84,20675.22,19761.25,20564.51,82439.5808,19909.138,20143.30876,19909.138,20963.92568,18854.35032,63.84045399,93.82467447,-0.156,0,0,0
2022/7/7,20564.51,21838.1,20251.68,21624.98,85014.58261,20383.572,20637.19917,20383.572,21874.51279,18892.63121,79.1521735,143.1426439,-0.156533333,0.07,0,0.333333333
2022/7/8,21624.99,22527.37,21189.26,21594.75,403081.5735,20839.356,20956.38278,20839.356,22125.22207,19553.48993,77.97562553,109.6032713,0.05145,0.085,0.1,-0.4
2022/7/9,21594.75,21980,21322.12,21591.83,178417.8447,21110.38,21168.19852,21110.38,22344.09936,19876.66064,77.83593029,64.3187122,-0.148,0,0,1
2022/7/10,21592.15,21607.65,20655,20862.47,192188.2156,21247.708,21066.28901,21247.708,22140.50589,20354.91011,49.9152863,-26.092019,0,0,0,0
2022/7/11,20861.11,20868.48,19875.23,19963.61,137535.4072,21127.528,20698.72934,21127.528,22425.61647,19829.43953,32.14962579,-144.9759508,-0.055283333,0.11875,0.333333333,-0.333333333
2022/7/12,19963.61,20059.42,19240,19328.75,139506.4586,20668.282,20242.06956,20668.282,22466.03648,18870.52752,24.46276173,-113.5664421,-0.106383333,0.037205387,0,0.333333333
2022/7/13,19331.28,20366.61,18910.94,20234.87,209250.2489,20396.306,20239.66971,20396.306,21945.38308,18847.22892,47.04977668,-58.82896666,-0.105375,0.05,-0.75,0.5
2022/7/14,20234.87,20900,19616.07,20588.84,174809.217,20195.708,20356.05981,20195.708,21256.32806,19135.08794,53.79609964,26.3877681,-0.166433333,0.05719697,0,0
2022/7/15,20588.84,21200,20382.29,20830.04,143343.3049,20189.222,20514.0532,20189.222,21233.72718,19144.71682,58.31938804,115.2094539,0.073375,0.0125,-0.5,-0.5
2022/7/16,20830.04,21588.94,20478.61,21195.6,121011.6739,20435.62,20741.23547,20435.62,21707.49259,19163.74741,64.84034867,99.22813841,0.6059,0.214285714,1,-1
2022/7/17,21195.6,21684.54,20750.01,20798.16,118229.4525,20729.502,20760.21031,20729.502,21359.75006,20099.25394,53.47136418,69.3003825,0,0,0,0
2022/7/18,20799.58,22777.63,20762.45,22432.58,239942.7313,21169.044,21317.66688,21169.044,22491.57,19846.518,75.52823055,160.7835859,-0.1215,0.106060606,-0.166666667,0.666666667
2022/7/19,22432.58,23800,21579.54,23396.62,263770.7657,21730.6,22010.65125,21730.6,23777.07526,19684.12474,81.86623862,127.5301349,-0.051325,0.18125,0,0
2022/7/20,23398.48,24276.74,22906.19,23223.3,238762.1709,22209.252,22414.8675,22209.252,24308.14362,20110.36038,77.36339784,104.1610894,0.24762,0.080833333,0.4,-0.6
2022/7/21,23223.3,23442.77,22341.46,23152.19,184817.6819,22600.57,22660.64167,22600.57,24519.46037,20681.67963,75.24099273,42.84609722,0.0309,0.148845599,0,-0.142857143
2022/7/22,23152.19,23756.49,22500,22684.83,171598.4397,22977.904,22668.70444,22977.904,23698.56399,22257.24401,61.40195693,21.18292609,-0.02985,-0.0875,0,0
2022/7/23,22684.83,23000.77,21934.57,22451.07,122137.7738,22981.602,22596.15963,22981.602,23691.13478,22272.06922,55.06925314,-154.9974444,0,0,0,0
2022/7/24,22448.58,23014.64,22257.15,22579.68,115189.6728,22818.214,22590.66642,22818.214,23441.18695,22195.24105,58.04505922,-65.48096146,0,0,0,0
2022/7/25,22577.13,22666,21250,21310.9,180344.7664,22435.734,22164.07761,22435.734,23656.08319,21215.38481,31.95015995,-149.4049634,0.02274,0.070909091,0,-0.6
2022/7/26,21310.9,21347.82,20706.5,21254.67,177817.2433,22056.23,21860.94174,22056.23,23328.40978,20784.05022,31.17378473,-118.458763,0.035971429,0.107142857,-0.142857143,0.142857143
2022/7/27,21254.67,23112.63,21042.53,22952.45,210971.198,22109.754,22224.77783,22109.754,23500.23592,20719.27208,64.09899601,40.66965671,-0.2323,0.125,0.25,0.5
2022/7/28,22954.31,24199.72,22582.13,23842.93,236029.0741,22388.126,22764.16189,22388.126,24371.40562,20404.84638,72.67053164,123.9183152,0,0.125,0,-1
2022/7/29,23845.25,24442.66,23414.03,23773.75,198298.5062,22626.94,23100.69126,22626.94,24909.89385,20343.98615,71.02380179,95.14395414,-0.164383333,-0.039583333,-0.5,-0.666666667
2022/7/30,23777.28,24668,23502.25,23643.51,151060.1321,23093.462,23281.63084,23093.462,25038.31927,21148.60473,67.42813837,65.88934408,0,0.25,0,-1
2022/7/31,23644.64,24194.82,23227.31,23293.32,127743.3248,23501.192,23285.52723,23501.192,24167.91874,22834.46526,57.62325814,17.17430018,0,0,0,0
2022/8/1,23296.36,23509.68,22850,23268.01,144210.1622,23564.304,23279.68815,23564.304,24045.13339,23083.47461,56.87607144,-124.5256107,0.227975,0.09,0.5,-0.5
2022/8/2,23266.9,23459.89,22654.37,22987.79,158073.2823,23393.276,23182.38877,23393.276,23957.17612,22829.37588,48.22245511,-101.3889988,-0.21794,-0.01,-0.2,0.2
2022/8/3,22985.93,23647.68,22681.22,22818.37,145948.81,23202.2,23061.04918,23202.2,23768.3699,22636.0301,43.24939567,-65.77127915,0.05984,0.141111111,-0.2,-0.2
2022/8/4,22816.91,23223.32,22400,22622.98,154854.6702,22998.094,22915.02612,22998.094,23514.33459,22481.85341,37.65173022,-116.2630513,-0.33138,0.06,-0.6,0.2
2022/8/5,22622.41,23472.86,22586.95,23312.42,175251.6975,23001.914,23047.49075,23001.914,23527.0425,22476.7855,60.30951538,53.37700084,0.005025,0.080787037,0,-1
2022/8/6,23313.56,23354.36,22909.52,22954.21,83911.80307,22939.154,23016.39716,22939.154,23392.12148,22486.18652,48.79341363,43.43518989,0,0,0,-1
2022/8/7,22954.21,23402,22844.62,23174.39,88890.00877,22976.474,23069.06144,22976.474,23468.39353,22484.55447,55.34491386,67.89627961,0,0,0,0
2022/8/8,23174.39,24245,23154.25,23810,170958.4415,23174.8,23316.04096,23174.8,23962.49727,22387.10273,69.44940618,166.6666667,0,0.083333333,0,-0.333333333
2022/8/9,23810.98,23933.25,22865,23149.95,143182.5086,23280.194,23260.67731,23280.194,23857.19068,22703.19732,49.25493765,12.80187498,-0.133966667,0.166666667,0,-1
2022/8/10,23151.32,24226,22664.69,23954.05,208916.5495,23408.52,23491.80154,23408.52,24201.92383,22615.11617,64.82874993,66.43415519,0.034925,0.073611111,-0.25,0.5
2022/8/11,23954.05,24918.54,23852.13,23934.39,249759.7956,23604.556,23639.33103,23604.556,24333.85877,22875.25323,64.22633222,137.2575655,-0.1891375,0.029050926,-0.25,0
2022/8/12,23933.09,24456.5,23583,24403.68,174207.5704,23850.414,23894.11402,23850.414,24658.46289,23042.36511,71.99201643,73.79544664,0.009416667,-0.026136364,0,0
2022/8/13,24401.7,24888,24291.22,24441.38,152852.2544,23976.69,24076.53601,23976.69,24907.95071,23045.42929,72.58952331,93.90789721,0.6369,0.045454545,0,-1
2022/8/14,24443.06,25047.56,24144,24305.24,151206.1447,24207.748,24152.77067,24207.748,24647.35257,23768.14343,66.21333765,74.52456219,0,0,0,0
2022/8/15,24305.25,25211.32,23773.22,24094.82,242539.5476,24235.902,24133.45378,24235.902,24621.63978,23850.16422,56.60679984,1.744530661,0.30156,0.077333333,0,-0.2
2022/8/16,24093.04,24247.49,23671.22,23854.74,179324.9482,24219.972,24040.54919,24219.972,24657.32604,23782.61796,46.90190418,-119.3699423,0.0432,0.089332096,-0.142857143,0.142857143
2022/8/17,23856.15,24446.71,23180.4,23342.66,210668.6877,24007.768,23807.91946,24007.768,24782.2992,23233.2368,32.18846081,-110.8629717,-0.313128571,0.147402597,-0.428571429,0.428571429
2022/8/18,23342.66,23600,23111.04,23191.2,144185.9701,23757.732,23602.34631,23757.732,24613.79142,22901.67258,28.84314853,-112.0967347,0.0256,0.2,0,0.2
2022/8/19,23191.45,23208.67,20783.57,20834.39,283995.8775,23063.562,22679.6942,23063.562,25387.84265,20739.28135,9.545979741,-160.3526042,0,0.108333333,0,0.333333333
2022/8/20,20834.39,21382.85,20761.9,21140.07,183041.6836,22472.612,22166.48614,22472.612,24945.35453,19999.86947,18.39729758,-99.01874921,0,0,0,-1
2022/8/21,21140.07,21800,21069.11,21515.61,159200.6841,22004.786,21949.52742,22004.786,24112.74022,19896.83178,29.05793298,-50.69757911,0,0,0,0
2022/8/22,21516.7,21548.71,20890.18,21399.83,222222.0453,21616.22,21766.29495,21616.22,23259.50597,19972.93403,27.66510273,-50.43903652,0.156775,0,0,0.5
2022/8/23,21400.75,21684.87,20890.14,21529.12,200967.7716,21283.804,21687.23663,21283.804,21812.96061,20754.64739,32.20134221,2.586334724,0.032216667,0.106060606,0.166666667,-0.666666667
2022/8/24,21529.11,21900,21145,21368.08,174383.2205,21390.542,21580.85109,21390.542,21670.78889,21110.29511,29.33689339,76.69071229,0.10092,0.003333333,-0.2,0.2
2022/8/25,21368.05,21819.88,21310.15,21559.04,169915.783,21474.336,21573.58073,21474.336,21625.91721,21322.75479,37.56858226,106.8101874,0.182766667,0.083333333,-0.166666667,-0.333333333
2022/8/26,21559.04,21886.77,20107.9,20241.05,273811.6196,21219.424,21129.40382,21219.424,22208.61003,20230.23797,18.73723382,-164.8936084,0.03565,0.019135802,0,-0.333333333
2022/8/27,20239.14,20402.93,19800,20037.6,162582.4603,20946.978,20765.46921,20946.978,22278.48505,19615.47095,17.08480684,-127.124815,0,0,0,0
2022/8/28,20037.6,20171.18,19520,19555.61,139307.9598,20552.276,20362.18281,20552.276,22110.27627,18994.27573,13.5468956,-100.4334446,0,0,-1,1
2022/8/29,19555.61,20433.62,19550.79,20285.73,210509.4955,20335.806,20336.69854,20335.806,21664.08921,19007.52279,37.89759779,-41.79749084,-0.3611,0.125,0.25,0.5
2022/8/30,20287.2,20576.25,19540,19811.66,256634.3553,19986.33,20161.68569,19986.33,20532.72222,19439.93778,30.84599394,-41.07547998,0.03205,0.025,0.333333333,0
2022/8/31,19813.03,20490,19797.94,20050.02,276946.6077,19948.124,20124.46379,19948.124,20442.13309,19454.11491,38.0864041,66.55508056,-0.1822,0.032,-0.2,0.6
2022/9/1,20048.44,20208.37,19565.66,20131.46,245289.9726,19966.896,20126.79586,19966.896,20479.84857,19453.94343,40.73641783,-7.316389732,0.050516667,0.15,0,-0.333333333
2022/9/2,20132.64,20441.26,19755.29,19951.86,245986.6033,20046.146,20068.48391,20046.146,20366.85461,19725.43739,36.43723344,12.59758283,0.3955,0.048148148,0.333333333,-1
2022/9/3,19950.98,20055.93,19652.72,19831.9,146639.032,19955.38,19989.62261,19955.38,20201.75538,19709.00462,33.4866052,-132.6326622,0,0,0,0
2022/9/4,19832.45,20029.23,19583.1,20000.3,145588.7789,19993.108,19993.18174,19993.108,20193.35064,19792.86536,41.76204127,-73.90744027,0,0,0,0
2022/9/5,20000.3,20057.27,19633.83,19796.84,222543.0106,19942.472,19927.73449,19942.472,20183.44258,19701.50142,35.15616758,-72.65945698,0,0.05,0,-1
2022/9/6,19795.34,20180,18649.51,18790.61,356315.0572,19674.302,19548.69299,19674.302,20570.5508,18778.0532,17.77484937,-166.6666667,0.10086,0.08,-0.6,0.6
2022/9/7,18790.61,19464.06,18510.77,19292.84,287394.7788,19542.498,19463.40866,19542.498,20430.50283,18654.49317,37.15875777,-94.97099714,-0.186,0.031802721,-0.142857143,-0.428571429
2022/9/8,19292.85,19458.25,19012,19319.77,262813.2827,19440.072,19415.52911,19440.072,20288.17083,18591.97317,38.13625734,-39.45893594,-0.01105,0.00625,-0.5,0
2022/9/9,19320.54,21597.22,19291.75,21360.11,428919.7465,19712.034,20063.72274,19712.034,21478.83074,17945.23726,74.98588696,141.2758921,0.018733333,0.125,-0.166666667,-0.333333333
2022/9/10,21361.62,21810.8,21111.13,21648.34,307997.335,20082.334,20591.92849,20082.334,22441.73084,17722.93716,77.36653222,110.885913,0,0,0,0
2022/9/11,21647.21,21860,21350,21826.87,280702.5515,20689.586,21003.57566,20689.586,22968.09812,18411.07388,78.91986665,79.01201637,0,0,0,0
2022/9/12,21826.87,22488,21538.51,22395.74,395395.6183,21310.166,21467.63044,21310.166,23412.35271,19207.97929,83.4451924,83.70912473,-0.085285714,0.138311688,0,-0.142857143
2022/9/13,22395.44,22799,19860,20173.57,431915.0333,21480.926,21036.27696,21480.926,22952.8949,20008.9571,40.74042745,-68.87375849,0.094925,0.032291667,0.25,-0.25
2022/9/14,20173.62,20541.48,19617.62,20226.71,340826.4015,21254.246,20766.42131,21254.246,23045.31445,19463.17755,41.63331006,-128.8385875,-0.19524,0.057142857,-0.4,-0.2
2022/9/15,20227.17,20330.24,19497,19701.88,333069.7608,20864.954,20411.5742,20864.954,22963.84829,18766.05971,35.10359083,-95.56594406,0.276266667,0.216666667,-1,0.333333333
2022/9/16,19701.88,19890,19320.01,19803.3,283791.0706,20460.24,20208.81614,20460.24,22438.02791,18482.45209,37.4724537,-73.09370275,0.078666667,0.304365079,0.166666667,-0.333333333
2022/9/17,19803.3,20189,19748.08,20113.62,179350.2434,20003.816,20177.08409,20003.816,20425.17294,19582.45906,45.13248768,-20.82531337,0,0,0,0
2022/9/18,20112.61,20117.26,19335.62,19416.18,254217.469,19852.338,19923.44939,19852.338,20434.5399,19270.1361,33.57660371,-89.99904931,0,0,0,0
2022/9/19,19417.45,19686.2,18232.56,19537.02,380512.4031,19714.4,19794.6396,19714.4,20194.26282,19234.53718,37.06647824,-155.0436732,-0.0088,0,-0.4,-0.6
2022/9/20,19537.02,19634.62,18711.87,18875,324098.3286,19549.024,19488.09306,19549.024,20376.32076,18721.72724,27.25880555,-91.58228645,-0.095583333,0.158333333,0.333333333,-0.666666667
2022/9/21,18874.31,19956,18125.98,18461.36,385034.1002,19280.636,19145.84871,19280.636,20416.8476,18144.4244,22.59038738,-86.41382515,0.063514286,0.032142857,-0.142857143,-0.428571429
2022/9/22,18461.36,19550.17,18356.39,19401.63,379321.7211,19138.238,19231.10914,19138.238,19954.62627,18321.84973,47.92963101,-20.55697254,0.0172,-0.000555556,0,0.2
2022/9/23,19401.63,19500,18531.42,19289.91,385886.9183,19112.984,19250.70943,19112.984,19900.72816,18325.23984,45.70747599,40.23918411,-0.188685714,0.130952381,-0.142857143,0.142857143
2022/9/24,19288.57,19316.14,18805.34,18920.5,239496.5675,18989.68,19140.63962,18989.68,19657.153,18322.207,38.35718222,-12.809764,0.6124,0.3,0,-1
2022/9/25,18921.99,19180.21,18629.2,18807.38,191191.4492,18976.156,19029.55308,18976.156,19655.01831,18297.29369,36.1330392,-75.41015013,0,0,0,0
2022/9/26,18809.13,19318.96,18680.72,19227.82,439239.2194,19129.448,19095.64205,19129.448,19582.78691,18676.10909,49.68711426,37.84826602,0.045216667,0.097321429,0.166666667,-0.333333333
2022/9/27,19226.68,20385.86,18816.32,19079.13,593260.7416,19064.948,19090.13803,19064.948,19427.76235,18702.13365,45.42543754,162.7695758,0.150675,-0.044791667,0.25,-0.25
2022/9/28,19078.1,19790,18471.28,19412.82,521385.4555,19089.53,19197.69869,19089.53,19520.27677,18658.78323,56.0097883,41.81429205,0.270916667,-0.029166667,0.5,-0.333333333
2022/9/29,19412.82,19645.52,18843.01,19591.51,406424.9326,19223.732,19328.96913,19223.732,19764.31714,18683.14686,61.06440107,64.25126019,0.13178,0.106666667,0,-0.6
2022/9/30,19590.54,20185,19155.36,19422.61,444322.9534,19346.778,19360.18275,19346.778,19699.81312,18993.74288,53.76524157,113.9081094,-0.15975,0.091666667,0,-0.5
2022/10/1,19422.61,19484,19159.42,19310.95,165625.1396,19363.404,19343.77183,19363.404,19699.90692,19026.90108,48.93182575,-43.99836375,0,0,0,0
2022/10/2,19312.24,19395.91,18920.35,19056.8,206812.4703,19358.938,19248.11456,19358.938,19710.66215,19007.21385,38.96549567,-109.7090789,0,0,0,0
2022/10/3,19057.74,19719.1,18959.68,19629.08,293585.7521,19402.19,19375.10304,19402.19,19817.2631,18987.1169,61.20574754,40.21178459,0.09046,0.125,0.8,-1
2022/10/4,19629.08,20475,19490.6,20337.82,327012.0013,19551.452,19696.00869,19551.452,20420.25477,18682.64923,75.19700594,147.9803947,0.02718,0.11,-0.2,-0.6
2022/10/5,20337.82,20365.6,19730,20158.26,312239.7522,19698.582,19850.09246,19698.582,20673.01612,18724.14788,67.4887928,81.89943102,0.054542857,0.001612554,0.142857143,-0.714285714
2022/10/6,20158.26,20456.6,19853,19960.67,320122.1702,19828.526,19886.95164,19828.526,20732.25457,18924.79743,59.14882009,55.23733137,0.0133,0.07034632,0,0
2022/10/7,19960.67,20068.82,19320,19530.09,220874.8391,19923.184,19767.99776,19923.184,20536.11727,19310.25073,44.25273892,-57.80856874,-0.03078,0.014343434,0.4,-0.2
2022/10/8,19530.09,19627.38,19237.14,19417.96,102480.0984,19880.96,19651.31851,19880.96,20590.57893,19171.34107,40.89980379,-109.7168786,0,0,0,0
2022/10/9,19416.52,19558,19316.04,19439.02,113900.8268,19701.2,19580.55234,19701.2,20304.17291,19098.22709,41.9327152,-70.71156388,0,0,0,0
2022/10/10,19439.96,19525,19020.25,19131.87,212509.0985,19495.922,19430.99156,19495.922,20031.83836,18960.00564,31.80039634,-93.7729295,-0.085175,0.0125,-0.25,0
2022/10/11,19131.87,19268.09,18860,19060,243473.8429,19315.788,19307.32771,19315.788,19685.44073,18946.13527,29.70127252,-115.0065726,-0.170933333,0.020833333,0,0.333333333
2022/10/12,19060,19238.31,18965.88,19155.53,213826.2673,19240.876,19256.72847,19240.876,19553.92828,18927.82372,36.64926485,-63.14286821,0.0256,0,0,-0.2
2022/10/13,19155.1,19513.79,18190,19375.13,399756.6834,19232.31,19296.19565,19232.31,19527.33634,18937.28366,50.66132317,-78.51997422,0.11924,-0.084,0.4,0.2
2022/10/14,19375.58,19951.87,19070.37,19176.93,351634.326,19179.892,19256.44043,19179.892,19390.41584,18969.36816,40.54413842,133.047722,0.1991,0.2,0.25,-0.5
2022/10/15,19176.93,19227.68,18975.18,19069.39,113847.6423,19167.396,19194.09029,19167.396,19394.59493,18940.19707,35.70774157,-31.51003583,0.6249,0,1,-1
2022/10/16,19068.4,19425.84,19063.74,19262.98,131894.6189,19207.992,19217.05353,19207.992,19415.61939,19000.36461,49.31316169,41.35943514,0,0,0,0
2022/10/17,19262.98,19676.96,19152.03,19549.86,222813.8763,19286.858,19327.98902,19286.858,19617.80652,18955.90948,63.58691332,95.47968698,-0.121566667,0.045454545,-0.166666667,0.666666667
2022/10/18,19548.48,19706.66,19091,19327.44,260313.0785,19277.32,19327.80601,19277.32,19600.19303,18954.44697,49.95380008,34.53406313,-0.1702,-0.166666667,0,-0.333333333
2022/10/19,19327.44,19360.16,19065.97,19123.97,186137.2954,19266.728,19259.86067,19266.728,19605.17842,18928.27758,40.11811929,-50.75465628,0.05518,0.264242424,0.2,-0.6
2022/10/20,19123.35,19347.82,18900,19041.92,223530.1307,19261.234,19187.21378,19261.234,19612.95126,18909.51674,36.49594973,-101.9805641,0,0.034090909,0,-0.5
2022/10/21,19041.92,19250,18650,19164.37,269310.7577,19241.512,19179.59919,19241.512,19601.58542,18881.43858,45.6500845,-90.188711,-0.04792,0.15,0,-0.2
2022/10/22,19164.37,19257,19112.72,19204.35,110403.9084,19172.41,19187.84946,19172.41,19361.07516,18983.74484,48.66991044,12.94885935,0,0,0,-1
2022/10/23,19204.29,19695,19070.11,19570.4,167057.2018,19221.002,19315.36631,19221.002,19586.56896,18855.43504,68.62277361,164.2621011,0,-0.1,0,-1
2022/10/24,19570.4,19601.15,19157,19329.72,256168.1447,19262.152,19320.15087,19262.152,19621.02444,18903.27956,52.00746267,64.27394538,-0.415775,0.004166667,-0.25,0.5
2022/10/25,19330.6,20415.87,19237,20080.07,326370.6706,19469.782,19573.45725,19469.782,20142.64063,18796.92337,75.30701827,149.8568637,0.0579,0.191666667,-0.25,0.5
2022/10/26,20079.02,21020,20050.41,20771.59,380492.6958,19791.226,19972.83483,19791.226,20940.3891,18642.0629,84.16379783,135.8604823,0.128,0.055757576,0,-0.2
2022/10/27,20771.61,20872.21,20200,20295.11,328643.5779,20009.378,20080.25989,20009.378,21037.86969,18980.88631,64.29996748,71.91088585,0,-0.15,-1,1
2022/10/28,20295.11,20750,20000.09,20591.84,287039.9457,20213.666,20250.78659,20213.666,21217.71234,19209.61966,69.84089981,46.22304546,-0.099125,0.041666667,-0.25,0
2022/10/29,20591.84,21085,20554.01,20809.67,254881.7776,20509.656,20437.08106,20509.656,21072.46762,19946.84438,73.6007616,113.5060437,0,0,0,0
2022/10/30,20809.68,20931.21,20515,20627.48,192795.6089,20619.138,20500.54737,20619.138,20982.84444,20255.43156,65.1139528,46.90403587,0,0,0,0
2022/10/31,20627.48,20845.92,20237.95,20490.74,303567.6163,20562.968,20497.27825,20562.968,20900.98819,20224.94781,58.75761034,-31.1097954,-0.1428,-0.041666667,0,-0.333333333
2022/11/1,20490.74,20700,20330.74,20483.62,279932.4377,20600.67,20492.7255,20600.67,20837.75741,20363.58259,58.38663834,-48.93301398,-0.08275,-0.127777778,0,1
2022/11/2,20482.81,20800,20048.04,20151.84,373716.273,20512.67,20379.097,20512.67,20944.33047,20081.00953,42.68797225,-111.6949722,-0.101175,-0.075,-0.25,0.5
2022/11/3,20151.84,20393.32,20031.24,20207.82,319185.1544,20392.3,20322.00467,20392.3,20755.83079,20028.76921,45.76359376,-111.5407335,0,0,0,-1
2022/11/4,20207.12,21302.05,20180.96,21148.52,453694.3917,20496.508,20597.50978,20496.508,21205.00264,19788.01336,74.50382973,147.8375829,0.166675,0.2,0.5,0
2022/11/5,21148.52,21480.65,21080.65,21299.37,245621.9853,20658.234,20831.46319,20658.234,21613.7374,19702.7306,76.95197572,122.1809159,0,0,0,0
2022/11/6,21299.37,21365.27,20886.13,20905.58,230036.9722,20742.626,20856.16879,20742.626,21696.06751,19789.18449,58.59335311,52.11766116,0,0,0,-1
2022/11/7,20905.58,21069.77,20384.89,20591.13,386977.6034,20830.484,20767.82253,20830.484,21616.17665,20044.79135,47.32400615,-31.04918241,0.234033333,0,0.333333333,-1
2022/11/8,20590.67,20700.88,17166.83,18547.23,760705.3628,20498.366,20027.62502,20498.366,22507.47878,18489.25322,18.46664911,-166.6666667,0.075433333,-0.007575758,0,-1
2022/11/9,18545.38,18587.76,15588,15922.81,731926.9297,19453.224,18659.35335,19453.224,23462.91937,15443.52863,9.332620526,-128.2554156,-0.1401,0.083333333,0,0.333333333
2022/11/10,15922.68,18199,15754.26,17601.15,608448.3643,18713.58,18306.6189,18713.58,22442.77595,14984.38405,35.02384895,-71.45782466,-0.49815,0,0.5,1
2022/11/11,17602.45,17695,16361.6,17070.31,393552.8649,17946.526,17894.51593,17946.526,21088.14865,14804.90335,31.49546718,-52.20565739,-0.08645,0.047727273,0,-1
2022/11/12,17069.98,17119.1,16631.39,16812.08,167819.9604,17190.716,17533.70395,17190.716,18928.30853,15453.12347,29.67747617,-51.86223244,0.5641,-0.0125,0,1
2022/11/13,16813.16,16954.28,16229,16329.85,184960.7885,16747.24,17132.4193,16747.24,17910.55938,15583.92062,26.15351378,-114.569012,0,0,0,0
2022/11/14,16331.78,17190,15815.21,16619.46,380210.7775,16886.57,16961.43287,16886.57,17749.68929,16023.45071,32.1974474,-78.21177131,-0.2366,0.083333333,0,-0.333333333
2022/11/15,16617.72,17134.69,16527.72,16900.57,282461.8439,16746.454,16941.14525,16746.454,17254.49147,16238.41653,38.32223757,33.48224358,0.197525,0.233333333,0.25,-1
2022/11/16,16900.57,17015.92,16378.61,16662.76,261493.4081,16664.944,16848.35016,16664.944,17056.38254,16273.50546,34.98076216,-1.142758972,-0.1204,0,0,-0.333333333
2022/11/17,16661.61,16751,16410.74,16692.56,228038.9787,16641.04,16796.42011,16641.04,17007.41336,16274.66664,35.85682255,-14.65498636,-0.3612,0,-1,1
2022/11/18,16692.56,17011,16546.04,16700.45,214224.1818,16715.16,16764.43007,16715.16,16909.08424,16521.23576,36.14158391,45.77309975,0.042666667,-0.020833333,0,0.333333333
2022/11/19,16699.43,16822.41,16553.53,16700.68,104963.1556,16731.404,16743.18005,16731.404,16902.8452,16559.9628,36.15191246,-28.54337442,0,0,0,0
2022/11/20,16700.68,16753.33,16180,16280.23,154842.1348,16607.336,16588.86337,16607.336,16935.62442,16279.04758,26.39619765,-157.9236072,0,0,0,0
2022/11/21,16279.5,16319,15476,15781.29,324096.9978,16431.042,16319.67224,16431.042,17156.9064,15705.1776,18.85055864,-151.5033571,-0.145275,0.05,0,0.5
2022/11/22,15781.29,16315,15616.63,16226.94,239548.0662,16337.918,16288.7615,16337.918,17024.06928,15651.76672,38.48406553,-62.9295352,0.2169,0.039393939,0.333333333,-1
2022/11/23,16227.96,16706,16160.2,16603.11,264927.7041,16318.45,16393.54433,16318.45,16966.8368,15670.0632,50.99415661,46.08767031,-0.16024,0.02,-0.2,0.2
2022/11/24,16603.11,16812.63,16458.05,16598.95,206565.9235,16298.104,16462.01289,16298.104,16902.10233,15694.10567,50.85120361,85.19487052,0.113333333,-0.066666667,0,-0.333333333
2022/11/25,16599.55,16666,16342.81,16522.14,182089.4953,16346.486,16482.05526,16346.486,16975.25371,15717.71829,47.76104264,48.25094287,0.268033333,-0.033333333,0,-0.333333333
2022/11/26,16521.35,16701.99,16385,16458.57,181804.8167,16481.942,16474.22684,16481.942,16758.43534,16205.44866,44.93603839,33.26258641,0,0,0,1
2022/11/27,16457.61,16600,16401,16428.78,162025.4761,16522.31,16459.07789,16522.31,16664.33255,16380.28745,43.43124829,-77.21967902,0,0,0,-1
2022/11/28,16428.77,16487.04,15995.27,16212.91,252695.4037,16444.27,16377.02193,16444.27,16703.44024,16185.09976,33.32333687,-166.6666667,0.0168,0.007407407,-0.333333333,-1
2022/11/29,16212.18,16548.71,16100,16442.53,248106.2501,16412.986,16398.85795,16412.986,16623.02447,16202.94753,49.08029632,-38.16517026,0.08295,-0.0375,0.5,-0.5
2022/11/30,16442.91,17249,16428.3,17163.64,303019.8072,16541.286,16653.7853,16541.286,17188.99432,15893.57768,73.58504503,163.5682169,0.021766667,0.066666667,-0.333333333,0.333333333
2022/12/1,17165.53,17324,16855.01,16977.37,232818.1822,16645.046,16761.64687,16645.046,17368.31868,15921.77332,63.68863391,94.70351031,-0.0403,0.041666667,-0.333333333,1
2022/12/2,16978,17105.73,16787.85,17092.74,202372.2062,16777.838,16872.01125,16777.838,17536.46548,16019.21052,67.11294451,55.01180477,-0.1577,-0.126851852,-0.666666667,1
2022/12/3,17092.13,17188.98,16858.74,16885.2,154542.5731,16912.296,16876.4075,16912.296,17419.35241,16405.23959,55.37118205,36.56620231,0,0,0,0
2022/12/4,16885.2,17202.84,16878.25,17105.7,178619.1339,17044.93,16952.83833,17044.93,17245.22754,16844.63246,63.78561581,91.72933992,0,0,0,0
2022/12/5,17106.65,17424.25,16867,16966.35,233703.2923,17005.472,16957.34222,17005.472,17171.47673,16839.46727,55.51681638,88.65255595,0.4164,-0.016666667,0,-1
2022/12/6,16966.35,17107.01,16906.37,17088.96,218730.7688,17027.79,17001.21481,17027.79,17202.46002,16853.11998,61.06766171,5.705950759,0.085,0,0.5,0
2022/12/7,17088.96,17142.21,16678.83,16836.64,220657.4133,16976.57,16946.35654,16976.57,17190.74637,16762.39363,46.22851307,-132.7304601,-0.258525,-0.215909091,-0.25,0.5
2022/12/8,16836.64,17299,16733.49,17224.1,236417.978,17044.35,17038.9377,17044.35,17308.60954,16780.09046,63.33160973,63.05425143,0.172,0.025,0,-1
2022/12/9,17224.1,17360,17058.21,17128.56,238422.0647,17048.922,17068.8118,17048.922,17318.01584,16779.82816,57.67710545,112.1841564,0.26335,0,0,0
2022/12/10,17128.56,17227.72,17092,17127.49,140573.9794,17081.15,17088.3712,17081.15,17341.42054,16820.87946,57.60510362,63.40833923,0,0,0,0
2022/12/11,17127.49,17270.99,17071,17085.05,155286.4787,17080.368,17087.26413,17080.368,17340.56346,16820.17254,54.24755836,43.01659875,0,0,0,0
2022/12/12,17085.05,17241.89,16871.85,17209.83,226227.4969,17155.006,17128.11942,17155.006,17261.32633,17048.68567,62.31918125,-57.99805125,-0.313425,-0.051388889,-0.25,1
2022/12/13,17208.93,18000,17080.14,17774.7,284462.9139,17265.126,17343.64628,17265.126,17781.06756,16749.18444,81.14354222,166.6666667,0,0,0,1
2022/12/14,17775.82,18387.95,17660.94,17803.15,266681.2221,17400.044,17496.81419,17400.044,18040.38755,16759.70045,81.7185251,118.7704335,0,0.133333333,0,-1
2022/12/15,17804.01,17854.82,17275.51,17356.34,223701.9688,17445.814,17449.98946,17445.814,18032.12431,16859.50369,51.11842296,8.044350734,0.3066,-0.009259259,-0.5,0
2022/12/16,17356.96,17531.73,16527.32,16632.12,253379.0412,17355.228,17177.36631,17355.228,18213.42046,16497.03554,29.0663189,-104.6816734,-0.164633333,0.029166667,0,1
2022/12/17,16631.5,16796.82,16579.85,16776.52,144825.6668,17268.566,17043.75087,17268.566,18247.06638,16290.06562,35.95254324,-97.47222892,0,0,0,0
2022/12/18,16777.54,16863.26,16663.07,16738.21,112619.3165,17061.268,16941.90391,17061.268,17958.85244,16163.68356,34.83116621,-60.76903676,0,0,0,0
2022/12/19,16739,16815.99,16256.3,16438.88,179094.2831,16788.414,16774.22928,16788.414,17402.77785,16174.05015,26.69815464,-95.61545118,-0.1405,-0.166666667,0.333333333,0.333333333
2022/12/20,16438.88,17061.27,16397.2,16895.56,248808.9232,16696.258,16814.67285,16696.258,17003.86862,16388.64738,49.28269666,36.58587028,0,0,0,1
2022/12/21,16896.15,16925,16723,16824.67,156810.9636,16734.768,16818.00523,16734.768,17048.76319,16420.77281,46.50261983,83.74352163,-0.183133333,0.033333333,0,0.333333333
2022/12/22,16824.68,16868.52,16559.85,16821.43,176044.2723,16743.75,16819.14682,16743.75,17064.50525,16422.99475,46.35323297,20.06202801,-0.1589,-0.133333333,-0.333333333,1
2022/12/23,16821.9,16955.14,16731.13,16778.5,161612.0095,16751.808,16805.59788,16751.808,17073.62426,16429.99174,44.01155283,60.60237736,0.3612,0.5,1,-1
2022/12/24,16778.52,16869.99,16776.62,16836.12,100224.291,16831.256,16815.77192,16831.256,16906.52503,16755.98697,48.38613244,63.12063631,0,0,0,0
2022/12/25,16835.73,16857.96,16721,16832.11,125441.072,16818.566,16821.21795,16818.566,16859.96483,16777.16717,48.05947089,-4.991858355,0,0,0,0
2022/12/26,16832.11,16944.52,16791,16919.39,124564.0066,16837.51,16853.94196,16837.51,16929.05747,16745.96253,56.11938154,137.9018336,0.4512,0.05,1,-1
2022/12/27,16919.39,16972.83,16592.37,16706.36,173749.5862,16814.496,16804.74798,16814.496,16955.26449,16673.72751,38.08746274,-133.5776581,0,0,0,0
2022/12/28,16706.06,16785.19,16465.33,16547.31,193037.5658,16768.258,16718.93532,16768.258,17027.75381,16508.76219,29.30099445,-151.6512359,0,0,0,0
2022/12/29,16547.32,16664.41,16488.91,16633.47,160998.4716,16727.728,16690.44688,16727.728,16995.34226,16460.11374,38.8529034,-84.50643762,0.0129,-0.05,0,-1
2022/12/30,16633.47,16677.35,16333,16607.48,164916.3117,16682.802,16662.79125,16682.802,16940.47465,16425.12935,36.96955076,-77.7142278,0,0,0,0
2022/12/31,16607.48,16644.09,16470,16542.4,114490.4286,16607.404,16622.66083,16607.404,16728.4281,16486.3799,32.09926414,-63.45874676,0,0,0,0
2023/1/1,16541.77,16628,16499.01,16616.75,96925.41374,16589.482,16620.69056,16589.482,16664.30236,16514.66164,42.85066324,23.20700408,0.128,0.11875,0,-1
2023/1/2,16617.17,16799.23,16548.7,16672.87,121888.5719,16614.594,16638.0837,16614.594,16699.53928,16529.64872,50.27878387,153.6517117,-0.2263,0.375,-1,1
2023/1/3,16672.78,16778.4,16605.28,16675.18,159541.5373,16622.936,16650.44914,16622.936,16720.85859,16525.01341,50.60909187,90.53243872,0,0,0,0
2023/1/4,16675.65,16991.87,16652.66,16850.36,220362.1886,16671.512,16717.08609,16671.512,16874.82593,16468.19807,69.69395828,141.3021973,0,0.05,0,-1
2023/1/5,16850.36,16879.82,16753,16831.85,163473.5664,16729.402,16755.34073,16729.402,16916.91796,16541.88604,66.30979204,79.43720399,0,0,0,0
2023/1/6,16831.85,17041,16679,16950.65,207401.2842,16796.182,16820.44382,16796.182,17011.43099,16580.93301,75.75480055,90.65103615,0,0,0,0
2023/1/7,16950.31,16981.91,16908,16943.57,104526.5688,16850.322,16861.48588,16850.322,17049.87517,16650.76883,74.20505995,110.7397009,0,0,0,0
2023/1/8,16943.83,17176.99,16911,17127.83,135155.897,16940.852,16950.26725,16940.852,17150.8699,16730.8341,84.51231727,138.5054326,0,0,0,0
2023/1/9,17127.83,17398.8,17104.66,17178.26,266211.5272,17006.432,17026.26484,17006.432,17262.25143,16750.61257,86.3749024,124.1586085,0,0,0,0
2023/1/10,17179.04,17499,17146.34,17440.66,221382.4258,17128.194,17164.39656,17128.194,17492.33642,16764.05158,92.3548747,112.0630844,0,0,0,0
2023/1/11,17440.64,18000,17315.6,17943.26,262221.6065,17326.716,17424.0177,17326.716,18020.40493,16633.02707,96.27216122,140.3399693,-0.2553,0.054166667,0,-1
2023/1/12,17943.26,19117.04,17892.05,18846.62,454568.3218,17707.326,17898.21847,17707.326,18984.97787,16429.67413,98.26708515,145.6020721,0.4869,-0.066666667,0.5,-1
2023/1/13,18846.62,20000,18714.12,19930.01,368615.8782,18267.762,18575.48231,18267.762,20282.61859,16252.90541,99.038465,122.78954,0,0,0,0
2023/1/14,19930.01,21258,19888.05,20954.92,393913.7495,19023.094,19368.62821,19023.094,21593.03256,16453.15544,99.3700566,119.4919972,0,0.08,0,-1
2023/1/15,20952.76,21050.74,20551.01,20871.5,178542.2255,19709.262,19869.58547,19709.262,22044.06049,17374.46351,96.00174682,85.40887595,0,0,0,0
2023/1/16,20872.99,21474.05,20611.48,21185.65,293078.0826,20357.74,20308.27365,20357.74,22094.96649,18620.51351,96.55193235,72.53858809,0.360225,0.135416667,0.5,-1
2023/1/17,21185.65,21647.45,20841.31,21134.81,275407.7441,20815.378,20583.78577,20815.378,21729.98668,19900.76932,93.93703756,78.97759058,0.317966667,0.053333333,0.333333333,-1
2023/1/18,21132.29,21650,20407.15,20677.47,350916.0195,20964.87,20615.01384,20964.87,21332.60809,20597.13191,72.00807414,-14.57413332,0.0683,0.147916667,0,-1
2023/1/19,20677.47,21192,20659.19,21071.59,251385.8493,20988.204,20767.2059,20988.204,21365.14634,20611.26166,77.63270482,-15.50624206,0.034233333,0.062121212,0.333333333,-1
2023/1/20,21071.59,22755.93,20861.28,22667.21,338079.1366,21347.346,21400.5406,21347.346,22715.01068,19979.68132,88.90998508,166.6666667,0.2202,0.08,0,-1
2023/1/21,22666,23371.8,22422,22783.55,346445.4843,21666.926,21861.54373,21666.926,23425.10979,19908.74221,89.39720053,120.0460074,0,0,0,0
2023/1/22,22783.35,23078.71,22292.37,22707.88,253577.7529,21981.54,22143.65582,21981.54,23807.91143,20155.16857,86.31418451,68.0097542,0.5859,0.045454545,1,-1
2023/1/23,22706.02,23180,22500,22916.45,293588.3794,22429.336,22401.25388,22429.336,23797.66129,21061.01071,87.76763551,62.0689841,0,-0.097569444,0,-1
2023/1/24,22917.81,23162.2,22462.93,22632.89,293158.7825,22741.596,22478.46592,22741.596,22943.23151,22539.96049,74.34900967,29.75600435,0.34,0.136363636,0,-1
2023/1/25,22631.94,23816.73,22300,23060.94,346042.8322,22820.342,22672.62395,22820.342,23125.31905,22515.36495,80.09223337,144.4519682,0.08316,0,0.4,-0.6
2023/1/26,23060.42,23282.47,22850.01,23009.65,288924.4358,22865.562,22784.96596,22865.562,23200.85098,22530.27302,77.49348055,80.42548512,0.092666667,0.206944444,0,-0.333333333
2023/1/27,23009.65,23500,22534.88,23074.16,280833.8632,22938.818,22881.36398,22938.818,23264.19861,22613.43739,78.58587446,48.97572812,-0.1468,0.006060606,0.333333333,-0.333333333
2023/1/28,23074.16,23189,22878.46,23022.6,148115.7109,22960.048,22928.44265,22960.048,23290.63077,22629.46523,74.95136058,32.18692103,0,0,0,0
2023/1/29,23021.4,23960.54,22967.76,23742.3,295688.792,23181.93,23199.72843,23181.93,23744.30634,22619.55366,86.13766792,166.6666667,0,0,0,0
2023/1/30,23743.37,23800.51,22500,22826.15,302405.9012,23134.972,23075.20229,23134.972,23765.05104,22504.89296,50.35511633,-40.36762351,0,0.116666667,0,-1
2023/1/31,22827.38,23320,22714.77,23125.13,264649.3491,23158.068,23091.84486,23158.068,23776.43594,22539.70006,57.54883393,-36.49123034,-0.093666667,0.047373737,0.333333333,-1
2023/2/1,23125.13,23812.66,22760.23,23732.66,310790.4227,23289.768,23305.44991,23289.768,24045.73869,22533.79731,68.96972744,64.727797,-0.160633333,-0.1,-0.333333333,-0.333333333
2023/2/2,23731.41,24255,23363.27,23488.94,364177.2075,23383.036,23366.61327,23383.036,24098.10844,22667.96356,60.77110237,92.51294361,-0.1366,0.033333333,0,0
2023/2/3,23489.33,23715.7,23204.62,23431.9,332571.029,23320.956,23388.37551,23320.956,23949.10132,22692.81068,58.72874563,32.86245273,-0.156325,0.131666667,0.25,-0.5
2023/2/4,23431.9,23587.78,23253.96,23326.84,166126.473,23421.094,23367.86368,23421.094,23819.36198,23022.82602,54.51094461,-7.53176109,-0.4404,0,0,1
2023/2/5,23327.66,23433.33,22743,22932.91,209251.3392,23382.65,23222.87912,23382.65,23905.42027,22859.87973,40.78298375,-160.8180462,0,0,0,0
2023/2/6,22932.91,23158.25,22628.13,22762.52,265371.6069,23188.622,23069.42608,23188.622,23765.11543,22612.12857,35.8953805,-106.0413749,-0.4215,0.1,1,1
2023/2/7,22762.52,23350.25,22745.78,23240.46,308006.7248,23138.926,23126.43739,23138.926,23641.38289,22636.46911,54.86226504,-18.33189404,0.0258,0.043055556,-0.5,0
2023/2/8,23242.42,23452,22665.85,22963,280056.3072,23045.146,23071.95826,23045.146,23461.53179,22628.76021,45.16506547,-27.7867664,0,0,0,0
2023/2/9,22961.85,23011.39,21688,21796.35,402894.6955,22739.048,22646.7555,22739.048,23730.36285,21747.73315,23.41353539,-166.6666667,-0.1702,0.091414141,0.333333333,-0.333333333
2023/2/10,21797.83,21938.16,21451,21625.19,338591.9425,22477.504,22306.23367,22477.504,23770.39294,21184.61506,21.51346682,-115.1465048,-0.223433333,0.246801347,-0.666666667,0.333333333
2023/2/11,21625.19,21906.32,21599.78,21862.55,177021.5843,22297.51,22158.33911,22297.51,23631.49572,20963.52428,31.19291709,-65.54245869,0,0,0,0
2023/2/12,21862.02,22090,21630,21783.54,204435.6516,22006.126,22033.40608,22006.126,22975.61438,21036.63762,29.67039562,-43.96505287,0,0,0,0
2023/2/13,21782.37,21894.99,21351.07,21773.97,295730.7679,21768.32,21946.92738,21768.32,21924.30652,21612.33348,29.45273844,-73.90400466,0.108266667,0,-0.333333333,-0.333333333
2023/2/14,21774.63,22319.08,21532.77,22199.84,361958.4011,21849.018,22031.23159,21849.018,22231.93077,21466.10523,49.89757144,142.5089106,-0.18435,0.078125,0,1
2023/2/15,22199.84,24380,22047.28,24324.05,375669.1611,22388.79,22795.50439,22388.79,24348.82941,20428.75059,82.15025452,166.6666667,0.1405,0.083333333,0,-1
2023/2/16,24322.87,25250,23505.25,23517.72,450080.6837,22719.824,23036.24293,22719.824,24769.57129,20670.07671,62.92894728,100.982962,-0.23835,0.075740741,0,1
2023/2/17,23517.72,25021.11,23339.37,24569.97,496813.2138,23277.11,23547.48529,23277.11,25512.35567,21041.86433,73.16942329,75.91885532,0,0.118560606,0.333333333,-1
2023/2/18,24568.24,24877,24430,24631.95,216917.2521,23848.706,23908.97352,23848.706,25679.1061,22018.3059,73.70425042,82.2064251,0,0,0,0
2023/2/19,24632.05,25192,24192.57,24271.76,300395.9954,24263.09,24029.90235,24263.09,25057.87337,23468.30663,64.38167722,65.83456887,0,0,0,0
2023/2/20,24272.51,25121.23,23840.83,24842.2,346938.57,24366.72,24300.66823,24366.72,25290.86594,23442.57406,71.51442138,56.06715242,0,0.05,0,-1
2023/2/21,24843.89,25250,24148.34,24452.16,376000.8287,24553.608,24351.16549,24553.608,24932.47,24174.746,61.06309965,50.63950676,-0.0129,0.142857143,-0.5,0
2023/2/22,24450.67,24476.05,23574.69,24182.21,379425.7537,24476.056,24294.84699,24476.056,24955.23673,23996.87527,54.20924145,-166.6666667,0,0.25,0,-1
2023/2/23,24182.21,24599.59,23608,23940.2,398400.4544,24337.706,24176.63133,24337.706,24940.46819,23734.94381,48.15254872,-87.07631678,0,0,0,0
2023/2/24,23940.2,24132.35,22841.19,23185.29,343582.5745,24120.412,23846.18422,24120.412,25231.00938,23009.81462,33.54067549,-136.8390956,0.064,0.11875,0.5,0
2023/2/25,23184.04,23219.13,22722,23157.07,191311.8101,23783.386,23616.47948,23783.386,24834.44278,22732.32922,33.07173744,-106.9767952,0,0,0,0
2023/2/26,23157.07,23689.99,23059.18,23554.85,202323.7362,23603.924,23595.93632,23603.924,24416.24779,22791.60021,46.30027111,-28.78827,0,0,0,0
2023/2/27,23554.85,23897.99,23106.77,23492.09,283706.0859,23465.9,23561.32088,23465.9,24036.9877,22894.8123,44.56315792,5.26868078,0,0,0,-1
2023/2/28,23492.09,23600,23020.97,23141.57,264140.9989,23306.174,23421.40392,23306.174,23664.3292,22948.0188,35.31350744,-31.46917786,-0.5106,-0.220833333,-1,1
2023/3/1,23141.57,24000,23020.03,23628.97,315287.4174,23394.91,23490.59261,23394.91,23805.33209,22984.48791,52.46336547,77.41408021,0.1752,-0.175,0.5,-1
2023/3/2,23629.76,23796.93,23195.9,23465.32,239315.4522,23456.56,23482.16841,23456.56,23791.15701,23121.96299,47.21017624,34.35970907,0,0,0,0
2023/3/3,23465.32,23476.95,21971.13,22354.34,319954.1979,23216.458,23106.22561,23216.458,24135.9914,22296.9246,25.52311192,-161.0188032,0.17,0.078125,0.5,-1
2023/3/4,22354.34,22410,22157.08,22346.57,121257.3813,22987.354,22853.00707,22987.354,24073.71159,21900.99641,25.42102198,-104.3848514,0,0,0,0
2023/3/5,22346.57,22662.09,22189.22,22430.24,154841.7579,22845.088,22712.08471,22845.088,23997.68902,21692.48698,29.23123867,-57.75421047,0,0,0,0
2023/3/6,22430.24,22602.19,22258,22410,203751.8296,22601.294,22611.38981,22601.294,23467.67239,21734.91561,28.7865323,-44.76809136,0.0794,0,0,-1
2023/3/7,22409.41,22557.91,21927,22197.96,292519.8091,22347.822,22473.57987,22347.822,22510.69987,22184.94413,24.00428338,-107.8712824,0.1366,0,-0.5,-1
2023/3/8,22198.56,22287,21580,21705.44,301460.5727,22218.042,22217.53325,22218.042,22755.85937,21680.22463,16.19343876,-158.3844971,0.14365,0.6,0.5,-1
2023/3/9,21704.37,21834.99,20042.72,20362.22,443658.2858,21821.172,21599.0955,21821.172,23370.77486,20271.56914,7.677222586,-156.2913939,-0.2997,0.45,-1,0
2023/3/10,20362.21,20367.78,19549.09,20150.69,618456.4671,21365.262,21116.29367,21365.262,23237.55747,19492.96653,6.957003467,-111.5062428,0,0,-1,-1
2023/3/11,20150.69,20686.51,19765.03,20455.73,427831.8213,20974.408,20896.10578,20974.408,22612.40669,19336.40931,20.41516324,-60.06929187,0,0,0,0
2023/3/12,20455.73,22150,20270.6,21997.11,430944.9429,20934.238,21263.10718,20934.238,22455.96633,19412.50967,58.41133814,62.89499466,0,0,0,0
2023/3/13,21998.05,24500,21813.88,24113.48,687889.3126,21415.846,22213.23146,21415.846,24415.53495,18416.15705,77.14168101,149.0458512,-0.5106,0,-1,1
2023/3/14,24112.27,26386.87,23976.42,24670.41,699360.9342,22277.484,23032.29097,22277.484,25967.21311,18587.75489,80.09110356,112.5919297,0,0,0,0
2023/3/15,24670.41,25196.97,23896.95,24285.66,581450.7298,23104.478,23450.08065,23104.478,26342.69341,19866.26259,72.0616675,61.3990934,-0.03992,-0.05,0.2,-1
2023/3/16,24285.66,25167.4,24123,24998.78,439421.33,24013.088,23966.31376,24013.088,26120.63677,21905.53923,77.32776703,56.67754922,0.2787,0.002462121,0,-1
2023/3/17,24998.78,27756.84,24890,27395.13,624460.6809,25092.692,25109.25251,25092.692,27475.71849,22709.66551,87.34629523,155.2050639,0,0,0,0
2023/3/18,27395.13,27724.85,26578,26907.49,371238.9717,25651.494,25708.66501,25651.494,28160.97305,23142.01495,78.52053791,96.02682276,0,0,0,0
2023/3/19,26907.49,28390.1,26827.22,27972.87,372066.9905,26311.986,26463.4,26311.986,29156.89284,23467.07916,83.16584177,86.60402179,0,0,1,-1
2023/3/20,27972.87,28472,27124.47,27717.01,477378.2337,26998.256,26881.27,26998.256,29120.54372,24875.96828,78.09563845,74.62325948,-0.2023,0,1,-1
2023/3/21,27717.01,28438.55,27303.1,28105.47,420929.7422,27619.594,27289.33667,27619.594,28481.14864,26758.03936,80.36716271,75.07285977,-0.042666667,0.245238095,-0.666666667,-1
2023/3/22,28107.81,28868.05,26601.8,27250.97,224113.413,27590.762,27276.54778,27590.762,28489.28908,26692.23492,62.53558502,-12.68227793,-0.4433,0.0875,-0.5,0
2023/3/23,27250.97,28750,27105,28295.41,128649.6082,27868.346,27616.16852,27868.346,28591.44623,27145.24577,72.02048504,106.1290988,0.1589,0.055555556,0.333333333,-1
2023/3/24,28295.42,28374.3,27000,27454.47,86242.06544,27764.666,27562.26901,27764.666,28544.5187,26984.8133,57.39582895,-72.25648759,0,0,1,-1
2023/3/25,27454.46,27787.33,27156.09,27462.95,50844.08102,27713.854,27529.16268,27713.854,28531.6877,26896.0203,57.50459977,-80.88520713,0.743,0.144444444,1,-1
2023/3/26,27462.96,28194.4,27417.76,27968.05,49671.70353,27686.37,27675.45845,27686.37,28457.62384,26915.11616,64.29218222,50.6979911,0,0,0,0
2023/3/27,27968.05,28023.86,26508.14,27124.91,88039.46898,27661.158,27491.9423,27661.158,28493.51684,26828.79916,48.22116876,-112.2853191,-0.28595,0,-0.5,0
2023/3/28,27124.9,27520,26631.78,27261.07,78602.44341,27454.29,27414.98487,27454.29,28026.89773,26881.68227,50.70840934,-95.40869196,-0.2732,0,-1,1
2023/3/29,27261.06,28650,27240.1,28348.6,89486.16008,27633.116,27726.18991,27633.116,28549.52035,26716.71165,66.68557127,105.2751536,0.6369,0.55,0,-1
2023/3/30,28348.6,29184.68,27686,28028.53,98865.43256,27746.232,27826.96994,27746.232,28689.91236,26802.55164,59.58084721,89.44137822,0,0,0,0
2023/3/31,28028.53,28656.69,27511.71,28465.36,78198.12139,27845.694,28039.76663,27845.694,28952.63364,26738.75436,65.79742827,57.5192656,0,0,0,0
2023/4/1,28465.36,28819.71,28220.27,28452.73,30238.44753,28111.258,28177.42108,28111.258,29018.11461,27204.40139,65.43370856,83.08638765,0,0,0,0
2023/4/2,28452.74,28530,27856.43,28171.87,37365.65692,28293.418,28175.57072,28293.418,28631.5647,27955.2713,56.71847523,-39.83629407,0,0,0,0
2023/4/3,28171.87,28500.99,27200.24,27800,79180.01405,28183.698,28050.38048,28183.698,28692.14887,27675.24713,46.47382439,-158.3313042,0,0,0,-1
2023/4/4,27800,28444.44,27662.79,28165.47,49722.55691,28211.086,28088.74365,28211.086,28697.42539,27724.74661,56.19404953,-30.18202362,-0.25,0.5,0,-1
2023/4/5,28165.47,28775,27805.1,28170.01,60737.64732,28152.016,28115.83244,28152.016,28566.97928,27737.05272,56.3172279,31.19468616,-0.7269,-0.15,-1,1
2023/4/6,28170.01,28182.05,27711,28033.82,40118.94963,28068.234,28088.49496,28068.234,28356.2443,27780.2237,50.94558359,-46.97562349,0.0117,0.166666667,0.333333333,-0.333333333
2023/4/7,28033.83,28100,27766.94,27906.33,24762.09387,28015.126,28027.77331,28015.126,28305.03302,27725.21898,45.83040727,-48.50407978,0,0,0,0
2023/4/8,27906.34,28154.99,27859.02,27938.38,19479.96735,28042.802,27997.97554,28042.802,28263.41669,27822.18731,47.48724803,-40.4508902,-0.2732,0.066666667,0,1
2023/4/9,27938.38,28530,27800,28323.76,32531.16101,28074.46,28106.57036,28074.46,28383.93357,27764.98643,64.02553951,75.15124341,0,0,0,0
2023/4/10,28323.76,29770,28170,29637.34,67754.0622,28367.926,28616.82691,28367.926,29671.02078,27064.83122,84.63842878,166.6666667,0,0,0,0
2023/4/11,29637.35,30550,29590,30200.42,67990.07621,28801.246,29144.69127,28801.246,30683.82855,26918.66345,88.24688318,123.0403714,-0.4767,0,0,-1
2023/4/12,30200.43,30486,29637.4,29888.07,62049.48451,29197.594,29392.48418,29197.594,30992.02971,27403.15829,75.88650997,75.02200121,0.4019,0,1,-1
2023/4/13,29888.07,30595,29854.59,30373.84,51934.11731,29684.686,29719.60279,29684.686,31137.03336,28232.33864,81.04717205,69.57547691,-0.03925,0.1,0.5,0
2023/4/14,30373.84,31000,29966,30466.93,75984.19452,30113.32,29968.71186,30113.32,30731.5702,29495.0698,81.97142147,93.59978263,-0.743,-0.375,-1,1
2023/4/15,30466.93,30595.6,30202,30295.09,25429.81247,30244.87,30077.50457,30244.87,30642.61162,29847.12838,73.68056558,52.06119822,0,0,0,0
2023/4/16,30295.1,30549.99,30120,30304.65,26431.99322,30265.716,30153.21971,30265.716,30662.879,29868.553,73.8643942,19.94593496,0,0,0,0
2023/4/17,30304.66,30316.06,29240.65,29430.27,56441.81127,30174.156,29912.23648,30174.156,30928.13765,29420.17435,41.06941277,-166.6666667,0.4019,0.25,0,-1
2023/4/18,29430.27,30485,29096.78,30380.01,62004.89434,30175.39,30068.16098,30175.39,30930.6939,29420.0861,63.23315659,-43.3330937,0,0.034090909,0,-1
2023/4/19,30380.01,30413.53,28520,28797.1,86575.48656,29841.424,29644.47399,29841.424,31096.85262,28585.99538,35.4536398,-120.979053,-0.25,0,-1,-1
2023/4/20,28797.1,29088.3,28010,28243.65,76879.09372,29431.136,29177.53266,29431.136,31098.5925,27763.6795,29.74286751,-131.5799509,-0.208366667,-0.005555556,0,-0.333333333
2023/4/21,28243.65,28374.02,27125,27262.84,77684.7679,28822.774,28539.30177,28822.774,30932.46084,26713.08716,21.92099431,-120.3431384,0,-0.025,-1,-1
2023/4/22,27262.84,27882.72,27140.35,27816.85,36023.69686,28500.09,28298.48452,28500.09,30632.8216,26367.3584,34.14846355,-77.14354265,0,0,0,0
2023/4/23,27816.85,27816.85,27311.25,27590.6,34812.09581,27942.208,28062.52301,27942.208,29009.01306,26875.40294,31.62060118,-57.57803667,0,0,0,0
2023/4/24,27590.59,28000,26942.82,27510.93,53111.56874,27684.974,27878.65867,27684.974,28346.42999,27023.51801,30.62280137,-60.53090066,0.0329,-0.066666667,0.333333333,-1
2023/4/25,27510.93,28399.99,27192,28300.79,52325.14637,27696.402,28019.36912,27696.402,28396.89469,26995.90931,50.12622493,166.6666667,0.075433333,0.029166667,0.666666667,-1
2023/4/26,28300.8,30036,27235,28415.29,129228.404,27926.892,28151.34274,27926.892,28662.58664,27191.19736,52.54365414,142.1178051,0,-0.025,0,-1
2023/4/27,28415.29,29890,28378.86,29472.77,95430.82431,28258.076,28591.8185,28258.076,29673.92164,26842.23036,69.57097323,121.9908546,0,0.032142857,0.5,-0.5
2023/4/28,29472.77,29599.54,28891,29311.7,54298.16578,28602.296,28831.779,28602.296,30038.38399,27166.20801,65.12226439,81.37029318,-0.259433333,0,0,0.333333333
2023/4/29,29311.69,29448.88,29031,29230.45,20466.83058,28946.2,28964.66933,28946.2,29921.93922,27970.46078,62.59827797,53.62968565,0,0,0,0
2023/4/30,29230.45,29969.39,29079.59,29233.21,39752.5372,29132.684,29054.18289,29132.684,29871.34389,28394.02411,62.65972922,79.40242719,0.4019,0,0,-1
2023/5/1,29233.2,29337.34,27666.95,28068.26,64433.65958,29063.278,28725.54193,29063.278,30073.73586,28052.82014,33.56429448,-166.6666667,0,0,0,0
2023/5/2,28068.26,28879.88,27872,28669.86,50824.5224,28902.696,28706.98128,28902.696,29855.35229,27950.03971,48.88544763,-74.30005619,-0.070766667,-0.144444444,0.333333333,-0.333333333
2023/5/3,28669.85,29266.66,28113.69,29026.16,64615.79213,28845.588,28813.37419,28845.588,29724.72165,27966.45435,56.33956121,-10.12006712,-0.318,0,0,0
2023/5/4,29026.16,29379.83,28663.64,28838.16,42575.47501,28767.13,28821.63613,28767.13,29560.73096,27973.52904,51.39607385,33.4125758,-0.082133333,-0.116666667,0.333333333,-0.333333333
2023/5/5,28838.16,29677,28800,29505.61,58415.83048,28821.61,29049.62742,28821.61,29759.9212,27883.2988,65.0179319,122.8001721,-0.5574,0,0,1
2023/5/6,29505.6,29820,28300,28848.2,49249.28459,28977.598,28982.48494,28977.598,29551.73695,28403.45905,48.33837166,24.04831382,0,0,1,-1
2023/5/7,28848.19,29138.29,28395.23,28430.1,30003.41028,28929.646,28798.35663,28929.646,29625.6913,28233.6007,40.15010457,-111.4876977,0,0,0,0
2023/5/8,28430.09,28631.01,27262,27668.79,68244.36179,28658.172,28421.83442,28658.172,29864.00816,27452.33584,28.97753992,-149.6587053,0,0,0,0
2023/5/9,27668.8,27818,27353,27628.27,40113.31069,28416.194,28157.31295,28416.194,29845.34389,26987.04411,28.45082101,-97.30175513,0.2102,-0.016666667,-0.333333333,-0.333333333
2023/5/10,27628.28,28331.42,26777,27598.75,71155.11355,28034.822,27971.1253,28034.822,29057.46611,27012.17789,27.98754571,-68.28515574,-0.20095,0.046875,0,0
2023/5/11,27598.74,27630.14,26702.05,26968.62,47635.31365,27658.906,27636.95687,27658.906,28586.65163,26731.16037,19.51060839,-109.4860052,0.20095,0.107142857,0,-1
2023/5/12,26968.61,27091.12,25811.46,26795.01,67207.93494,27331.888,27356.30791,27331.888,28076.34066,26587.43534,17.66768071,-127.4516862,-0.5267,-0.066666667,-1,1
2023/5/13,26795.01,27045.45,26692.03,26775.28,22814.90421,27153.186,27162.63194,27153.186,27917.07064,26389.30136,17.43374819,-54.99740683,0,0,0,0
2023/5/14,26775.27,27200,26560.53,26917.62,21594.8036,27011.056,27080.96129,27011.056,27616.48579,26405.62621,26.24091962,-24.49072601,0,0,0,0
2023/5/15,26917.61,27663.59,26726,27162.14,40430.08333,26923.734,27108.02086,26923.734,27203.01596,26644.45204,39.98694276,98.75227732,0.2294,0.103571429,-0.5,0
2023/5/16,27162.15,27296.89,26852.11,27033.84,33270.45451,26936.778,27083.29391,26936.778,27229.01881,26644.53719,35.63162819,59.41687115,0.064433333,0.166666667,-0.333333333,-0.333333333
2023/5/17,27033.85,27500,26544.71,27405.61,42958.97785,27058.898,27190.73261,27058.898,27489.61338,26628.18262,53.84161496,65.17199807,0.376833333,0.166666667,-0.333333333,-1
2023/5/18,27405.62,27485.33,26361.2,26821.28,49198.65143,27068.098,27067.58174,27068.098,27475.52369,26660.67231,34.60667497,-84.32789307,0,0,0,0
2023/5/19,26821.28,27183.6,26630,26880.26,28754.13544,27060.626,27005.14116,27060.626,27480.01121,26641.24079,37.4271067,-80.8001363,0.20095,0,0.5,0
2023/5/20,26880.26,27150,26825.11,27102.43,14434.54718,27048.684,27037.57077,27048.684,27459.13192,26638.23608,47.98953083,15.75205537,0.3818,0,1,-1
2023/5/21,27102.42,27277.55,26666.03,26747.78,21347.87279,26991.472,26940.97385,26991.472,27468.58094,26514.36306,35.89818965,-53.87412102,0,0,0,0
2023/5/22,26747.78,27099.89,26538.21,26849.27,26458.83828,26880.204,26910.4059,26880.204,27119.11731,26641.29069,41.19792211,-111.2288295,0,0,0,-1
2023/5/23,26849.28,27495.83,26798.11,27219.61,38700.83858,26959.87,27013.47393,26959.87,27307.8246,26611.9154,57.30045732,128.43432,0,0,0,0
2023/5/24,27219.61,27219.61,26080.5,26329.01,54393.0657,26849.62,26785.31929,26849.62,27470.72339,26228.51661,31.42889099,-140.8682371,0,0.141666667,0,0
2023/5/25,26329,26631.98,25871.89,26473.79,37435.44895,26723.892,26681.47619,26723.892,27343.89808,26103.88592,37.19149754,-111.7142851,0.31845,0,0,-1
2023/5/26,26473.8,26932.16,26327.24,26705.92,35061.18713,26715.52,26689.62413,26715.52,27335.14009,26095.89991,46.24522746,-14.04329071,0,0,0,0
2023/5/27,26705.93,26895,26551,26854.27,15095.6867,26716.52,26744.50609,26716.52,27337.01582,26096.02418,51.79605771,22.40558932,0,0,0,0
2023/5/28,26854.28,28261.32,26764.36,28065,43916.00855,26885.598,27184.67072,26885.598,28119.6582,25651.5378,76.52529792,166.6666667,0,0,0,0
2023/5/29,28065.01,28447.14,27524.6,27736.4,42385.41945,27167.076,27368.58048,27167.076,28406.93253,25927.21947,65.18095818,95.07570986,0,0,0,0
2023/5/30,27736.39,28038.59,27554,27694.4,32686.75371,27411.198,27477.18699,27411.198,28477.40722,26344.98878,63.67289161,52.33201805,0,0.074090909,0.5,-1
2023/5/31,27694.39,27835.51,26839.01,27210.35,46588.80573,27512.084,27388.24133,27512.084,28366.73507,26657.43293,47.75543913,-34.8432994,0,-0.008333333,0,-1
2023/6/1,27210.36,27350,26605.05,26817.93,39217.8088,27504.816,27198.13755,27504.816,28382.03978,26627.59222,38.10278702,-121.313727,0,0,0,1
2023/6/2,26817.93,27300,26505,27242.59,36380.90269,27340.334,27212.95503,27340.334,28022.44055,26658.22745,51.39278187,-67.06957869,0,0,0,0
2023/6/3,27242.59,27333.29,26914.93,27069.22,16595.34117,27206.898,27165.04336,27206.898,27779.04859,26634.74741,46.31769728,-31.07417092,0,0,0,0
2023/6/4,27069.22,27455.02,26951,27115.21,19258.41049,27091.06,27148.43224,27091.06,27391.5285,26790.5915,48.01977273,44.41411128,0,0,-1,1
2023/6/5,27115.2,27129.33,25388,25728.2,65805.60305,26794.63,26675.02149,26794.63,27896.13995,25693.12005,21.8739838,-166.6666667,0,0,0,0
2023/6/6,25728.2,27355.33,25351.02,27230.08,68392.60438,26877.06,26860.04099,26877.06,28033.52201,25720.59799,55.02155632,-30.06646687,0.296,0,0,-1
2023/6/7,27230.07,27391.77,26125.01,26339.34,59619.44364,26696.41,26686.474,26696.41,27850.22593,25542.59407,41.85599328,-21.38490416,0,0,0,0
2023/6/8,26339.34,26810,26210,26498.61,31075.51083,26582.288,26623.85266,26582.288,27677.41626,25487.15974,44.80773156,-26.51040406,0,-0.025,0,1
2023/6/9,26498.62,26783.33,26269.91,26477.81,27934.7097,26454.808,26575.17178,26454.808,27411.79762,25497.81838,44.43944919,16.14053709,0,0.0625,0,1
2023/6/10,26477.8,26533.87,25358,25841.21,64944.60108,26477.41,26330.51785,26477.41,27367.70231,25587.11769,33.80859046,-166.6666667,0,0,0,0
2023/6/11,25841.22,26206.88,25634.7,25925.55,30014.29595,26216.504,26195.52857,26216.504,26773.96476,25659.04324,36.33093902,-82.07901561,0,0,0,0
2023/6/12,25925.54,26106.48,25602.11,25905.19,29900.50893,26129.674,26098.74904,26129.674,26717.94849,25541.39951,35.91792114,-62.4904618,0,0,0,-1
2023/6/13,25905.2,26433.21,25712.57,25934.25,41065.60853,26016.802,26043.91603,26016.802,26482.38544,25551.21856,37.19182385,-7.81413085,-0.3182,0,1,-1
2023/6/14,25934.24,26098,24820.56,25128.6,45077.31608,25746.96,25738.81069,25746.96,26368.73862,25125.18138,22.02124085,-166.6666667,-0.103,0.05,0,-0.333333333
2023/6/15,25128.6,25759.01,24800,25598.49,48664.86063,25698.416,25692.03712,25698.416,26321.08027,25075.75173,39.89529498,-78.87316201,-0.0172,0,0,-1
2023/6/16,25598.49,26518,25175.56,26345,51596.91662,25782.306,25909.69142,25782.306,26590.23266,24974.37934,58.69642142,65.36823227,0.3071,0.0175,0,0
2023/6/17,26345.01,26839.99,26181,26516.99,27842.2195,25904.666,26112.12428,25904.666,26910.93917,24898.39283,62.10976696,111.4425359,0,0,0,0
2023/6/18,26516.99,26700,26255.85,26339.97,21538.31022,25985.81,26188.07285,25985.81,27052.17756,24919.44244,56.14078572,72.01556967,0,0,0,0
2023/6/19,26339.98,27068.09,26256.61,26844.35,35872.65974,26328.96,26406.8319,26328.96,27146.24676,25511.67324,67.3249226,82.65855987,0,0,0,0
2023/6/20,26844.35,28402.74,26652,28307.99,69666.95525,26870.86,27040.55127,26870.86,28354.00324,25387.71676,83.02567688,162.3037214,0,0,0,-1
2023/6/21,28308,30800,28257.99,29993.89,108926.4041,27600.638,28024.99751,27600.638,30366.65323,24834.62277,89.96699997,143.745977,0,0,0,-1
2023/6/22,29993.89,30500,29525.61,29884.92,59054.5646,28274.224,28644.97167,28274.224,31286.01564,25262.43236,87.08959353,90.31667624,0.1267,0.295454545,0,-1
2023/6/23,29884.92,31431.94,29800,30688.5,73931.89635,29143.93,29326.14778,29143.93,31921.56331,26366.29669,90.02915276,82.03828023,0,0,0,1
2023/6/24,30688.51,30800,30250,30527.43,30513.30135,29880.546,29726.57519,29880.546,31567.44776,28193.64424,85.1703816,67.99080376,0,0,0,0
2023/6/25,30527.44,31046.01,30277.49,30462.66,30223.44801,30311.48,29971.93679,30311.48,30940.41606,29682.54394,82.92092977,57.06720036,0,0,0,0
2023/6/26,30462.67,30666,29930,30267.99,45180.41489,30366.3,30070.62119,30366.3,30917.99015,29814.60985,75.43577781,-35.14666343,0.23275,-0.008333333,0,0
2023/6/27,30267.99,30994.97,30226.17,30692.44,42699.64157,30527.804,30277.89413,30527.804,30843.62092,30211.98708,80.28588437,64.10714742,0.2294,0.05,0.5,-1
2023/6/28,30692.44,30709.74,29858.8,30077.41,40463.51937,30405.586,30211.06609,30405.586,30831.75101,29979.42099,59.13700484,-98.4133729,0.06715,0.04,0.5,0
2023/6/29,30077.4,30843.98,30049.98,30447.31,36330.62903,30389.562,30289.81406,30389.562,30802.00046,29977.12354,65.8917069,4.66481755,0.156633333,-0.068518519,0,0.333333333
2023/6/30,30447.31,31282,29500,30472,89419.07618,30391.43,30350.54271,30391.43,30805.25809,29977.60191,66.35572398,9.329200721,0.10115,0.108333333,-0.25,-0.5
2023/7/1,30471.99,30661.6,30320.57,30585.9,17501.75075,30455.012,30428.99514,30455.012,30871.12247,30038.90153,68.80308621,47.00219474,0,0,0,0
2023/7/2,30585.9,30791,30155,30617.03,23286.41019,30439.93,30491.67342,30439.93,30824.81996,30055.04004,69.55957618,74.10780232,0,0,0,0
2023/7/3,30617.02,31380,30570.27,31156.2,43761.64311,30655.688,30713.18228,30655.688,31172.63267,30138.74333,80.03888988,166.6666667,0,0.1875,0,-1
2023/7/4,31156.2,31350.69,30620,30766.51,33206.11943,30719.528,30730.95819,30719.528,31194.9412,30244.1148,61.05094068,65.77074494,-0.1405,0.033143939,-0.333333333,-0.333333333
2023/7/5,30766.52,30878.07,30200,30504.81,33215.67122,30726.09,30655.57546,30726.09,31188.38043,30263.79957,50.9120184,-54.36738841,0.240033333,0.033333333,0.666666667,-0.333333333
2023/7/6,30504.8,31500,29850.45,29895.43,71319.6261,30587.996,30402.19364,30587.996,31408.79248,29767.19952,34.32149422,-76.32832348,0.40174,0.14,0.6,-1
2023/7/7,29895.42,30449,29701.02,30344.7,34070.53895,30533.53,30383.02909,30533.53,31375.26669,29691.79331,49.49009659,-102.4978447,0.17805,0.08,-1,0
2023/7/8,30344.7,30386.81,30044.47,30284.63,13094.59042,30359.216,30350.2294,30359.216,30930.50035,29787.93165,47.65079609,-66.21417086,0,0,0,0
2023/7/9,30284.63,30445.52,30061.12,30160.71,15388.50196,30238.056,30287.05626,30238.056,30646.05086,29830.06114,43.48351482,-48.26981402,0,0.136363636,1,-1
2023/7/10,30160.71,31045.78,29950,30411.57,41262.87652,30219.408,30328.56084,30219.408,30583.04015,29855.77585,53.72434674,99.3379689,0.565733333,0.045454545,0,-0.333333333
2023/7/11,30411.57,30813.63,30300,30622.1,28476.83311,30364.742,30426.40723,30364.742,30670.51927,30058.96473,61.11574298,107.4507751,0.60985,0.075,0.5,-1
2023/7/12,30622.1,30983.25,30210,30380,38108.99669,30371.802,30410.93815,30371.802,30677.03185,30066.57215,49.70391245,55.73538171,0,0,1,-1
2023/7/13,30380,31804.2,30251,31454.23,70772.51836,30605.722,30758.7021,30605.722,31503.23642,29708.20758,75.29241919,166.6666667,0.08895,0.125,0,-1
2023/7/14,31454.23,31630,29900,30312.01,60749.48424,30635.982,30609.80473,30635.982,31480.05209,29791.91191,44.91859814,-19.11299243,-0.10405,-0.1,-0.5,-1
2023/7/15,30312,30390.9,30200,30289.52,14118.55329,30611.572,30503.04316,30611.572,31486.67831,29736.46569,44.47699382,-106.9727086,0,0,0,0
2023/7/16,30289.52,30441.46,30064.29,30231.99,15760.1281,30533.55,30412.6921,30533.55,31459.09776,29608.00224,43.12144442,-83.65041617,0,0,0,0
2023/7/17,30232,30336.96,29659.2,30138,30882.76839,30485.15,30321.12807,30485.15,31461.66122,29508.63878,40.59478088,-85.43325407,0.136375,0.1875,0.75,-0.5
2023/7/18,30138.01,30239.78,29512,29859.13,30003.8601,30166.13,30167.12871,30166.13,30495.83763,29836.42237,33.34787749,-111.7025129,0.259,-0.016666667,0.333333333,-0.333333333
2023/7/19,29859.14,30189.09,29761.96,29909.21,25657.36137,30085.57,30081.15581,30085.57,30429.85041,29741.28959,35.91593564,-56.76385852,0,0,0,-1
2023/7/20,29909.21,30417.46,29570.96,29800,37540.68193,29987.666,29987.43721,29987.666,30322.55691,29652.77509,32.50232916,-48.3902597,0.20095,-0.125,0,-1
2023/7/21,29800,30061.7,29726.34,29901.72,23881.40865,29921.612,29958.8648,29921.612,30151.51067,29691.71333,39.22727704,-58.60405079,-0.1655,0,0,-1
2023/7/22,29901.72,29999,29625.1,29794,14660.40467,29852.812,29903.90987,29852.812,29950.22084,29755.40316,34.6565483,-133.86483,0,0,0,1
2023/7/23,29793.99,30350,29730,30083.75,18292.78637,29897.736,29963.85658,29897.736,30107.61638,29687.85562,53.05020568,137.4930473,0,0,0,0
2023/7/24,30083.75,30099.58,28861.9,29176.5,39628.99691,29751.194,29701.40439,29751.194,30362.90579,29139.48221,25.24107499,-163.9581778,0,0,0,1
2023/7/25,29176.5,29376,29047.65,29228.91,21565.7478,29636.976,29543.90626,29636.976,30370.68381,28903.26819,27.9676964,-101.4380214,0.4019,0.1,1,-1
2023/7/26,29228.91,29690,29096.94,29351.96,33931.63366,29527.024,29479.92417,29527.024,30233.34204,28820.70596,34.93242048,-43.12292005,-0.3818,0,-1,1
2023/7/27,29351.95,29567.49,29083.85,29222.78,22476.47626,29412.78,29394.20945,29412.78,30093.74181,28731.81819,30.99918006,-48.8943042,0.4033,0.105555556,0.5,-1
2023/7/28,29222.78,29542.22,29123.12,29314.14,23993.61627,29258.858,29367.51963,29258.858,29387.56053,29130.15547,37.2456738,9.86195335,0,0,0,-1
2023/7/29,29314.14,29406.92,29256.18,29352.9,10851.36844,29294.138,29362.64642,29294.138,29409.17918,29179.09682,40.12041359,41.34689785,0.4019,0,0,-1
2023/7/30,29352.9,29449,29033.24,29281.09,15706.97441,29304.574,29335.46095,29304.574,29402.20228,29206.94572,36.27235405,-117.3661848,-0.0516,0,0,-1
2023/7/31,29281.09,29530,29101.8,29232.25,22605.48964,29280.632,29301.0573,29280.632,29378.74757,29182.51643,33.5376534,-29.95098837,-0.6361,0.25,0,-1
2023/8/1,29232.26,29739.25,28585.7,29705.99,44719.65162,29377.274,29436.03487,29377.274,29715.40714,29039.14086,65.27805858,71.31061188,0.111,0,0,0
2023/8/2,29705.99,30047.5,28927.5,29186.01,48181.65141,29351.648,29352.69324,29351.648,29722.84076,28980.45524,39.43746866,105.3750261,0.08895,0.25,0,-1
2023/8/3,29186,29433.33,28968,29193.64,26476.91994,29319.796,29299.6755,29319.796,29711.83915,28927.75285,39.87402993,-112.5722419,0.2263,0.3,0,-1
2023/8/4,29193.65,29333.08,28807.54,29113.99,23551.95217,29286.376,29237.78033,29286.376,29712.89284,28859.85916,36.44587227,-123.1330299,0.0129,0,-1,0
2023/8/5,29114,29152.23,28978.64,29072.13,11645.52018,29254.352,29182.56355,29254.352,29714.99486,28793.70914,34.4974584,-83.11655099,0,0,0,0
2023/8/6,29072.13,29205.09,28991.88,29088.42,13178.1972,29130.838,29151.18237,29130.838,29230.90922,29030.76678,36.15770734,-47.24339008,0,0,0,0
2023/8/7,29088.43,29276.78,28701.03,29211.06,30966.87746,29135.848,29171.14158,29135.848,29248.21857,29023.47743,48.45301497,-67.04488689,0.34,0.45,-1,-1
2023/8/8,29211.06,30244,29146.45,29770.42,45700.53392,29251.204,29370.90105,29251.204,29779.28779,28723.12021,75.43035376,166.6666667,0.369666667,0.239393939,0.333333333,-0.333333333
2023/8/9,29770.41,30160,29376.67,29581.99,38003.88725,29344.804,29441.26404,29344.804,29907.21133,28782.39667,61.80910442,81.80186409,0,0.5,0,-1
2023/8/10,29581.99,29738,29320.2,29455.75,23463.45373,29421.528,29446.09269,29421.528,29914.60207,28928.45393,53.68978847,21.34964814,0,0,0,0
2023/8/11,29455.76,29564.52,29252.45,29426.03,20637.0443,29489.05,29439.40513,29489.05,29858.01154,29120.08846,51.69154529,-23.09471726,0,0,0,-1
2023/8/12,29426.02,29481.35,29381.56,29430.17,8971.48068,29532.872,29436.32675,29532.872,29796.31436,29269.42964,52.00259938,-65.56745095,0,0,0,0
2023/8/13,29430.18,29474.65,29272.32,29303.84,11101.70947,29439.556,29392.1645,29439.556,29616.73291,29262.37909,41.74902525,-87.96203058,0,0,0,0
2023/8/14,29303.85,29695.32,29102.45,29430.93,31443.11532,29409.344,29405.08633,29409.344,29516.90872,29301.77928,53.32269088,-22.53276844,0.4241,0.008712121,0,-0.5
2023/8/15,29430.92,29499.26,29059.6,29200,27503.87691,29358.194,29336.72422,29358.194,29543.77954,29172.60846,36.74181866,-141.2447534,0.2294,0.371590909,0.5,-1
2023/8/16,29200.01,29259.85,28723.08,28730.51,32996.69854,29219.09,29134.65282,29219.09,29737.30876,28700.87124,20.52356436,-159.3756474,0,0,0,-1
2023/8/17,28730.51,28783.48,25166,26623.41,100271.5403,28657.738,28297.57188,28657.738,30746.39459,26569.08141,5.903765774,-166.6666667,0,-0.166666667,-1,1
2023/8/18,26623.41,26832.6,25619,26054,69790.65711,28007.77,27549.71458,28007.77,30793.85251,25221.68749,4.758707543,-101.2165156,0,0,0,0
2023/8/19,26054,26281,25801.09,26100.01,26160.75343,27341.586,27066.47972,27341.586,30039.43372,24643.73828,6.588641013,-70.97550324,0,0,-1,1
2023/8/20,26100.01,26299,25971.05,26189.99,19056.91209,26739.584,26774.31648,26739.584,28771.02026,24708.14774,10.77927321,-53.51047248,-0.4404,0,-1,1
2023/8/21,26190,26258.42,25812,26126.92,30267.24233,26218.866,26558.51765,26218.866,26632.87207,25804.85993,10.37159973,-54.60751044,0.4019,0.05,0,-1
2023/8/22,26126.92,26139.42,25300,26056,34247.06688,26105.384,26391.01177,26105.384,26206.29961,26004.46839,9.848082978,-166.6666667,-0.078933333,0.166666667,-0.333333333,-0.333333333
2023/8/23,26055.99,26819.27,25812.82,26432.72,44023.69978,26181.128,26404.91451,26181.128,26447.28994,25914.96606,32.47827859,135.5605621,0.064366667,0.1,0.666666667,-0.333333333
2023/8/24,26432.71,26577.87,25864,26180.05,30205.22116,26197.136,26329.95968,26197.136,26451.21075,25943.06125,26.8314726,40.58826086,0,0,0,0
2023/8/25,26180.05,26314.05,25777.15,26060.01,27753.33772,26171.14,26239.97645,26171.14,26448.36336,25893.91664,24.32038099,-24.03245071,-0.18045,0.037045455,0.25,-1
2023/8/26,26060,26125.77,25985.92,26017.37,10022.22322,26149.23,26165.7743,26149.23,26453.01355,25845.44645,23.35007749,-24.72161259,-0.3612,0,-1,1
2023/8/27,26017.38,26182.23,25966.11,26101.77,12099.64216,26158.384,26144.43953,26158.384,26452.99859,25863.76941,30.23660222,-40.2790731,0.4404,0.5,0,-1
2023/8/28,26101.78,26253.99,25864.5,26120,22692.62655,26095.84,26136.29302,26095.84,26205.93641,25985.74359,31.88879674,-19.23229831,-0.098666667,-0.011111111,-0.333333333,-0.333333333
2023/8/29,26120,28142.85,25922,27716.34,74251.99488,26403.098,26662.97535,26403.098,27718.25367,25087.94233,81.03957385,166.6666667,0.119916667,-0.077777778,0,-0.333333333
2023/8/30,27716.34,27768.57,27017.24,27299.99,35448.25848,26651.094,26875.31357,26651.094,28076.92396,25225.26404,65.60507714,89.00814419,0.8779,0.125,1,-1
2023/8/31,27299.99,27587.51,25655.01,25940.78,51032.80401,26635.776,26563.80238,26635.776,28089.87518,25181.67682,36.91483325,-29.80335687,0.164033333,0.033333333,0,0.333333333
2023/9/1,25940.77,26156,25333.75,25805.05,41032.15056,26576.432,26310.88492,26576.432,28133.43945,25019.42455,35.00403765,-91.04485983,0.0167,0.142045455,-0.25,-0.5
2023/9/2,25805.04,25987.5,25752.47,25869.51,16250.77698,26526.334,26163.75995,26526.334,28153.40493,24899.26307,36.94170842,-70.48614328,0,0,0,0
2023/9/3,25869.52,26135,25800,25971.21,17474.47667,26177.308,26099.57663,26177.308,27305.90089,25048.71511,40.44329551,-41.68462889,0,0,0,0
2023/9/4,25971.21,26108.02,25631.21,25826.02,21777.59609,25882.514,26008.39109,25882.514,26010.96089,25754.06711,36.79693089,-45.42668508,0.242233333,0.283333333,0.333333333,-1
2023/9/5,25826.03,25915.49,25562.62,25792.1,21323.39337,25852.778,25936.29406,25852.778,25982.33685,25723.21915,35.85294067,-87.48674085,-0.20095,0.25,0,0
2023/9/6,25792.11,26040,25372.51,25759.95,27262.52386,25843.758,25877.51271,25843.758,25990.49353,25697.02247,34.79536267,-97.70561105,0,-0.025,0,-1
2023/9/7,25759.95,26443.14,25615.38,26255,27687.49567,25920.856,26003.3418,25920.856,26284.88946,25556.82254,58.40907631,119.882915,0.3806,0.057142857,1,-1
2023/9/8,26255,26445.5,25647.26,25910.5,28999.76471,25908.714,25972.39454,25908.714,26269.25252,25548.17548,44.41692552,57.13513696,0,0,0,0
2023/9/9,25910.5,25945.09,25796.64,25901.61,10980.62277,25923.832,25948.79969,25923.832,26275.46184,25572.20216,44.0763353,-6.490775,0,0,0,0
2023/9/10,25901.6,26033.66,25570.57,25841.61,18738.26914,25933.734,25913.06979,25933.734,26272.52163,25594.94637,41.39824566,-50.79443242,0,0,0,0
2023/9/11,25841.6,25900.69,24901,25162.52,41682.32,25814.248,25662.88653,25814.248,26527.91849,25100.57751,22.26168791,-163.6114358,0,0,0,0
2023/9/12,25162.53,26567,25131.48,25840.1,56434.38537,25731.268,25721.95769,25731.268,26303.02638,25159.50962,50.69037648,27.00622068,-0.113333333,-0.011111111,0,-0.333333333
2023/9/13,25840.1,26405.22,25764.17,26222,31610.82753,25793.568,25888.63846,25793.568,26485.18749,25101.94851,60.79207995,115.73524,0.1779,0,1,-1
2023/9/14,26222,26860.49,26126.77,26522.73,38333.1725,25917.792,26100.0023,25917.792,26830.26908,25005.31492,67.37162019,122.8089046,0.6124,0.2,0,1
2023/9/15,26522.73,26888,26224,26600,26227.29369,26069.47,26266.6682,26069.47,27122.21537,25016.72463,69.04026225,84.29171488,0,0,0,0
2023/9/16,26599.99,26777,26445,26559.67,13960.93351,26348.9,26364.33547,26348.9,26923.4768,25774.3232,66.81109035,64.83573952,0,0,0,0
2023/9/17,26559.67,26623.25,26399,26527.51,12998.10277,26486.382,26418.72698,26486.382,26756.47933,26216.28467,64.72789293,26.86489463,0,0,0,0
2023/9/18,26527.5,27409,26377.35,26762.51,43000.43256,26594.484,26533.32132,26594.484,26771.36663,26417.60137,72.54666866,166.6666667,0.2263,0.075,0,-1
2023/9/19,26762.5,27483.57,26667.79,27210.26,36190.52187,26731.99,26758.96755,26731.99,27236.84743,26227.13257,82.03246216,127.6326931,0.2732,0,1,-1
2023/9/20,27210.25,27388.63,26800,27125,34207.21867,26836.99,26880.97836,26836.99,27403.03719,26270.94281,75.79856883,79.1073895,-0.0659,0.24375,0,-1
2023/9/21,27125.01,27159.6,26377.7,26568.08,34476.82662,26838.672,26776.67891,26838.672,27401.45355,26275.89045,46.77524325,-51.46642162,0.3062,0.04375,0.5,0
2023/9/22,26568.08,26743.38,26468.77,26580.14,18198.2292,26849.198,26711.16594,26849.198,27389.83974,26308.55626,47.32123522,-97.21273928,-0.2553,-0.05,-0.5,1
2023/9/23,26580.14,26632.81,26509,26575.96,9440.7026,26811.888,26666.09729,26811.888,27395.36096,26228.41504,47.11185207,-70.1515012,0,0,0,0
2023/9/24,26575.97,26738.54,26122.08,26248.38,15706.65771,26619.512,26526.8582,26619.512,27184.7371,26054.2869,32.86610996,-106.6896427,0,0,0,0
2023/9/25,26248.39,26446.15,25990.46,26304.81,26266.2039,26455.474,26452.84213,26455.474,26749.85629,26161.09171,36.97008142,-110.2996327,0.237025,0.3125,0,-1
2023/9/26,26304.8,26397.46,26088.34,26221.67,18495.35066,26386.192,26375.78475,26386.192,26704.07297,26068.31103,33.22905719,-77.89721237,0.1998,0.076704545,0,-0.333333333
2023/9/27,26221.68,26850,26112.06,26372.99,34771.57978,26344.762,26374.85317,26344.762,26598.19701,26091.32699,45.72423387,43.88755314,-0.067933333,-0.030555556,-0.333333333,-0.333333333
2023/9/28,26373,27308.48,26342.4,27021.39,44517.83491,26433.848,26590.36545,26433.848,27030.4906,25837.2054,72.89372235,164.0110741,-0.6808,0,-1,1
2023/9/29,27021.39,27244.89,26665.16,26906.96,28478.76219,26565.564,26695.89696,26565.564,27227.48185,25903.64615,65.64466041,88.86622826,0,-0.1,-1,1
2023/9/30,26906.96,27094.99,26886.31,26962.56,12804.62307,26697.114,26784.78464,26697.114,27360.89421,26033.33379,67.60152663,65.86197734,0,0,0,0
2023/10/1,26962.57,28065.51,26954.09,27992.57,24602.81468,27051.294,27187.37976,27051.294,28100.36868,26002.21932,86.02909611,166.6666667,0,0,0,0
2023/10/2,27992.58,28580,27281.44,27494.51,57071.14241,27275.598,27289.75651,27275.598,28105.28699,26445.90901,64.0197281,93.39379561,0,0,0,-1
2023/10/3,27494.51,27676.52,27160.5,27426.46,28928.96555,27356.612,27335.32434,27356.612,28149.48076,26563.74324,61.33957588,12.86706247,0,0,0,0
2023/10/4,27426.45,27839.72,27202,27778.57,29816.142,27530.934,27483.07289,27530.934,28229.34472,26832.52328,69.57724609,32.47171076,0.042666667,0.033333333,0.333333333,-0.333333333
2023/10/5,27778.57,28120.39,27352,27410.39,30681.49619,27620.5,27458.84526,27620.5,28077.52816,27163.47184,54.42087706,4.062464428,0.1591,0.125,0.5,-1
2023/10/6,27410.39,28295,27175.94,27931.09,37983.24277,27608.204,27616.26017,27608.204,28026.16814,27190.23986,67.09308947,87.75644038,0.2997,0,0,0
2023/10/7,27931.1,28029.67,27842.08,27956.67,13348.83825,27700.636,27729.73012,27700.636,28177.41803,27223.85397,67.64547773,114.1868913,0,0,0,0
2023/10/8,27956.67,28095.14,27687.5,27917.05,19693.56921,27798.754,27792.17008,27798.754,28206.3599,27391.1481,65.51621108,65.43227806,0,0,0,0
2023/10/9,27917.06,27987.93,27260,27590.12,31534.74639,27761.064,27724.82005,27761.064,28202.60338,27319.52462,49.45853062,-87.30062434,-0.3182,0,-1,1
2023/10/10,27590.12,27735,27298,27390.12,22776.84383,27757.01,27613.25337,27757.01,28211.53508,27302.48492,41.65204444,-111.7838918,-0.5859,0,-1,1
2023/10/11,27390.12,27477.39,26538.66,26875.52,37349.44706,27545.896,27367.34225,27545.896,28336.9037,26754.8883,27.62713566,-142.4852656,0.27098,0.06993266,0.4,-0.2
2023/10/12,26875.52,26947.04,26555,26759.63,23428.64112,27306.488,27164.7715,27306.488,28175.97726,26436.99874,25.23516391,-101.4814687,-0.1366,0,-1,1
2023/10/13,26759.63,27130,26685,26862,24115.76499,27095.478,27063.84766,27095.478,27757.09541,26433.86059,31.75899014,-50.95549545,0,-0.033333333,0,-0.333333333
2023/10/14,26862,26989.58,26789,26852.48,10417.25576,26947.95,26993.39178,26947.95,27397.59587,26498.30413,31.44008394,-39.85333883,0.1027,-0.1,1,-1
2023/10/15,26852.48,27293.33,26808.25,27154.15,15274.6917,26900.756,27046.97785,26900.756,27166.98075,26634.53125,50.9495201,129.2791592,0,0,0,0
2023/10/16,27154.14,30000,27112.66,28500.78,78399.22445,27225.808,27531.57857,27225.808,28528.03393,25923.58207,81.04561945,166.6666667,0.0254375,-0.072727273,0,-0.25
2023/10/17,28500.77,28613.65,28069.32,28395.91,38428.44532,27553.064,27819.68904,27553.064,29032.54358,26073.58442,76.47773644,75.0684555,-0.04326,-0.09,-0.4,-0.2
2023/10/18,28395.91,28982.36,28142.87,28320,32162.47591,27844.664,27986.45936,27844.664,29236.50978,26452.81822,72.76685754,57.62354155,0.323533333,-0.033333333,0.666666667,-1
2023/10/19,28320,28916.89,28100.66,28713.71,35895.50179,28216.91,28228.87624,28216.91,29312.17975,27121.64025,79.28374787,54.72907635,-0.01782,-0.02,0,-0.2
2023/10/20,28713.71,30207.55,28578.29,29669.04,59422.0992,28719.888,28708.93083,28719.888,29705.30493,27734.47107,87.99629281,166.6666667,-0.013933333,0.121904762,0,-1
2023/10/21,29669.05,30379.99,29464.77,29909.8,27517.51897,29001.692,29109.22055,29001.692,30323.69743,27679.68657,89.40058269,107.8176274,0,0,0,0
2023/10/22,29909.8,30248,29640,29992.46,22852.54563,29321.002,29403.6337,29321.002,30674.36166,27967.64234,89.90730452,74.58250424,0.25,0,0,-1
2023/10/23,29992.46,34741.91,29883.6,33069.99,93513.64246,30271,30625.75247,30271,33214.45416,27327.54584,96.87035536,166.6666667,0.153025,-0.008996212,0.125,-0.75
2023/10/24,33069.99,35280,32832.34,33922.73,115265.0242,31312.804,31724.74498,31312.804,34925.34936,27700.25864,97.47396494,112.0287683,0.1711625,0.040625,0.625,-0.75
2023/10/25,33922.73,35132.85,33679.05,34496.05,54887.02529,32278.206,32648.51332,32278.206,36185.5524,28370.8596,97.82629672,84.02861332,0.09878,0.05,0,-1
2023/10/26,34496.05,34824.13,33751,34151.66,39744.66255,33126.578,33149.56221,33126.578,36399.0086,29854.1474,88.55212967,56.13054358,0.0112,-0.016666667,0,-0.333333333
2023/10/27,34151.66,34245,33390.95,33892.02,32330.40106,33906.49,33397.04814,33906.49,34847.93344,32965.04656,81.28963915,3.069852362,0.17,-0.0125,0.5,-1
2023/10/28,33892.01,34493.33,33860,34081,16880.13144,34108.692,33625.03209,34108.692,34541.53187,33675.85213,82.58881839,3.721650221,0,0,0,0
2023/10/29,34081.01,34750.11,33930,34525.89,20685.52176,34229.324,33925.31806,34229.324,34719.95612,33738.69188,85.54285716,71.44655156,0.743,0.5,1,-1
2023/10/30,34525.88,34856,34062.84,34474.73,33657.95976,34225.06,34108.45538,34225.06,34706.63266,33743.48734,83.50630692,90.63178348,-0.050575,0.04,0.25,-0.5
2023/10/31,34474.74,34720.49,34025,34639.77,32737.89822,34322.682,34285.56025,34322.682,34894.58187,33750.78213,84.95103678,61.4305427,0.393733333,0.083333333,0.333333333,-1
2023/11/1,34639.78,35582,34097.39,35421.43,53473.28165,34628.564,34664.1835,34628.564,35506.19502,33750.93298,90.09004342,166.6666667,0.311833333,0.066666667,-0.666666667,-0.333333333
2023/11/2,35421.43,35984.99,34300,34941.59,48015.57732,34800.682,34756.65233,34800.682,35500.87121,34100.49279,71.38467872,88.09154534,0.15272,0.06,0,-0.2
2023/11/3,34941.58,34946.5,34120,34716.78,39071.20644,34838.86,34743.36156,34838.86,35494.34289,34183.37711,63.64563662,-33.35893019,0.246625,0,-0.25,-1
2023/11/4,34716.78,35255,34585.18,35062.07,18377.55545,34956.328,34849.5977,34956.328,35511.52934,34401.12666,69.90887585,39.33317548,0,0,0,0
2023/11/5,35062.06,35380,34448,35011.88,24528.73376,35030.75,34903.6918,35030.75,35487.25371,34574.24629,67.78694264,11.7018238,0,0,0,0
2023/11/6,35011.89,35276.33,34725.9,35046.09,22346.47086,34955.682,34951.15787,34955.682,35208.5424,34702.8216,68.59900375,49.18497679,-0.13605,-0.018939394,0,0
2023/11/7,35046.09,35888,34523.06,35399.12,38688.73692,35047.188,35100.47858,35047.188,35480.31146,34614.06454,76.30437388,137.6201193,0,0,0,0
2023/11/8,35399.13,36106,35100,35624.72,33401.34137,35228.776,35275.22572,35228.776,35713.7483,34743.8037,80.1878391,134.3085425,0.133966667,0.045454545,0,0.333333333
2023/11/9,35624.72,37972.24,35534.05,36701.09,82537.88885,35556.58,35750.51381,35556.58,36788.37153,34324.78847,89.98083147,154.6881609,-0.180766667,-0.033333333,-0.333333333,0.333333333
2023/11/10,36701.1,37526,36324.71,37301.63,43414.04898,36014.53,36267.55254,36014.53,37710.77253,34318.28747,92.54928577,97.05192065,-0.148,0,0,0
2023/11/11,37301.63,37408.26,36666.93,37130,22984.97235,36431.312,36555.03503,36431.312,37989.3645,34873.2595,84.78468962,66.28252702,0,0,0,0
2023/11/12,37129.99,37222.22,36731.1,37064.13,17687.18874,36764.314,36724.73335,36764.314,37969.30234,35559.32566,81.50426103,47.91225386,0,0,0,0
2023/11/13,37064.13,37417.99,36333,36462.93,32798.18252,36931.956,36637.46557,36931.956,37542.9452,36320.9668,56.54432373,-82.83661984,0.091366667,0.016666667,0.333333333,-0.333333333
2023/11/14,36462.93,36744,34800,35551.19,45503.68416,36701.976,36275.37371,36701.976,37984.28529,35419.66671,35.77552913,-166.6666667,0.1366,-0.125,0.5,-1
2023/11/15,35551.2,37980,35360,37858.2,53569.13385,36813.29,36802.98247,36813.29,38354.9025,35271.6775,70.29044817,57.48273677,-0.125,-0.3,-0.5,0
2023/11/16,37858.2,37929.54,35500,36163.51,47490.39566,36619.992,36589.82498,36619.992,38196.26599,35043.71801,47.06531916,-12.98417466,-0.07655,0,1,-1
2023/11/17,36163.51,36800,35861.1,36613.92,38283.61112,36529.95,36597.85666,36529.95,38044.68829,35015.21171,52.30127922,-12.92380475,0,0,0,-1
2023/11/18,36613.91,36845.49,36178.58,36568.1,17102.24186,36550.984,36587.93777,36550.984,38064.3357,35037.6323,51.6516031,17.26147121,0,0,0,0
2023/11/19,36568.11,37500,36384.02,37359.86,21246.34648,36912.718,36845.24518,36912.718,38133.61165,35691.82435,61.87959889,85.16244849,0,0,0,0
2023/11/20,37359.85,37750,36677,37448.78,36022.70291,36830.834,37046.42345,36830.834,37820.02677,35841.64123,62.97904019,104.5008107,0.097833333,0.157102273,0.166666667,-1
2023/11/21,37448.79,37649.44,35735,35741.65,47646.54804,36746.462,36611.49897,36746.462,37988.56835,35504.35565,37.21865291,-68.33081322,0,0,0,0
2023/11/22,35741.65,37861.1,35632.01,37408.34,45051.30697,36905.346,36877.11265,36905.346,38238.86156,35571.83044,58.122793,24.78638518,0,-0.1,0,-1
2023/11/23,37408.35,37653.44,36870,37294.28,23827.92882,37050.582,37016.16843,37050.582,38363.56243,35737.60157,56.51311332,70.18690501,0,-0.105,0.25,0
2023/11/24,37294.27,38414,37251.51,37713.57,44680.80646,37121.324,37248.63562,37121.324,38528.10048,35714.54752,61.42240951,116.0918772,0.0471,-0.119047619,-0.285714286,-0.428571429
2023/11/25,37713.57,37888,37591.1,37780.67,11396.14464,37187.702,37425.98041,37187.702,38678.8102,35696.5938,62.27436231,77.38659689,0,0,0,0
2023/11/26,37780.67,37814.63,37150,37447.43,21264.53723,37528.858,37433.13028,37528.858,37901.64185,37156.07415,54.76613901,4.864088107,0,0,0,0
2023/11/27,37447.42,37569.23,36707,37242.7,30001.07376,37495.73,37369.65352,37495.73,37929.85832,37061.60168,50.12507752,-94.88133968,0.2234,0,0.5,0
2023/11/28,37242.7,38377,36868.41,37818.87,37544.46667,37600.648,37519.39234,37600.648,38042.80875,37158.48725,61.57897544,36.93716295,0.104233333,0.061111111,-0.333333333,-0.333333333
2023/11/29,37818.88,38450,37570,37854.64,32994.19107,37628.862,37631.14156,37628.862,38112.31878,37145.40522,62.25171446,101.5665223,0,-0.05,0,-1
2023/11/30,37854.65,38145.85,37500,37723.96,24740.29147,37617.52,37662.08104,37617.52,38088.7039,37146.3361,57.64256125,49.28197928,-0.018328571,-0.097402597,0,-0.714285714
2023/12/1,37723.97,38999,37615.86,38682.52,43415.66324,37864.538,38002.22736,37864.538,38793.07352,36936.00248,74.7703487,134.3933947,0.09534,0.064545455,-0.4,-0.6
2023/12/2,38682.51,39717.14,38641.61,39450.35,26696.92161,38306.068,38484.93491,38306.068,39642.06089,36970.07511,82.04143133,139.2926489,0.4767,0,0,1
2023/12/3,39450.35,40250,39274.86,39972.26,26710.65335,38736.746,38980.70994,38736.746,40490.03148,36983.46052,85.57389351,109.5431961,0,0,0,0
2023/12/4,39972.26,42420,39972.26,41991.1,79272.33059,39564.038,39984.17329,39564.038,42425.24909,36702.82691,92.60613365,135.9565777,0.220583333,0.056060606,0.166666667,-0.666666667
2023/12/5,41991.1,44488,41414,44073.32,67490.74644,40833.91,41347.22219,40833.91,44744.71798,36923.10202,95.4596026,123.5965101,0,-0.025,0.5,-1
2023/12/6,44073.82,44297.21,43335.28,43762.69,51431.10492,41849.944,42152.37813,41849.944,45634.72105,38065.16695,89.05094755,93.07457389,0.140188889,-0.022222222,0.222222222,-0.555555556
2023/12/7,43762.69,44047.33,42821.1,43273.14,47103.26845,42614.502,42525.96542,42614.502,45614.55033,39614.45367,78.64922231,49.67722599,-0.049,-0.025,-0.25,0
2023/12/8,43273.15,44700,43081.1,44170.99,42900.37556,43454.248,43074.30695,43454.248,45045.65188,41862.84412,83.15896986,76.56896273,0,0.2675,0,-1
2023/12/9,44171,44358.02,43584.51,43713.6,24925.97008,43798.748,43287.40463,43798.748,44430.42388,43167.07212,73.29992277,54.5484233,0,0,0,0
2023/12/10,43713.59,44049,43563,43789.51,18956.61758,43741.986,43454.77309,43741.986,44312.84777,43171.12423,73.94084957,13.16147795,0,0,0,0
2023/12/11,43789.5,43804.5,40222,41253.4,76663.89804,43240.128,42720.98206,43240.128,45307.14098,41173.11502,36.92466779,-166.6666667,0,0,-0.166666667,0.666666667
2023/12/12,41253.41,42104.12,40680,41492.39,42722.69773,42883.978,42311.45137,42883.978,45375.55782,40392.39818,40.43707496,-93.44401873,0.23835,0.118181818,0.5,-1
2023/12/13,41492.38,43475.2,40555,42869.03,45865.99773,42623.586,42497.31091,42623.586,44771.09919,40476.07281,57.48406513,-23.05985977,-0.049333333,-0.009895833,0.166666667,-0.666666667
2023/12/14,42869.03,43420,41400,43022.26,42047.05709,42485.318,42672.29394,42485.318,44411.9703,40558.6657,59.1122306,23.58236473,0.184266667,0.048888889,0.333333333,-0.333333333
2023/12/15,43022.26,43080.81,41666,41940.3,33421.7932,42115.476,42428.29596,42115.476,43544.37731,40686.57469,44.17935116,28.78659409,-0.042685714,-0.028571429,0,-0.714285714
2023/12/16,41940.29,42724.43,41605,42278.03,24118.85747,42320.402,42378.20731,42320.402,43460.74375,41180.06025,49.18779387,11.05106243,0.4767,0,0,-1
2023/12/17,42278.02,42424.07,41252,41374.65,27722.11452,42296.854,42043.68821,42296.854,43507.32318,41086.38482,37.83681639,-165.6204885,0,0,0,0
2023/12/18,41374.64,42757.81,40542.93,42657.8,46734.0925,42254.608,42248.39214,42254.608,43394.96499,41114.25101,55.90404796,-42.42231855,0.07955,0.02,0.25,-1
2023/12/19,42657.8,43497,41811.1,42275.99,40927.86444,42105.354,42257.59142,42105.354,42965.72666,41244.98134,50.4502214,115.1746446,0.2633,0.166262626,0,-1
2023/12/20,42275.99,44283,42206,43668.93,48710.2947,42451.08,42728.03762,42451.08,43933.02363,40969.13637,65.70689853,142.9374006,0.091466667,0.166666667,0,-1
2023/12/21,43668.92,44242.35,43286.72,43861.8,34624.29384,42767.834,43105.95841,42767.834,44601.67484,40933.99316,67.44197482,102.0416586,0.11364,0.032,0.2,-0.2
2023/12/22,43861.79,44398.26,43412.54,43969.04,32783.19638,43286.712,43393.65227,43286.712,44660.60503,41912.81897,68.54799311,77.01505875,0,-0.125,0,-1
2023/12/23,43969.04,43988.68,43291.1,43702.16,16557.1293,43495.584,43496.48818,43495.584,44734.42434,42256.74366,61.99649487,33.32429221,0,0,0,0
2023/12/24,43702.15,43946,42500,42991.5,25144.33496,43638.686,43328.15879,43638.686,44321.4492,42955.9228,47.03374802,-114.8680377,0,0,0,0
2023/12/25,42991.5,43802.32,42720.43,43576.13,27021.23992,43620.126,43410.81586,43620.126,44303.63645,42936.61555,57.56534257,-54.9122883,0,0,0,-1
2023/12/26,43576.12,43592.68,41637.6,42508.93,41010.04282,43349.552,43110.18724,43349.552,44405.6891,42293.4149,39.59916608,-133.1967228,0.34,0.148181818,-1,-1
2023/12/27,42508.93,43677,42098.69,43428.85,36191.21136,43241.514,43216.40816,43241.514,44117.15945,42365.86855,54.79947213,-22.89083164,0.346525,0.31875,0,-1
2023/12/28,43428.86,43787.57,42241.79,42563.76,35150.52485,43013.834,42998.85877,43013.834,43883.96435,42143.70365,42.28934774,-41.40026046,0.109666667,0.066666667,0,-1
2023/12/29,42563.76,43111,41300,42066.95,42597.18912,42828.924,42688.22252,42828.924,43985.31165,41672.53635,36.33482007,-123.3227562,0.060233333,0,-0.333333333,-0.333333333
2023/12/30,42066.94,42612.32,41520.3,42140.28,22906.57818,42541.754,42505.57501,42541.754,43511.33997,41572.16803,37.94688051,-89.99710635,0,0,0,0
2023/12/31,42140.29,42899,41965.84,42283.58,23585.91603,42496.684,42431.57667,42496.684,43488.8699,41504.4981,41.56142428,-23.96604788,0,0,0,0
2024/1/1,42283.58,44184.1,42180.77,44179.55,27174.29903,42646.824,43014.23445,42646.824,44216.77572,41076.87228,70.2353089,129.4919557,-0.2584,0,-1,-1
2024/1/2,44179.55,45879.63,44148.34,44946.91,65146.40661,43123.454,43658.45963,43123.454,45528.20774,40718.70026,76.1545949,133.5525156,0.140066667,0.203030303,0.5,-0.333333333
2024/1/3,44946.91,45500,40750,42845.23,81194.55173,43279.11,43387.38309,43279.11,45482.49188,41075.72812,45.30744838,-13.5327319,-0.105875,-0.0875,-0.25,0
2024/1/4,42845.23,44729.58,42613.77,44151.1,48038.06334,43681.274,43641.95539,43681.274,45625.16042,41737.38758,58.39613178,27.19414212,-0.044475,-0.041666667,0,-1
2024/1/5,44151.1,44357.46,42450,44145.11,48075.25327,44053.58,43809.67359,44053.58,45407.65667,42699.50333,58.31611276,-21.02316325,0.218514286,0.008730159,0,-0.142857143
2024/1/6,44145.12,44214.42,43397.05,43968.32,17835.06144,44011.334,43862.55573,44011.334,45360.22443,42662.44357,55.50990067,-1.966624308,0,0,0,0
2024/1/7,43968.32,44480.59,43572.09,43929.02,23023.8508,43807.756,43884.71049,43807.756,44786.99443,42828.51757,54.77744963,80.3325415,0,0,0,0
2024/1/8,43929.01,47248.99,43175,46951.04,72814.57589,44628.918,44906.82032,44628.918,46958.01701,42299.81899,80.06326553,166.6666667,0.14945,0.041319444,0,-0.833333333
2024/1/9,46951.04,47972,44748.67,46110,69927.66617,45020.698,45307.88022,45020.698,47547.15223,42494.24377,67.02579789,98.65367416,0.096315385,0.016426282,0.307692308,-0.384615385
2024/1/10,46110,47695.93,44300.36,46653.99,89911.41203,45522.474,45756.58348,45522.474,48148.62044,42896.32756,70.86201936,63.34821088,0.057657143,-0.00952381,-0.142857143,-0.428571429
2024/1/11,46654,48969.48,45606.06,46339.16,87470.3296,45996.642,45950.77565,45996.642,48141.06944,43852.21456,65.36099887,97.61182628,0.15319,-0.021363636,-0.2,-0.8
2024/1/12,46339.16,46515.53,41500,42782.73,86327.93707,45767.384,44894.76043,45767.384,48805.74997,42729.01803,31.18115384,-166.6666667,0.0839,-0.00137741,0.272727273,-0.454545455
2024/1/13,42782.74,43257,42436.12,42847.99,36118.47464,44946.774,44212.50362,44946.774,48444.7049,41448.8431,31.99684042,-99.33517306,0,0,0,0
2024/1/14,42847.99,43079,41720,41732.35,28228.40894,44071.244,43385.78575,44071.244,48115.10984,40027.37816,25.53045595,-81.59630689,0,0,0,0
2024/1/15,41732.35,43400.43,41718.05,42511.1,40269.89303,43242.666,43094.22383,43242.666,46439.14263,40046.18937,36.69358933,-54.05232081,0.1399,0.2,0,-0.2
2024/1/16,42511.1,43578.01,42050,43137.95,45045.74589,42602.424,43108.79922,42602.424,43559.49029,41645.35771,44.99057114,18.98255155,-0.074,-0.03125,-0.25,0.5
2024/1/17,43137.94,43198,42200.69,42776.1,33266.21388,42601.098,42997.89948,42601.098,43557.17923,41645.01677,41.10346956,24.19467362,0.114666667,-0.01010101,0.333333333,-1
2024/1/18,42776.09,42930,40683.28,41327.5,43907.51641,42297,42441.09965,42297,43636.05411,40957.94589,28.69654958,-128.3432048,0.15898,0.136363636,0,-0.2
2024/1/19,41327.51,42196.86,40280,41659.03,48342.74559,42282.336,42180.40977,42282.336,43647.16077,40917.51123,34.36429121,-98.63962654,0.18175,0.03125,-0.25,-0.75
2024/1/20,41659.03,41872.56,41456.3,41696.04,15923.99493,42119.324,42018.95318,42119.324,43529.8498,40708.7982,35.08432904,-43.60486922,0,0,0,0
2024/1/21,41696.05,41881.39,41500.98,41580.33,11730.16301,41807.8,41872.74545,41807.8,42809.66162,40805.93838,33.64201779,-29.6489374,-0.1779,0,0,1
2024/1/22,41580.32,41689.65,39431.58,39568.02,55426.19911,41166.184,41104.50364,41166.184,42784.90263,39547.46537,17.76546137,-166.6666667,0.0446625,-0.055439815,-0.125,-0.25
2024/1/23,39568.02,40176.74,38555,39897.6,57956.63351,40880.204,40702.20242,40880.204,42766.93073,38993.47727,25.01065219,-111.6681484,-0.008355556,0.07345679,0,-0.333333333
2024/1/24,39897.59,40555,39484.19,40084.88,39293.82861,40565.374,40496.42828,40565.374,42349.7625,38780.9855,29.42710951,-47.24702046,0.1155125,0.042897727,0.25,-0.75
2024/1/25,40084.89,40300.24,39550,39961.09,31022.11853,40218.384,40317.98219,40218.384,41622.6051,38814.1629,28.06161099,-41.75436229,0.1779,0.225,0,1
2024/1/26,39961.09,42246.82,39822.52,41823.51,47384.96726,40267.02,40819.82479,40267.02,41860.6326,38673.4074,61.58494347,163.6635851,0.176688889,0.116262626,0,-0.555555556
2024/1/27,41823.51,42200,41394.34,42120.63,16224.41667,40777.542,41253.42653,40777.542,42740.92823,38814.15577,64.85127542,107.287935,0,0,0,0
2024/1/28,42120.63,42842.68,41620.81,42031.06,27294.99838,41204.234,41512.63769,41204.234,43144.39606,39264.07194,62.83791597,84.54588797,0,0,0,0
2024/1/29,42031.05,43333,41804.88,43302.7,31542.74207,41847.798,42109.32512,41847.798,43999.08024,39696.51576,76.03919125,98.54258329,0.1948,0.064393939,-0.333333333,-1
2024/1/30,43302.71,43882.36,42683.99,42941.1,37619.24546,42443.8,42386.58342,42443.8,43590.82026,41296.77974,67.51435225,103.8759636,-0.01616,0.08,0.2,-0.2
2024/1/31,42941.1,43745.11,42276.84,42580,39871.13688,42595.098,42451.05561,42595.098,43560.04553,41630.15047,59.22596687,43.00636254,0.14418,-0.0525,-0.2,0.6
2024/2/1,42580,43285.13,41884.28,43082.94,35231.04664,42787.56,42661.68374,42787.56,43678.20763,41896.91237,66.40610628,-0.660890413,0,0,-0.5,1
2024/2/2,43082.95,43488,42546.79,43200,29672.14418,43021.348,42841.12249,43021.348,43524.21725,42518.47875,68.04334811,63.17914857,0.056728571,0,0,-0.428571429
2024/2/3,43199.99,43380.01,42880,43011.09,12033.40998,42963.026,42897.77833,42963.026,43382.58373,42543.46827,61.95262774,45.38555115,0,0,0,0
2024/2/4,43011.1,43119.04,42222,42582.88,17066.89404,42891.382,42792.81222,42891.382,43411.69097,42371.07303,49.41872333,-102.4539678,0,0,0,0
2024/2/5,42582.88,43569.76,42258.1,42708.7,29467.75905,42917.122,42764.77481,42917.122,43383.17178,42451.07222,52.91729624,-14.66182754,0.14688,-0.01,0.2,-0.6
2024/2/6,42708.7,43399.98,42574,43098.95,24675.85433,42920.324,42876.16654,42920.324,43391.083,42449.565,62.87340274,38.24169292,0.00645,0,-0.25,-1
2024/2/7,43098.96,44396.5,42788,44349.6,34392.59915,43150.244,43367.31103,43150.244,44407.96026,41892.52774,79.89998348,166.4186224,0,0,0.4,-0.2
2024/2/8,44349.6,45614.3,44331.1,45288.65,45439.62231,43605.756,44007.75735,43605.756,45702.09056,41509.42144,85.94829607,136.0614728,-0.127266667,0.022727273,0,-0.333333333
2024/2/9,45288.66,48200,45242.12,47132.77,73503.481,44515.734,45049.42823,44515.734,47709.04274,41322.42526,91.91811338,128.6195829,0.266633333,0.027777778,0.666666667,-0.333333333
2024/2/10,47132.78,48170,46800,47751.09,24802.35936,45524.212,45949.98216,45524.212,48972.52092,42075.90308,93.13966424,98.69692781,0,0,0,0
2024/2/11,47751.08,48592.66,47557.16,48299.99,29958.80837,46564.42,46733.3181,46564.42,49567.94158,43560.89842,94.12502404,83.76080317,0,0,0,0
2024/2/12,48300,50334.82,47710.01,49917.27,59009.96705,47677.954,47794.6354,47677.954,50699.58442,44656.32358,96.15762221,112.3136966,0.286,0.106666667,0.4,-1
2024/2/13,49917.28,50368.61,48300.95,49699.59,55551.56706,48560.142,48429.62027,48560.142,50732.65634,46387.62766,90.86828686,88.39581635,-0.018783333,0.048214286,0,-0.666666667
2024/2/14,49699.6,52043.71,49225.01,51795.17,57046.37401,49492.622,49551.47018,49492.622,52318.24671,46666.99729,94.50536164,128.5554212,0.059333333,-0.045833333,0.166666667,-0.666666667
2024/2/15,51795.17,52816.62,51314,51880,53816.03055,50318.404,50327.64679,50318.404,53036.82328,47599.98472,94.61391136,110.2226512,-0.2589,-0.051851852,-0.333333333,0.333333333
2024/2/16,51880.01,52572.08,51566,52124.11,37772.25318,51083.228,50926.46786,51083.228,53180.6654,48985.7906,94.97126211,78.54752459,-0.135714286,-0.026984127,-0.285714286,-0.142857143
2024/2/17,52124.1,52162.82,50625,51642.64,25674.00622,51428.302,51165.1919,51428.302,53184.92557,49671.67843,81.62028666,22.99522481,0,0,0,0
2024/2/18,51642.64,52377,51163.28,52137.67,21992.10363,51915.918,51489.35127,51915.918,52298.61256,51533.22344,84.43284937,36.57446291,0,0,1,-1
2024/2/19,52137.68,52488.77,51677,51774.73,29534.99432,51911.83,51584.47751,51911.83,52299.99421,51523.66579,74.04821092,37.30172366,-0.047375,0.10625,0.25,0
2024/2/20,51774.74,52985,50760.37,52258.82,49614.47318,51987.594,51809.25834,51987.594,52460.0576,51515.1304,78.46432019,46.12642024,0.244942857,0.019047619,0.142857143,-0.428571429
2024/2/21,52258.82,52366.8,50625,51849.39,43079.40049,51932.65,51822.63556,51932.65,52392.56027,51472.73973,66.50070769,-60.3010454,-0.098666667,0,0.333333333,-0.333333333
2024/2/22,51849.38,52065.78,50940.78,51288.42,35309.44574,51861.806,51644.56371,51861.806,52537.21933,51186.39267,52.73096491,-112.3743158,0.15202,0,0.6,-0.6
2024/2/23,51288.42,51548.54,50521,50744.15,30545.79544,51583.102,51344.42581,51583.102,52624.21807,50541.98593,42.14694916,-133.7348332,-0.129144444,0.086464646,0.111111111,-0.333333333
2024/2/24,50744.15,51698,50585,51568.22,16560.4211,51541.8,51419.02387,51541.8,52565.46958,50518.13042,58.07380182,-40.01952333,0.20095,-0.025,0,-1
2024/2/25,51568.21,51958.55,51279.8,51728.85,18721.63159,51435.806,51522.29925,51435.806,52222.98864,50648.62336,60.70931882,82.55632097,0,0,0,0
2024/2/26,51728.85,54910,50901.44,54476.47,51256.72199,51961.222,52507.02283,51961.222,54564.11986,49358.32414,83.23823081,166.6666667,0.02415,-0.013888889,0,-0.333333333
2024/2/27,54476.48,57588.15,54450.13,57037.34,67194.98562,53111.006,54017.12855,53111.006,57773.46387,48448.54813,89.95111739,139.8156851,0.2142625,0.052272727,0,-0.5
2024/2/28,57037.35,64000,56691.85,62432.1,118763.4698,55448.596,56822.11904,55448.596,63505.01172,47392.18028,95.10905938,132.7772571,0.1943,-0.099444444,0.5,-0.666666667
2024/2/29,62432.11,63676.35,60364.7,61130.98,78425.07603,57361.148,58258.40602,57361.148,65364.90647,49357.38953,82.36375897,89.5976563,-0.04272,0.066,0.1,-0.6
2024/3/1,61130.99,63114.23,60777,62387.9,47737.93473,59492.958,59634.90402,59492.958,65874.02829,53111.88771,84.82014252,65.33558435,0.041666667,0.046666667,0,0
2024/3/2,62387.9,62433.19,61561.12,61987.28,25534.73659,60995.12,60419.02934,60995.12,65061.72641,56928.51359,80.36081384,52.59221366,0,0,0,0
2024/3/3,61987.28,63231.88,61320,63113.97,28994.90903,62210.446,61317.3429,62210.446,63510.30013,60910.59187,83.42434922,112.5578008,0,0,0,0
2024/3/4,63113.97,68499,62300,68245.71,84835.16005,63373.168,63626.7986,63373.168,68411.23864,58335.09736,91.22106274,166.6666667,0.10212,0.084,0.6,-0.6
2024/3/5,68245.71,69000,59005,63724.01,132696.7813,63891.774,63659.2024,63891.774,68406.5158,59377.0322,60.09017191,25.23683315,0.023885714,0,0,-0.714285714
2024/3/6,63724.01,67641.1,62779.14,66074.04,78738.85491,64629.002,64464.14827,64629.002,69124.48766,60133.51634,67.33271567,64.31074571,-0.098666667,0.026666667,0,0.333333333
2024/3/7,66074.04,67980,65551,66823.17,53059.8869,65596.18,65250.48884,65596.18,69434.95594,61757.40406,69.53562839,82.34443509,0.075433333,0.05,0,-1
2024/3/8,66823.18,69990,66082.66,68124.19,74261.93284,66598.224,66208.38923,66598.224,69900.25465,63296.19335,73.42589763,114.3153788,0.0323875,0.015056818,-0.125,-0.75
2024/3/9,68124.2,68541.1,67861.1,68313.27,19872.89743,66611.736,66910.01615,66611.736,69941.0624,63282.4096,74.02839866,80.72182117,0,0,0,-1
2024/3/10,68313.28,69887.61,68094.75,68955.88,38404.66835,67658.11,67591.97077,67658.11,69762.7857,65553.4343,76.31017439,89.06078054,0,0,0,0
2024/3/11,68955.88,72800,67024.96,72078.1,75292.82573,68858.922,69087.34718,68858.922,72363.70288,65354.14112,84.55260765,137.7851602,0.1199,0.100757576,0.333333333,-0.666666667
2024/3/12,72078.1,73000,68620.82,71452.01,68783.54669,69784.69,69875.56812,69784.69,73089.10505,66480.27495,77.77011121,94.60890741,0.05244,-0.002361111,0,0
2024/3/13,71452,73650.25,71333.31,73072.41,52659.71165,70774.334,70941.18208,70774.334,74440.81076,67107.85724,82.35040046,116.0876582,0.03035,0.014444444,0,-0.6
2024/3/14,73072.4,73777,68555,71388.94,71757.62875,71389.468,71090.43472,71389.468,74107.22739,68671.70861,64.96678362,24.68512482,0.160822222,0.033333333,-0.111111111,-0.555555556
2024/3/15,71388.94,72419.71,65600,69499.85,103334.0355,71498.262,70560.23981,71498.262,73834.39472,69162.12928,50.1250001,-141.4422801,0.004344444,0.044166667,0,-0.333333333
2024/3/16,69499.84,70043,64780,65300.63,55926.95336,70142.768,68807.03654,70142.768,75487.63511,64797.90089,30.66168712,-129.4864209,0,-0.4,0,1
2024/3/17,65300.64,68904.4,64533,68393.48,49742.21589,69531.062,68669.18436,69531.062,74836.49154,64225.63246,48.92163735,-70.03467675,0,0,0,0
2024/3/18,68393.47,68956,66565.2,67609.99,55691.08088,68438.578,68316.11957,68438.578,72475.03622,64402.11978,45.15609681,-33.20955516,0.252425,0.056818182,0.5,0
2024/3/19,67610,68124.11,61555,61937.4,101005.3249,66548.27,66189.87972,66548.27,71919.34822,61177.19178,26.61562044,-154.5925001,0.05505,0.016212121,0.166666667,0
2024/3/20,61937.41,68100,60775,67840.51,90420.58592,66216.402,66740.08981,66216.402,70988.65341,61444.15059,52.16421032,-36.30361904,0.01915,0.025,-0.25,0
2024/3/21,67840.51,68240.47,64529.01,65501.27,53357.48002,66256.53,66327.14987,66256.53,71000.59607,61512.46393,44.49156822,-0.844076323,-0.21075,-0.25,-0.5,0
2024/3/22,65501.28,66649.62,62260,63796.64,51482.37821,65337.162,65483.64658,65337.162,69844.1361,60830.1879,39.23490379,-72.83880395,0.112566667,0.033333333,-0.333333333,-0.333333333
2024/3/23,63796.64,65999,63000,63990.01,26410.11409,64613.166,64985.76772,64613.166,68554.66214,60671.66986,40.2361482,-40.39853126,0,0,0,0
2024/3/24,63990.02,67628.69,63772.29,67209.99,31395.78015,65667.684,65727.17515,65667.684,68947.07052,62388.29748,55.49884524,76.18159565,0,0,0,0
2024/3/25,67210,71150,66385.06,69880.01,53431.14486,66075.584,67111.45343,66075.584,70604.0341,61547.1339,64.8130483,152.3501212,0.3273,0,0,-1
2024/3/26,69880,71561.1,69280,69988,38934.38417,66972.93,68070.30229,66972.93,72382.89034,61562.96966,65.18148569,99.85112252,0.008457143,-0.001190476,0.142857143,-0.714285714
2024/3/27,69987.99,71769.54,68359.18,69469.99,49119.35685,68107.6,68536.86486,68107.6,72693.98847,63521.21153,61.33090657,58.82920311,0.0903,-0.05,0,-0.5
2024/3/28,69469.99,71552.06,68903.62,70780.6,35439.03239,69465.718,69284.77657,69465.718,71875.97244,67055.46356,67.41817614,68.10771816,0.1225125,-0.00625,0.125,-0.25
2024/3/29,70780.6,70916.16,69009,69850.54,25445.08353,69993.828,69473.36438,69993.828,70854.96046,69132.69554,59.15749561,0.31168864,0.2182,0.083333333,0.666666667,-0.333333333
2024/3/30,69850.53,70321.1,69540,69582.18,13644.61142,69934.262,69509.63625,69934.262,70857.60176,69010.92224,56.65378248,-71.3852119,0,0,0,0
2024/3/31,69582.17,71366,69562.99,71280.01,19396.34433,70192.664,70099.76084,70192.664,71618.14282,68767.18518,67.52372843,115.2455633,0,0,0,0
2024/4/1,71280,71288.23,68062.86,69649.8,41445.32039,70228.626,69949.77389,70228.626,71586.84972,68870.40228,51.90226125,-79.88692271,-0.1204,-0.055555556,-0.333333333,0.333333333
2024/4/2,69649.81,69674.23,64550,65463.99,71799.82793,69165.304,68454.51259,69165.304,73069.12542,65261.48258,29.78565364,-166.6666667,0,0,0,-1
2024/4/3,65463.99,66903.63,64493.07,65963.28,39887.21778,68387.852,67624.10173,68387.852,72931.94957,63843.75443,33.98024367,-97.15995736,-0.068875,0.09375,0.25,-0.5
2024/4/4,65963.27,69309.91,65064.52,68487.79,41510.48453,68168.974,67911.99782,68168.974,72564.88653,63773.06147,52.07522036,-17.78544338,-0.067433333,0.083333333,0.333333333,-0.333333333
2024/4/5,68487.8,68756.67,65952.56,67820.62,37915.23073,67477.096,67881.53855,67477.096,70601.7577,64352.4343,47.75165557,5.349130512,0.02512,0.02,0,-0.2
2024/4/6,67820.63,69692,67447.83,68896,20134.28919,67326.336,68219.69236,67326.336,70066.17416,64586.49784,55.23927003,114.0661659,0,0,0,0
2024/4/7,68896,70326.29,68824,69360.39,21534.74433,68105.616,68599.92491,68105.616,70474.75895,65736.47305,58.4532208,110.3734768,0,0,0,0
2024/4/8,69360.38,72797.99,69043.24,71620,45723.87624,69236.96,69606.61661,69236.96,71825.80422,66648.11578,71.08219398,131.2370147,0.12256,-0.021666667,-0.2,-1
2024/4/9,71620,71758.19,68210,69146,39293.90242,69368.602,69453.07774,69368.602,71856.65553,66880.54847,50.19882876,27.04658001,0.06364,-0.04,0,-0.2
2024/4/10,69146,71172.08,67518,70631.08,42006.02377,69930.694,69845.74516,69930.694,72000.64633,67860.74167,59.19424467,1.289766479,0.083333333,0.05,0,-1
2024/4/11,70631.08,71305.89,69567.21,70006.23,31917.25595,70152.74,69899.24011,70152.74,71951.51073,68353.96927,54.05873547,27.09637376,-0.24695,-0.1,-0.5,-1
2024/4/12,70006.22,71227.46,65086.86,67116.52,56072.86229,69703.966,68971.66674,69703.966,72753.98804,66653.94396,36.002556,-163.0973654,-0.24695,0,-0.5,0
2024/4/13,67116.52,67929,60660.57,63924.51,71395.22019,68164.868,67289.28116,68164.868,73024.0947,63305.6413,24.63920062,-147.5847028,0,0,0,0
2024/4/14,63924.52,65840,62134,65661.84,61599.17818,67468.036,66746.80077,67468.036,72558.40024,62377.67176,37.9610819,-78.07058434,0,0,0,0
2024/4/15,65661.85,66867.07,62274.4,63419.99,52389.53069,66025.818,65637.86385,66025.818,70789.98638,61261.64962,29.53853769,-58.89183534,0.03606,0.033272727,-0.6,-0.2
2024/4/16,63419.99,64365,61600,63793.39,53435.29331,64783.25,65023.03923,64783.25,67582.07894,61984.42106,32.64969561,-85.10801758,-0.114516667,0.028560606,-0.333333333,0
2024/4/17,63793.4,64499,59678.16,61277.37,50610.54509,63615.42,63774.48282,63615.42,66418.23508,60812.60492,23.79897777,-139.7540167,0,-0.0375,-0.75,-0.5
2024/4/18,61277.38,64117.09,60803.35,63470.08,43601.60918,63524.534,63673.01521,63524.534,66310.78614,60738.28186,41.17154259,-41.67667675,0.2202,0,0.5,-1
2024/4/19,63470.09,65450,59600.01,63818.01,69774.30271,63155.768,63721.34681,63155.768,65061.99162,61249.54438,43.71663688,-5.362364809,-0.141228571,-0.069990079,-0.142857143,-0.142857143
2024/4/20,63818.01,65419,63090.07,64940.59,23137.42975,63459.888,64127.76121,63459.888,65859.12822,61060.64778,52.07815905,146.8934842,0,0,0,0
2024/4/21,64940.58,65695.56,64237.5,64941.15,19316.42152,63689.44,64398.8908,63689.44,66374.93958,61003.94042,52.08259799,98.3429539,0,0,0,0
2024/4/22,64941.15,67232.35,64500,66819.32,31397.99371,64797.83,65205.70054,64797.83,67138.82298,62456.83702,65.48562102,113.6547799,0.038414286,0.070612245,0,-0.142857143
2024/4/23,66819.32,67183.01,65765.81,66414,22599.90004,65386.614,65608.46702,65386.614,67571.29934,63201.92866,60.89113714,91.92027004,0.025733333,0,0,-0.333333333
2024/4/24,66414,67070.43,63606.06,64289.59,33595.69637,65480.93,65168.84135,65480.93,67412.67081,63549.18919,41.71584033,-39.10899782,-0.25715,0,0.5,0
2024/4/25,64289.58,65297.94,62794,64498.34,31341.46338,65392.48,64945.3409,65392.48,67451.39757,63333.56243,43.88631615,-100.3708265,-0.0624625,0.1125,0,-0.25
2024/4/26,64498.33,64820.01,63297.48,63770.01,27085.19346,65158.252,64553.56393,65158.252,67600.10757,62716.39643,37.75455177,-85.69054843,-0.068,0.03,0,-0.6
2024/4/27,63770,63923.41,62391.24,63461.98,20933.06052,64486.784,64189.70262,64486.784,66549.24248,62424.32552,35.15767518,-95.23091327,0,0,0,0
2024/4/28,63461.98,64370,62781,63118.62,16949.20005,63827.708,63832.67508,63827.708,64848.67777,62806.73823,32.08284224,-72.17487396,0,0,0,0
2024/4/29,63118.62,64228.35,61765.53,63866,28150.22947,63742.99,63843.78339,63742.99,64661.78037,62824.19963,45.13782206,-62.21374027,0,0,0,0
2024/4/30,63866,64734,59191.6,60672,54947.65535,62977.722,62786.52226,62977.722,65342.03502,60613.40898,22.27011515,-166.6666667,-0.101066667,0.068759019,-0.222222222,-0.333333333
2024/5/1,60672.01,60841.63,56552.82,58364.97,81166.46823,61896.714,61312.67151,61896.714,66072.29438,57721.13362,15.28055895,-146.0248514,-0.21035,-0.225,-0.5,0
2024/5/2,58364.97,59625,56911.84,59060.61,47583.81961,61016.44,60561.98434,61016.44,65353.56864,56679.31136,24.24235252,-84.22858786,0,0,0,-1
2024/5/3,59060.6,63333,58811.32,62882.01,43628.40143,60969.118,61335.32622,60969.118,65217.72717,56720.50883,56.11745658,36.7016652,-0.173357143,-0.057142857,-0.428571429,0.142857143
2024/5/4,62882.01,64540,62541.03,63892.04,24368.69282,60974.326,62187.56415,60974.326,65237.16655,56711.48545,61.47309274,106.5487505,0,0,0,0
2024/5/5,63892.03,64646,62822.17,64012,18526.75029,61642.326,62795.70943,61642.326,66510.15543,56774.49657,62.15873429,79.45998854,0,0,0,0
2024/5/6,64012,65500,62700,63165.19,34674.91949,62602.37,62918.86962,62602.37,66245.37252,58959.36748,53.72249842,56.72612842,0.0086,0.083333333,0.333333333,-1
2024/5/7,63165.18,64422.41,62261,62312.08,25598.79472,63252.664,62716.60641,63252.664,64522.34969,61982.97831,45.88085452,-18.65886629,0.1196,-0.024621212,0.5,-1
2024/5/8,62312.07,63020.22,60888,61193.03,26121.19004,62914.868,62208.74761,62914.868,65021.86668,60807.86932,37.0205565,-147.3497079,0.211466667,0.045454545,0,-1
2024/5/9,61193.03,63429.03,60630,63074.01,30660.8061,62751.262,62497.16841,62751.262,64645.66022,60856.86378,55.198778,-51.95394562,0,-0.0025,0.2,-0.6
2024/5/10,63074,63469.13,60187.12,60799.99,36529.34025,62108.86,61931.44227,62108.86,64035.62542,60182.09458,38.43425625,-88.86574891,0.259828571,0.019480519,0,-0.428571429
2024/5/11,60799.99,61515,60487.09,60825.99,13374.56936,61641.02,61562.95818,61641.02,63446.80676,59835.23324,38.7003342,-101.447066,0,0,0,0
2024/5/12,60825.99,61888,60610,61483.99,12753.13236,61475.402,61536.63545,61475.402,63151.8918,59798.9122,46.0732096,-42.2322589,0,0,0,0
2024/5/13,61484,63450,60749.21,62940.08,32733.41839,61824.812,62004.4503,61824.812,63818.47867,59831.14533,59.5356477,83.46171625,-0.18265,0,-0.25,0
2024/5/14,62940.09,63118.36,61142.77,61577.49,29088.72041,61525.508,61862.1302,61525.508,63080.1505,59970.8655,46.07966426,50.29009215,0.0822,0.068253968,0,0.142857143
2024/5/15,61577.49,66444.16,61319.47,66206.5,43559.74719,62606.81,63310.25347,62606.81,66460.15984,58753.46016,72.48652396,158.1720784,0,-0.025,0,-1
2024/5/16,66206.51,66752.01,64602.77,65235.21,31106.3671,63488.654,63951.90565,63488.654,67326.28908,59651.01892,64.23546225,102.2321863,-0.052516667,0.085227273,0.333333333,-1
2024/5/17,65235.21,67451.2,65106.38,67024,26292.23409,64596.656,64975.9371,64596.656,68671.05953,60522.25247,71.66140138,94.50822365,0,0,0,0
2024/5/18,67024,67400.01,66600,66915.2,14441.25774,65391.68,65622.35806,65391.68,69413.82287,61369.53713,70.54771914,84.26751926,0.23835,0.25,0,-1
2024/5/19,66915.2,67700,65857.25,66274.01,18025.30409,66330.984,65839.57538,66330.984,67608.80792,65053.16008,63.30080538,47.55777304,0,0,0,0
2024/5/20,66274,71515.56,66060.31,71446.62,50816.7011,67379.008,67708.59025,67379.008,71640.79226,63117.22374,81.97365928,166.6666667,0.083333333,0.045454545,0.333333333,-1
2024/5/21,71446.62,71979,69162.94,70148.34,49607.4336,68361.634,68521.84017,68361.634,72455.44073,64267.82727,70.68930926,99.00814851,0.127266667,0,0,0.333333333
2024/5/22,70148.34,70666,68842.19,69166.62,27673.18026,68790.158,68736.76678,68790.158,72677.53661,64902.77939,62.55047636,40.78770508,0,0,0,1
2024/5/23,69166.62,70096.12,66312.16,67969.65,40513.17374,69001.048,68481.06119,69001.048,72559.14114,65442.95486,53.2129586,-41.55722498,-0.07945,0.125,0,0
2024/5/24,67969.66,69250,66600.12,68549.99,28095.83664,69456.244,68504.03746,69456.244,71914.81815,66997.66985,57.09465423,-83.04125486,0,0,0,0
2024/5/25,68549.99,69610,68500,69290.57,12130.39418,69025.034,68766.21497,69025.034,70492.5147,67557.5533,62.10917509,5.042457238,0.5106,0,1,-1
2024/5/26,69290.56,69562.23,68128.01,68507.67,11872.11797,68696.9,68680.03331,68696.9,69659.96347,67733.83653,53.80021996,-0.563452525,0,0,0,0
2024/5/27,68507.67,70687.56,68250,69436.43,23136.92737,68750.862,68932.16554,68750.862,69835.69279,67666.03121,61.44813813,105.2330329,0.058966667,-0.034090909,0.333333333,-1
2024/5/28,69436.43,69591.81,67277.91,68398.39,32622.97042,68836.61,68754.24036,68836.61,69707.58786,67965.63214,49.9062068,-56.65658847,0,0,0,-1
2024/5/29,68398.4,68935.68,67124.65,67652.42,23159.83149,68657.096,68386.96691,68657.096,69955.48934,67358.70266,42.70130322,-121.4496105,-0.264425,0,-0.25,0
2024/5/30,67652.41,69500,67128,68352.17,28478.2184,68469.416,68375.36794,68469.416,69608.83804,67329.99396,50.9965911,-38.32850861,-0.091066667,0.022727273,0,-1
2024/5/31,68352.17,69044.1,66670,67540.01,26690.32184,68275.884,68096.91529,68275.884,69631.7342,66920.0338,42.14466085,-91.18569646,-0.1582,-0.047222222,-0.166666667,0.333333333
2024/6/1,67540.01,67900,67428.44,67766.85,8837.66133,67941.968,67986.89353,67941.968,68664.55298,67219.38302,45.45045656,-75.85898018,-0.04765,0,0.5,-1
2024/6/2,67766.84,68460,67257.47,67765.63,15426.32529,67815.416,67913.13902,67815.416,68377.80968,67253.02232,45.4330042,-28.84215603,-0.2732,0,1,-1
2024/6/3,67765.62,70288,67612.48,68809.9,29633.374,68046.912,68212.05935,68046.912,68980.6516,67113.1724,61.32320644,130.1261685,0.129842857,0.071428571,0.142857143,-1
2024/6/4,68809.89,71063.45,68567.32,70537.84,29619.78489,68484.046,68987.31956,68484.046,70719.3887,66248.7033,75.86196162,129.8569857,0.21795,-0.015625,0.25,-1
2024/6/5,70537.83,71758,70383.66,71108,28703.18082,69197.644,69694.21304,69197.644,71982.42641,66412.86159,79.10206092,112.7255283,-0.18244,-0.0275,0.2,-0.6
2024/6/6,71108,71700,70117.64,70799.06,21842.00449,69804.086,70062.49536,69804.086,72392.09969,67216.07231,72.50971547,67.70809482,-0.101033333,-0.1,0.333333333,-0.333333333
2024/6/7,70799.06,71997.02,68420,69355.6,35598.45045,70122.08,69826.86357,70122.08,71891.26162,68352.89838,48.7711019,-25.07196699,-0.1405,-0.104166667,0,-0.333333333
2024/6/8,69355.6,69582.2,69168.02,69310.46,9773.82967,70222.192,69654.72905,70222.192,71718.66869,68725.71531,48.15483917,-104.6901805,0,0.08,-0.5,-1
2024/6/9,69310.46,69857.14,69130.24,69648.14,9890.56709,70044.252,69652.5327,70044.252,71559.74319,68528.76081,53.63335367,-61.88865424,0,0,0,0
2024/6/10,69648.15,70195.94,69172.29,69540,17122.66941,69730.652,69615.0218,69730.652,70826.78243,68634.52157,51.45670853,-36.05675341,0.1698,0.034090909,-0.25,-0.5
2024/6/11,69540,69590.01,66051,67314.24,41436.01588,69033.688,68848.09453,69033.688,70770.49763,67296.87837,25.17291144,-166.6666667,0.0592,0.04,0.2,-0.6
2024/6/12,67314.23,69999,66905,68263.99,37175.32356,68815.366,68653.39302,68815.366,70608.9367,67021.7953,41.19448426,-48.98145023,0.060842857,0.05,0.285714286,-1
2024/6/13,68263.98,68449.3,66251.78,66773.01,29079.55571,68307.876,68026.59868,68307.876,70616.03358,65999.71842,29.00685029,-98.54787824,0.20095,-0.003125,0.5,0
2024/6/14,66773.01,67370.24,65078,66043.99,28408.18797,67587.046,67365.72912,67587.046,70018.56932,65155.52268,24.56490626,-112.3919625,-0.08385,0.125,0,-1
2024/6/15,66043.99,66478.48,65857.1,66228.25,11451.80242,66924.696,66986.56941,66924.696,68531.96491,65317.42709,28.04610222,-82.26886383,-0.3818,0,0,1
2024/6/16,66228.25,66998.7,66034.5,66676.87,9392.52223,66797.222,66883.33628,66797.222,68361.20839,65233.23561,36.9072874,-30.67530298,0,0,0,-1
2024/6/17,66676.86,67298.81,65130,66504.33,27386.16851,66445.29,66757.00085,66445.29,66991.30353,65899.27647,34.84432766,-36.11028551,0.070683333,0.068333333,0.166666667,-0.666666667
2024/6/18,66504.33,66588.23,64060,65175.32,42350.10244,66125.752,66229.7739,66125.752,67171.7211,65079.7829,22.65296687,-166.6666667,0,0,-0.5,-1
2024/6/19,65175.32,65727.54,64666,64974.37,20060.79576,65911.828,65811.30593,65911.828,67314.03834,64509.61766,21.24787303,-92.44334931,0.1806,0,0,0
2024/6/20,64974.37,66482.94,64559.15,64869.99,24265.29031,65640.176,65497.53396,65640.176,67208.37797,64071.97403,20.42527539,-47.4648848,-0.102844444,0.026111111,-0.333333333,-0.111111111
2024/6/21,64869.99,65066.66,63379.35,64143.56,25993.56442,65133.514,65046.2093,65133.514,66671.21745,63595.81055,15.27935105,-149.6164732,0.2014,0.147727273,0,-1
2024/6/22,64143.56,64546.81,63943.82,64262.01,7308.95542,64685.05,64784.80954,64685.05,65500.13174,63869.96826,19.41733144,-79.59603127,0.0258,0,0,1
2024/6/23,64262.01,64521,63178.32,63210.01,8224.45447,64291.988,64259.87636,64291.988,65554.79042,63029.18558,12.59036098,-101.4274651,0.4588,-0.25,1,-1
2024/6/24,63210.01,63369.8,58402,60293.3,52161.35414,63355.774,62937.68424,63355.774,66597.34334,60114.20466,5.675164971,-166.6666667,-0.06364,0.027272727,-0.2,0.2
2024/6/25,60293.3,62420,60257.06,61806.01,31189.24361,62742.978,62560.45949,62742.978,65758.41009,59727.54591,30.44264459,-64.27327363,0.0204,-0.008333333,-0.5,-1
2024/6/26,61806.01,62487.81,60712,60864.99,22485.66463,62087.264,61995.30299,62087.264,65024.12533,59150.40267,25.28085096,-46.72745314,-0.050333333,0.08125,0,-0.333333333
2024/6/27,60864.98,62389.22,60606.63,61706.47,18344.28631,61576.156,61899.02533,61576.156,63554.18938,59598.12262,37.18588088,-15.9653104,0.176166667,0.013888889,0,-0.666666667
2024/6/28,61706.46,62225.31,60063,60427.84,24821.19255,61019.722,61408.63022,61019.722,62282.04584,59757.39816,28.54680655,-61.01869241,0.2021,0.1,0.2,-1
2024/6/29,60427.84,61224,60383.77,60986.68,11509.55904,61158.398,61267.98015,61158.398,62204.94453,60111.85147,36.59445479,-88.13136044,0,0.068181818,0,-1
2024/6/30,60986.68,63058.76,60712.21,62772.01,17326.30136,61351.598,61769.32343,61351.598,62992.76483,59710.43117,56.26503459,134.5136169,-0.2732,0,0,-1
2024/7/1,62772.01,63861.76,62497.2,62899.99,24547.10538,61758.598,62146.21229,61758.598,63697.51959,59819.67641,57.44792438,124.6648247,0.052025,0,0,-1
2024/7/2,62900,63288.83,61806.28,62135.47,18573.11875,61844.398,62142.63152,61844.398,63804.35272,59884.44328,47.79507734,43.19590361,0.236175,0.105208333,0.5,-1
2024/7/3,62135.46,62285.94,59400,60208.58,32160.11127,61800.546,61497.94768,61800.546,63890.79519,59710.29681,31.25148484,-92.27978759,0.08084,0.095313131,0.2,-0.6
2024/7/4,60208.57,60498.19,56771,57050.01,54568.77276,61013.212,60015.30179,61013.212,65419.3139,56607.1101,18.28390016,-138.2997416,0.07955,-0.016666667,0.25,-1
2024/7/5,57050.02,57546,53485.93,56628.79,81348.24756,59784.568,58886.46453,59784.568,64910.90181,54658.23419,17.1010246,-113.8784987,-0.143083333,0,-0.166666667,0.333333333
2024/7/6,56628.79,58475,56018,58230.13,21651.31558,58850.596,58667.68635,58850.596,62968.65648,54732.53552,36.59424101,-43.20616346,0.4404,0,-1,1
2024/7/7,58230.13,58449.46,55724.37,55857.81,19118.93918,57595.064,57731.0609,57595.064,60625.91807,54564.20993,25.49329405,-57.41807149,0,0,0,0
2024/7/8,55857.81,58236.73,54260.16,56714.62,48090.2049,56896.272,57392.24727,56896.272,58441.7842,55350.7598,34.46803176,-48.12632118,0.065075,0.0375,0.25,-1
2024/7/9,56714.61,58296,56289.45,58050,27732.20788,57096.27,57611.49818,57096.27,58905.84826,55286.69174,46.92347617,81.69271301,0.2242,0.0875,0.75,-1
2024/7/10,58050,59470,57157.79,57725.85,24951.73799,57315.682,57649.61545,57315.682,59111.30828,55520.05572,44.36490923,98.43155801,0.16516,0.050606061,0.8,-1
2024/7/11,57725.85,59650,57050,57339.89,29761.05735,57137.634,57546.37363,57137.634,58696.14806,55579.11994,41.03475224,68.00882312,0.055175,0.008333333,-0.25,-1
2024/7/12,57339.89,58526.68,56542.47,57889.1,23652.4569,57543.892,57660.61576,57543.892,58497.92825,56589.85575,47.98019563,15.46485359,0.1702,0.18989899,0.333333333,-1
2024/7/13,57889.09,59850,57756.63,59204.02,15357.74519,58041.772,58175.08384,58041.772,59296.08995,56787.45405,61.53839831,155.298501,0,0,0,0
2024/7/14,59204.01,61420.69,59194.01,60797.91,21178.33907,58591.354,59049.35923,58591.354,61129.49017,56053.21783,72.42725783,143.3180088,0,0,0,0
2024/7/15,60797.91,64900,60632.3,64724.14,38690.9782,59991.012,60940.95282,59991.012,65291.53449,54690.48951,85.26885334,138.0143347,0.080783333,-0.059090909,0,-1
2024/7/16,64724.06,65388.97,62373.24,65043.99,42530.52915,61531.832,62308.63188,61531.832,67311.30816,55752.35584,85.93586391,95.56945454,0.0806,0.028571429,-0.142857143,-1
2024/7/17,65044,66128.63,63854,64087.99,29567.52954,62771.61,62901.75125,62771.61,67447.6879,58095.5321,73.50173648,73.27892239,-0.10014,-0.16,-0.2,-0.2
2024/7/18,64087.99,65133.3,63238.48,63987.92,22568.7225,63728.39,63263.8075,63728.39,66762.42394,60694.35606,72.13605545,41.40930616,-0.175566667,0,0,0.333333333
2024/7/19,63987.92,67386,63300.67,66660,35634.72739,64900.808,64395.87167,64900.808,66827.56834,62974.04766,82.80178583,141.6496384,-0.6486,0,-1,1
2024/7/20,66660.01,67598,66222.46,67139.96,14386.92434,65383.972,65310.56778,65383.972,67984.87332,62783.07068,84.16288473,124.6447816,-0.4588,0,-1,-1
2024/7/21,67139.97,68366.66,65777,68165.34,21819.11191,66008.242,66262.15852,66008.242,69370.11227,62646.37173,86.92602951,96.63159172,0,0.068181818,0,-1
2024/7/22,68165.35,68474.55,66559.97,67532.01,21451.04303,66697.046,66685.44235,66697.046,69580.09453,63813.99747,76.60674044,67.72109812,0.08558,0.06,0.4,-1
2024/7/23,67532,67750.98,65441.08,65936.01,31406.15316,67086.664,66435.63156,67086.664,68602.12096,65571.20704,55.75659745,-49.97030402,-0.06364,0,0,0.2
2024/7/24,65936,67102.01,65111,65376,23082.56277,66829.864,66082.42104,66829.864,68886.14417,64773.58383,49.81045302,-113.1314436,-0.009575,0.0125,0.25,-0.75
2024/7/25,65376.01,66175.49,63456.7,65799.95,35126.42934,66561.862,65988.26403,66561.862,68732.72324,64391.00076,54.41117953,-109.1617853,0.00645,0.0625,-0.25,-0.5
2024/7/26,65799.95,68200,65722.63,67907.99,24244.36023,66510.392,66628.17269,66510.392,68533.94753,64486.83647,70.95798369,72.72076072,-0.069511111,0.041975309,0,-0.555555556
2024/7/27,67908,69399.99,66650,67896.5,31710.21921,66583.29,67050.94846,66583.29,68768.60329,64397.97671,70.78294438,110.0222637,0.21075,0.175,0,-1
2024/7/28,67896.49,68318.43,67066.66,68249.88,10868.69394,67046.064,67450.5923,67046.064,69455.58589,64636.54211,73.31372357,65.98482103,0.2044,0.055555556,0,-0.333333333
2024/7/29,68249.88,70079.99,66428,66784.69,36467.29633,67327.802,67228.62487,67327.802,69147.59666,65508.00734,50.59848461,44.80052427,-0.02204,0.085,0.2,-0.6
2024/7/30,66784.68,67000,65302.67,66188,23132.25441,67405.412,66881.74991,67405.412,68973.66352,65837.16048,43.70514844,-150.289568,0.0648,0.09469697,0,-0.666666667
2024/7/31,66188,66849.24,64530,64628,22625.43905,66749.414,66130.49994,66749.414,69339.24518,64159.58282,30.24110603,-110.3827301,0.105516667,0.083333333,-0.333333333,-0.333333333
2024/8/1,64628.01,65659.78,62302,65354.02,35542.26854,66240.918,65871.67329,66240.918,68726.47776,63755.35824,40.8429908,-103.9457773,0.07007,0.026454545,-0.1,-0.6
2024/8/2,65354.02,65596.14,61230.01,61498.33,38820.42937,64890.608,64413.8922,64890.608,68585.14844,61196.06756,20.331048,-124.3854989,-0.01315,0,-0.25,0
2024/8/3,61498.34,62198.22,59850,60697.99,28034.71567,63673.268,63175.25813,63673.268,68022.33245,59324.20355,17.98717228,-120.5722364,0,0,0,0
2024/8/4,60697.99,61117.63,57122.77,58161,31616.52003,62067.868,61503.83875,62067.868,67345.56656,56790.16944,12.34701658,-117.29089,0,0,0,0
2024/8/5,58161,58305.59,49000,54018.81,162065.5919,59946.03,59008.82917,59946.03,67458.13777,52433.92223,7.528874995,-137.6786927,-0.0998,0.275,0,0
2024/8/6,54018.82,57040.99,53950,56022.01,55884.77676,58079.628,58013.22278,58079.628,63684.91115,52474.34485,25.17891971,-61.77227349,-0.01225,0.025138889,-0.166666667,-0.666666667
2024/8/7,56022,57736.05,54558.62,55134.16,44269.37684,56806.794,57053.53519,56806.794,61553.30644,52060.28156,22.77097457,-34.47331213,0.060616667,0.083333333,0.166666667,-0.666666667
2024/8/8,55133.76,62745.14,54730,61685.99,48349.52949,57004.394,58597.68679,57004.394,62417.83238,51590.95562,58.96766044,98.63351976,-0.130466667,0.033333333,-0.333333333,0.333333333
2024/8/9,61686,61744.37,59535,60837.99,30972.48017,57539.792,59344.45453,57539.792,63772.42288,51307.16112,54.81140319,96.678104,0.04152,0.027272727,0.2,-0.2
2024/8/10,60837.99,61470.58,60242,60923.51,9995.20621,58920.732,59870.80635,58920.732,64439.74398,53401.72002,55.20937972,68.68348637,0,0,0,0
2024/8/11,60923.51,61858,58286.73,58712.59,19189.84512,59458.848,59484.73423,59458.848,64214.24546,54703.45054,42.97767775,12.83494589,0,0,0,0
2024/8/12,58712.59,60711.09,57642.21,59346.64,37009.91743,60301.344,59438.70282,60301.344,62497.32633,58105.36167,47.17322497,-87.42526549,0.1909,0,0,0
2024/8/13,59346.64,61578.1,58392.88,60587.15,27858.95851,60081.576,59821.51855,60081.576,61859.41146,58303.74054,55.22931369,7.33292986,-0.04365,0.083333333,-0.166666667,-0.333333333
2024/8/14,60587.16,61800,58433.18,58683.39,28422.76326,59650.656,59442.14237,59650.656,61527.92537,57773.38663,42.72913583,-36.53698238,0,0,0.333333333,-1
2024/8/15,58683.39,59849.38,56078.54,57541.06,37686.17622,58974.166,58808.44824,58974.166,60963.58195,56984.75005,36.52811482,-159.4605814,0,0.25,0,-1
2024/8/16,57541.05,59817.76,57098.62,58874.6,27610.84344,59006.568,58830.49883,59006.568,60983.12292,57030.01308,47.62049953,-46.91926301,0.2294,0,0.5,0
2024/8/17,58874.59,59700,58785.05,59491.99,7721.72931,59035.638,59050.99589,59035.638,61035.48238,57035.79362,52.43141087,19.50023841,0,0,0,0
2024/8/18,59491.99,60284.99,58408.92,58427.35,13634.85717,58603.678,58843.11392,58603.678,59877.75791,57329.59809,43.76655129,19.18918616,0,0,0,0
2024/8/19,58427.35,59617.63,57787.3,59438.5,22809.31251,58754.7,59041.57595,58754.7,60198.48255,57310.91745,52.98981747,31.20900239,0.4971,0,0,-1
2024/8/20,59438.5,61400,58548.23,59013.8,31477.44548,59049.248,59032.3173,59049.248,59832.09062,58266.40538,48.78851178,119.6341664,0.3885,0,0.5,-1
2024/8/21,59013.8,61820.93,58783.47,61156.03,27983.6422,59505.534,59740.22153,59505.534,61323.90626,57687.16174,65.85679899,147.1052159,-0.062266667,0.041666667,0,-0.666666667
2024/8/22,61156.03,61400,59724.87,60375.84,21241.20588,59682.304,59952.09436,59682.304,61628.39917,57736.20883,57.18084206,78.81111197,-0.065333333,-0.079545455,0,-0.333333333
2024/8/23,60375.83,64955,60342.14,64037.24,38118.07089,60804.282,61313.80957,60804.282,64362.98883,57245.57517,75.84675091,164.9377281,-0.04676,0.082,0.4,-0.6
2024/8/24,64037.24,64494.5,63531,64157.01,15857.15616,61747.984,62261.54305,61747.984,65822.5932,57673.3748,76.26973544,103.0776818,0,0,0,0
2024/8/25,64157.02,65000,63773.27,64220,12305.47977,62789.224,62914.36203,62789.224,66131.94713,59446.50087,76.53982865,76.51494817,0,0,0,0
2024/8/26,64219.99,64481,62800,62834,19470.05276,63124.818,62887.57469,63124.818,66055.86737,60193.76863,58.29166426,19.1993041,0,0,1,-1
2024/8/27,62834,63212,58034.01,59415,35135.94178,62932.65,61730.04979,62932.65,66594.34795,59270.95205,33.59454345,-166.6666667,0.01172,0.04,0.2,-0.2
2024/8/28,59415,60234.98,57860,59034.9,36868.54275,61932.182,60831.66653,61932.182,66468.93809,57395.42591,31.72656563,-102.389483,-0.10435,0.004545455,0,-0.5
2024/8/29,59034.9,61166.99,58713.09,59359.01,27020.90743,60972.582,60340.78102,60972.582,65242.93453,56702.22947,35.54648465,-53.01899448,0,0,0,1
2024/8/30,59359,59944.07,57701.1,59123.99,28519.32195,59953.38,59935.18401,59953.38,62847.87043,57058.88957,33.83080145,-71.68156209,0.110866667,0.005555556,-0.333333333,1
2024/8/31,59123.99,59462.38,58744,58973.99,8798.409,59181.378,59614.78601,59181.378,59532.25272,58830.50328,32.57639046,-48.24431386,0,0,0,0
2024/9/1,58974,59076.59,57201,57301.86,20705.15741,58758.75,58843.81067,58758.75,60238.97373,57278.52627,21.47883914,-166.1252259,0,0,0,0
2024/9/2,57301.77,59425.69,57128,59132.13,22895.01461,58778.196,58939.91711,58778.196,60274.88326,57281.50874,46.4421612,-36.10046877,-0.1308,0.0025,-0.25,-0.5
2024/9/3,59132.12,59809.65,57415,57487.73,22828.18447,58403.94,58455.85474,58403.94,60059.88946,56747.99054,34.22311048,-50.54088594,-0.1858,-0.083333333,0.333333333,0.333333333
2024/9/4,57487.74,58519,55606,57970.9,35560.82146,58173.322,58294.20316,58173.322,59678.20448,56668.43952,40.01925746,-117.4264757,-0.0821,-0.04,-0.6,0.2
2024/9/5,57970.9,58327.07,55643.65,56180,27806.91413,57614.524,57589.46877,57614.524,59533.23741,55695.81059,28.41731918,-121.5362491,-0.248033333,-0.092592593,-0.333333333,0.333333333
2024/9/6,56180,57008,52550,53962.97,54447.76826,56946.746,56380.63585,56946.746,60480.38741,53413.10459,19.61691692,-146.1534199,-0.06736,0.022222222,0,-0.2
2024/9/7,53962.97,54850,53745.54,54160.86,16694.04774,55952.492,55640.71057,55952.492,59257.13473,52647.84927,22.30160455,-89.1164991,0,0,0,0
2024/9/8,54160.86,55318,53629.01,54869.95,16274.14779,55428.936,55383.79038,55428.936,58408.22672,52449.64528,32.41236612,-47.4608245,0,0,0,-1
2024/9/9,54869.95,58088,54591.96,57042,32384.51737,55243.156,55936.52692,55243.156,57620.21973,52866.09227,54.88905086,78.80244799,-0.56435,-0.2,-0.5,0
2024/9/10,57042.01,58044.36,56386.4,57635.99,23626.78126,55534.354,56503.01461,55534.354,58565.79411,52502.91389,59.49379873,104.9590648,-0.04848,0,-0.2,-0.6
2024/9/11,57635.99,57981.71,55545.19,57338,33026.56757,56209.36,56781.34307,56209.36,59036.76336,53381.95664,55.91463199,55.19659711,-0.21075,0,-0.5,0
2024/9/12,57338,58588,57324,58132.32,31074.40631,57003.652,57231.66872,57003.652,59255.70638,54751.59762,63.27607768,98.52809154,0.05684,0.025454545,0.2,-0.2
2024/9/13,58132.31,60625,57632.62,60498,29825.23333,58129.262,58320.44581,58129.262,60605.14254,55653.38146,77.35384196,142.6529899,0.20095,0,0,-1
2024/9/14,60497.99,60610.45,59400,59993.03,12137.90901,58719.468,58877.97387,58719.468,61282.63127,56156.30473,70.1760159,95.61773367,0,0,0,0
2024/9/15,59993.02,60395.8,58691.05,59132,13757.92361,59018.67,58962.64925,59018.67,61344.33658,56693.00342,58.58859365,39.11756768,0,0,0,0
2024/9/16,59132,59210.7,57493.3,58213.99,26477.5642,59193.868,58713.09617,59193.868,61076.48169,57311.25431,48.02115235,-69.88512431,-0.171433333,0.076666667,-0.666666667,1
2024/9/17,58213.99,61320,57610.01,60313.99,33116.25878,59630.202,59246.72744,59630.202,61328.7061,57931.6979,65.70749076,51.01789542,0.10105,0.128125,-0.25,-0.5
2024/9/18,60313.99,61786.24,59174.8,61759.99,36087.02469,59882.6,60084.48163,59882.6,62260.92631,57504.27369,73.47560746,125.7130043,0.08618,0,0.4,-1
2024/9/19,61759.98,63850,61555,62947.99,34332.52608,60473.592,61038.98442,60473.592,63903.88159,57043.30241,78.48154778,131.7574274,-0.07025,0.085227273,0.166666667,-1
2024/9/20,62948,64133.32,62350,63201.05,25466.37794,61287.402,61759.67295,61287.402,64979.15853,57595.64547,79.51116221,92.52601054,-0.1806,0,0,-1
2024/9/21,63201.05,63559.9,62758,63348.96,8375.34608,62314.396,62289.4353,62314.396,64606.45351,60022.33849,80.20321974,62.82834158,0,0,0,0
2024/9/22,63348.97,64000,62357.93,63578.76,14242.19892,62967.35,62719.2102,62967.35,64242.38947,61692.31053,81.4218971,58.06320564,0,0,0,0
2024/9/23,63578.76,64745.88,62538.75,63339.99,24078.05287,63283.35,62926.1368,63283.35,63697.13202,62869.56798,75.39393726,124.5419639,0.1909,-0.017272727,0.5,-1
2024/9/24,63339.99,64688,62700,64262.7,23185.04759,63546.292,63371.65787,63546.292,64302.59198,62789.99202,81.87562004,135.1548018,0.10115,0.05,0.5,-1
2024/9/25,64262.7,64817.99,62947.08,63152.01,17813.11168,63536.484,63298.44191,63536.484,64311.4794,62761.4886,58.63528699,39.37625564,0.2615,0.066666667,0.333333333,0.333333333
2024/9/26,63152.01,65839,62670,65173.99,28373.30593,63901.49,63923.62461,63901.49,65379.56607,62423.41393,74.86840179,148.2496684,0.18575,0.090909091,0.25,-1
2024/9/27,65173.99,66498,64819.9,65769.95,22048.80487,64339.728,64539.0664,64339.728,66371.00572,62308.45028,78.04304055,138.0505112,0.175566667,0.177777778,0.333333333,-1
2024/9/28,65769.95,66260,65422.23,65858,9127.23316,64843.33,64978.71094,64843.33,66881.99827,62804.66173,78.54359736,89.33956182,0,0,0,0
2024/9/29,65858,66076.12,65432,65602.01,8337.74111,65111.192,65186.47729,65111.192,67126.12114,63096.26286,72.53424173,51.7382442,0,0,0,-1
2024/9/30,65602.01,65618.8,62856.3,63327.59,30011.08752,65146.308,64566.84819,65146.308,67024.94594,63267.67006,39.21367658,-112.3294958,0,0,0,0
2024/10/1,63327.6,64130.63,60164,60805.78,43671.48108,64272.666,63313.1588,64272.666,68215.73749,60329.59451,23.95928594,-136.2567574,0.110366667,0.075757576,0.333333333,-1
2024/10/2,60804.92,62390.31,60000,60649.28,31534.70118,63248.532,62425.1992,63248.532,67727.60158,58769.46242,23.25745661,-95.87127899,-0.106,0,-0.5,0
2024/10/3,60649.27,61477.19,59828.11,60752.71,26221.43472,62227.474,61867.7028,62227.474,66155.28127,58299.66673,25.07068129,-72.40408,0.1101,0.003030303,0.25,-0.5
2024/10/4,60752.72,62484.85,60459.9,62086,21294.65994,61524.272,61940.46853,61524.272,63611.30699,59437.23701,45.73163212,-9.78519167,0.1702,0.072222222,0.333333333,-1
2024/10/5,62086,62370.56,61689.26,62058,7807.46141,61270.354,61979.64569,61270.354,62583.4212,59957.2868,45.40298762,89.53244259,0,0,0,0
2024/10/6,62058.01,62975,61798.97,62819.91,8906.86177,61673.18,62259.73379,61673.18,63353.44967,59992.91033,56.12710623,106.1139625,0,0,0,0
2024/10/7,62819.91,64478.19,62128,62224,25966.1852,61988.124,62247.82253,61988.124,63341.11049,60635.13751,47.08512727,101.6080613,-0.135966667,0.057407407,0,-1
2024/10/8,62224.01,63200,61860.31,62160.49,19702.22371,62269.68,62218.71169,62269.68,62832.03856,61707.32144,46.09583642,15.77767938,0.23168,0.052727273,0.2,-0.2
2024/10/9,62160.5,62543.75,60301,60636.02,20011.15684,61979.684,61691.14779,61979.684,63424.65519,60534.71281,28.27244375,-142.7457166,0.082371429,-0.048051948,0,-0.142857143
2024/10/10,60636.01,61321.68,58946,60326.39,23967.92481,61633.362,61236.22853,61633.362,63580.15017,59686.57383,25.74513653,-117.634891,-0.075433333,0.025,0,-1
2024/10/11,60326.4,63417.56,60087.64,62540,23641.35209,61577.38,61670.81902,61577.38,63396.37018,59758.38982,58.72082142,21.14086878,0,0,1,-1
2024/10/12,62539.99,63480,62487.23,63206.22,10911.30116,61773.824,62182.61935,61773.824,63996.9673,59550.6807,64.63004006,98.77674399,0,0,0,0
2024/10/13,63206.23,63285.72,62050,62870.02,11909.21995,61915.73,62411.7529,61915.73,64303.93538,59527.52462,59.27728498,65.12519449,0,0,0,0
2024/10/14,62870.02,66500,62457.81,66083.99,37669.95222,63005.324,63635.83193,63005.324,66685.5484,59325.0996,79.5330863,134.1102128,-0.07655,0,0,1
2024/10/15,66084,67950,64800.01,67074.14,43683.95423,64354.874,64781.93462,64354.874,68064.56022,60645.18778,82.82328419,117.8385788,0.0258,0,0,1
2024/10/16,67074.14,68424,66750.49,67620.01,29938.25544,65370.876,65727.95975,65370.876,69311.2577,61430.4943,84.53637086,102.6981326,0,0,-1,-1
2024/10/17,67620,67939.4,66666,67421.78,25328.22861,66213.988,66292.5665,66213.988,69721.07138,62706.90462,80.87500044,62.25269682,-0.100566667,-0.075,0.333333333,-0.333333333
2024/10/18,67421.78,69000,67192.36,68428,28725.635,67325.584,67004.37767,67325.584,68852.94542,65798.22258,84.99777301,91.35742444,0.12605,0.175,0,0
2024/10/19,68427.99,68693.26,68010,68378,8193.66737,67784.386,67462.25178,67784.386,68853.80398,66714.96802,83.87470509,93.02594567,0,0,0,0
2024/10/20,68377.99,69400,68100,69031.99,12442.47378,68175.956,67985.49785,68175.956,69347.27989,67004.63211,86.73936957,107.4375437,-0.1027,0.059090909,0,-1
2024/10/21,69032,69519.52,66840.67,67377.5,31374.42184,68127.454,67782.8319,68127.454,69402.34799,66852.56001,55.53865654,-36.35970783,0.1705,0,0.2,-0.2
2024/10/22,67377.5,67836.01,66571.42,67426,24598.96268,68128.298,67663.88793,68128.298,69401.32643,66855.26957,56.11706091,-133.6982386,0.05135,0.068181818,0,-1
2024/10/23,67426.01,67472.83,65260,66668.65,25530.2407,67776.428,67332.14196,67776.428,69437.13634,66115.71966,44.75294798,-120.8673879,0.06784,0.045454545,0.4,-0.2
2024/10/24,66668.65,68850,66510,68198.28,22589.83877,67740.484,67620.85464,67740.484,69354.68365,66126.28435,63.44301249,18.98673928,0.0682,0.077272727,0.4,-1
2024/10/25,68198.27,68771.49,65596.29,66698.33,34479.71125,67273.752,67313.34642,67273.752,68400.1459,66147.3581,44.84652595,-41.13610326,0.096033333,0.011111111,0.333333333,0.333333333
2024/10/26,66698.32,67454.55,66439.9,67092.76,11842.9077,67216.804,67239.81762,67216.804,68345.24828,66088.35972,49.69353749,-24.00281029,0.2235,0,0,1
2024/10/27,67092.76,68332.05,66913.73,68021.7,8653.19592,67335.944,67500.44508,67335.944,68639.74031,66032.14769,60.03361482,76.43619799,0.05135,0.025,0.5,-1
2024/10/28,68021.69,70270,67618,69962.21,29046.75459,67994.656,68321.03339,67994.656,70258.69493,65730.61707,73.99220956,159.1607597,0.08255,0,1,-1
2024/10/29,69962.21,73620.12,69760,72736.42,50128.60594,68902.284,69792.82892,68902.284,73350.31822,64454.24978,83.9867067,139.5589303,0.014042857,0.146450216,0.285714286,-1
2024/10/30,72736.41,72961,71436,72344.74,26885.99056,70031.566,70643.46595,70031.566,74534.71702,65528.41498,78.65247403,86.83632345,0.1101,-0.025,0.25,-1
2024/10/31,72344.75,72700,69685.76,70292.01,29352.10297,70671.416,70526.31397,70671.416,74104.45217,67238.37983,55.54258208,19.4479764,-0.125,0,0.5,-1
2024/11/1,70292.01,71632.95,68820.14,69496.01,38301.86755,70966.278,70182.87931,70966.278,73598.08925,68334.46675,48.61827494,-60.12014775,-0.091066667,-0.011111111,-0.333333333,-1
2024/11/2,69496,69914.37,69000.14,69374.74,10521.67243,70848.784,69913.49954,70848.784,73693.26701,68004.30099,47.49079196,-101.2818454,0,0,1,-1
2024/11/3,69374.74,69391,67478.73,68775.99,24995.70243,70056.698,69534.32969,70056.698,72540.26941,67573.12659,41.54474054,-103.2137091,0.2023,0,1,-1
2024/11/4,68775.99,69500,66835,67850.01,29800.39187,69157.752,68972.8898,69157.752,70783.53792,67531.96608,33.44882141,-102.1530064,-0.2814,-0.2,0,-0.333333333
2024/11/5,67850.01,70577.91,67476.63,69372.01,33355.06888,68973.752,69105.92986,68973.752,70204.70614,67742.79786,52.47636799,12.49465181,-0.0459,0.294444444,-0.333333333,-1
2024/11/6,69372.01,76400,69298,75571.99,104126.9948,70188.948,71261.28324,70188.948,75686.18693,64691.70907,80.64870105,166.6666667,0.215428571,0.138787879,0.428571429,-1
2024/11/7,75571.99,76849.99,74416,75857.89,44869.42235,71485.578,72793.4855,71485.578,78462.24005,64508.91595,81.28809009,105.3735055,0.24708,0.0915,0.6,-0.6
2024/11/8,75857.89,77199.99,75555,76509.78,36521.09958,73032.336,74032.25033,73032.336,80341.54684,65723.12516,82.89857799,78.92377544,0.036375,0.2,0.75,-1
2024/11/9,76509.78,76900,75714.66,76677.46,16942.07915,74797.826,74913.98689,74797.826,80284.2715,69311.3805,83.35908217,62.70780581,0,0,0,0
2024/11/10,76677.46,81500,76492,80370.01,61830.10044,76997.426,76732.66126,76997.426,80466.70947,73528.14253,90.44304274,159.2715473,0,0,0,0
2024/11/11,80370.01,89530.54,80216.01,88647.99,82323.66578,79612.626,80704.43751,79612.626,89185.60164,70039.65036,95.64187903,153.5294495,0.31038,0.172969697,0.4,-1
2024/11/12,88648,89940,85072,87952.01,97299.88791,82031.45,83120.295,82031.45,92642.61633,71420.28367,90.46971691,94.51736693,-0.0103,0.25,0,0
2024/11/13,87952,93265.64,86127.99,90375.2,86763.85413,84804.534,85538.59667,84804.534,95441.27838,74167.78962,92.28539362,83.72046172,0.43592,0.015555556,0,-1
2024/11/14,90375.21,91790,86668.21,87325.59,56729.51086,86934.16,86134.26111,86934.16,93807.60285,80060.71715,71.00466656,52.52383232,0.5522,-0.133333333,-0.333333333,-0.333333333
2024/11/15,87325.59,91850,87073.38,91032.07,47927.95068,89066.572,87766.86408,89066.572,91898.41483,86234.72917,78.52726947,81.34629698,0.2098,0.159090909,0.25,-1
2024/11/16,91032.08,91779.66,90056.17,90586.92,22717.87689,89454.358,88706.88272,89454.358,92475.42067,86433.29533,75.58338281,92.94156233,0,0,0,0
2024/11/17,90587.98,91449.99,88722,89855.99,23867.55609,89835.154,89089.91848,89835.154,92456.26145,87214.04655,70.18314556,19.09236489,0,0,0,0
2024/11/18,89855.98,92594,89376.9,90464.08,46545.03448,89852.93,89547.97232,89852.93,92489.60573,87216.25427,72.24531747,83.55451885,0.18718,0.06,0,-1
2024/11/19,90464.07,93905.51,90357,92310.79,43660.04682,90849.97,90468.91155,90849.97,92492.71359,89207.22641,78.01687809,156.0481796,0.120842857,0.015,0.142857143,-1
2024/11/20,92310.8,94831.97,91500,94286.56,42203.19871,91500.868,91741.46103,91500.868,94729.72631,88272.00969,82.80018694,123.6526731,0.2839,0.088888889,0.5,-1
2024/11/21,94286.56,98988,94040,98317.12,69228.36048,93046.908,93933.34735,93046.908,99159.62913,86934.18687,88.93798245,140.7671893,-0.015883333,0,0.166666667,-0.333333333
2024/11/22,98317.12,99588.01,97122.11,98892,46189.30924,94854.11,95586.23157,94854.11,101448.65,88259.57002,89.59967669,100.7935477,0,0.191818182,0,-1
2024/11/23,98892,98908.85,97136,97672.4,24757.84367,96295.774,96281.62105,96295.774,101405.6364,91185.91164,77.33272754,57.06357491,0.3818,0.083333333,0,-1
2024/11/24,97672.4,98564,95734.77,97900.04,31200.97838,97413.624,96821.09403,97413.624,100648.9287,94178.31933,78.03436859,24.84733164,0,0,0,0
2024/11/25,97900.05,98871.8,92600.19,93010.01,50847.45096,97158.314,95550.73269,97158.314,101388.8096,92927.81838,42.61453854,-163.7617775,-0.0401,0,-0.25,0
2024/11/26,93010.01,94973.37,90791.1,91965.16,57858.73138,95887.922,94355.54179,95887.922,101539.676,90236.16798,38.00692806,-120.1583774,0.136433333,0.064393939,0,-0.333333333
2024/11/27,91965.16,97208.21,91792.14,95863.11,41153.42734,95282.144,94858.06453,95282.144,100104.5252,90459.76281,58.78691984,-22.73092969,-0.09165,-0.019444444,-0.25,0
2024/11/28,95863.11,96564,94640,95643.98,28814.54357,94876.46,95120.03635,94876.46,99134.52571,90618.39429,57.43407669,31.47237389,0.040133333,-0.011111111,0.111111111,-0.777777778
2024/11/29,95643.99,98619.99,95364.99,97460,27701.78231,94788.452,95900.02423,94788.452,98804.20302,90772.70098,65.62812873,130.3620052,-0.193366667,-0.041666667,0,-0.333333333
2024/11/30,97460,97463.95,96092.01,96407.99,14503.83306,95468.048,96069.34616,95468.048,99189.18913,91746.90687,57.59912273,64.87440635,0,0,0,0
2024/12/1,96407.99,97836,95693.88,97185.18,16938.60452,96512.052,96441.29077,96512.052,97936.75136,95087.35264,61.90317817,55.75773251,0,0,0,0
2024/12/2,97185.17,98130,94395,95840.62,37958.66981,96507.554,96241.06718,96507.554,97940.53813,95074.56987,50.7604513,-49.34914013,0.228966667,0.066666667,0.166666667,-1
2024/12/3,95840.61,96305.52,93578.17,95849.69,35827.32283,96548.696,96110.60812,96548.696,97888.9545,95208.4375,50.83507401,-133.2976933,0.113333333,0,0,-1
2024/12/4,95849.69,99000,94587.83,98587.32,43850.53728,96774.16,96936.17875,96774.16,98836.52928,94711.79072,68.72036818,99.11579811,0,0,0.333333333,-1
2024/12/5,98587.32,104088,90500,96945.63,109921.7297,96881.688,96939.32916,96881.688,98912.29755,94851.07845,53.99621225,57.40788309,0.098983333,0.066666667,0.5,-0.666666667
2024/12/6,96945.63,101898.99,95981.72,99740.84,45049.5331,97392.82,97873.16611,97392.82,100482.2319,94303.40813,68.40429701,134.9333369,0.1464,-0.125,0,-0.25
2024/12/7,99740.84,100439.18,98844,99831.99,14931.9459,98191.094,98526.10741,98191.094,101326.0072,95056.18084,68.8025726,95.45864227,0,0,0,0
2024/12/8,99831.99,101351,98657.7,101109.59,14612.99688,99243.074,99387.26827,99243.074,102041.1787,96444.96932,74.44621138,89.82232961,0,0,0,0
2024/12/9,101109.6,101215.93,94150.05,97276.47,53949.11595,98980.904,98683.66885,98980.904,102190.9619,95770.84609,44.35455151,-72.63418352,-0.0611,0.083333333,0.166666667,-1
2024/12/10,97276.48,98270,94256.54,96593,51708.68933,98910.378,97986.77923,98910.378,102306.3127,95514.44333,40.68885841,-112.4440289,0.0113625,0.005555556,0.125,-0.75
2024/12/11,96593,101888,95658.24,101125,37753.78291,99187.21,99032.85282,99187.21,103007.9083,95366.51173,64.80076632,40.26618851,0.3338,0,0,-0.5
2024/12/12,101125,102540,99311.64,100004.29,29232.08745,99221.67,99356.66521,99221.67,103068.0304,95375.30963,57.56673699,74.33905784,0.188975,0.092708333,0,-0.75
2024/12/13,100004.29,101895.26,99205,101424.25,21904.03923,99284.602,100045.8601,99284.602,103260.5723,95308.63171,63.94195669,76.20868527,0.00334,0,0,-0.6
2024/12/14,101424.24,102650,100609.41,101420,14191.70326,100113.308,100503.9068,100113.308,103785.2543,96441.36171,63.90603528,80.81491662,0,0,0,0
2024/12/15,101420,105250,101237.14,104463.99,22228.92178,101687.506,101823.9345,101687.506,104653.8985,98721.11349,75.98471677,147.4011967,0.2997,-0.125,1,-1
2024/12/16,104463.99,107793.07,103333,106058.66,41302.40274,102674.238,103235.5097,102674.238,107139.3678,98209.10823,80.30146308,122.5159612,0.201771429,-0.027142857,0.142857143,-0.714285714
2024/12/17,106058.65,108353,105321.49,106133.74,29064.93647,103900.128,104201.5864,103900.128,108118.87,99681.386,80.50766661,97.97298594,-0.00814,0,-0.2,-0.6
2024/12/18,106133.74,106524.98,100000,100204.01,50307.99755,103656.08,102869.061,103656.08,108512.4778,98799.68221,39.59197202,-64.66347177,0.09744,0.185,0.2,-0.6
2024/12/19,100204.01,102800.11,95700,97461.86,55147.398,102864.452,101066.6606,102864.452,109776.2207,95952.68334,30.60183262,-134.4207672,0.07955,0.1015625,0.5,-0.5
2024/12/20,97461.86,98233,92232.54,97805.44,62884.1357,101532.742,99979.5871,101532.742,109220.837,93844.64702,32.98512426,-107.1158706,0.080185714,0.073051948,-0.428571429,-0.428571429
2024/12/21,97805.44,99540.61,96398.39,97291.99,23483.54143,99779.408,99083.7214,99779.408,106473.4441,93085.37192,30.99663163,-50.58959286,0.3612,0.136363636,0,-1
2024/12/22,97292,97448.08,94250.35,95186.27,19353.83036,97589.914,97784.57093,97589.914,100785.2369,94394.59112,23.67885646,-85.68108107,0,0,0,0
2024/12/23,95186.28,96538.92,92520,94881.47,32810.76703,96525.406,96816.87062,96525.406,98990.99233,94059.81967,22.7088298,-96.47353385,0.0243,-0.088888889,0,-0.5
2024/12/24,94881.47,99487.99,93569.02,98663.58,23674.22488,96765.75,97432.44041,96765.75,99732.89148,93798.60852,52.73888431,66.16779316,-0.03924,0.1275,0,-0.2
2024/12/25,98663.58,99569.15,97632.02,99429.6,14474.1651,97090.582,98098.16028,97090.582,100722.9336,93458.23035,56.97140748,101.0940874,0.454733333,0.416666667,0.333333333,-0.333333333
2024/12/26,99429.61,99963.7,95199.14,95791.6,21192.36727,96790.504,97329.30685,96790.504,100552.3151,93028.69293,37.19603652,16.76664933,0.20046,0.075,0,-0.6
2024/12/27,95791.6,97544.58,93500.01,94299.03,26501.26429,96613.056,96319.21457,96613.056,100727.9524,92498.15963,31.57525634,-71.81473366,0,0,0,-1
2024/12/28,94299.03,95733.99,94135.66,95300,8385.8929,96696.762,95979.47638,96696.762,100682.3518,92711.17219,39.26851293,-84.8732684,0,-0.25,0,1
2024/12/29,95300,95340,93009.52,93738.2,13576.00578,95711.686,95232.38425,95711.686,99700.57056,91722.80144,32.20614749,-86.14455092,0,0,0.5,-1
2024/12/30,93738.19,95024.5,91530.45,92792.05,27619.4225,94384.176,94418.9395,94384.176,96534.33431,92234.01769,28.34570113,-112.8940224,-0.01605,0.075,0,-1
2024/12/31,92792.05,96250,92033.73,93576,19612.03389,93941.056,94137.95967,93941.056,95607.0705,92275.0415,36.2589746,-30.11960953,0.1615,0.148148148,0,-0.333333333
2025/1/1,93576,95151.15,92888,94591.79,10373.32613,93999.608,94289.23645,93999.608,95731.12134,92268.09466,45.93044111,20.41749366,0.194575,0.034090909,0.25,-1
2025/1/2,94591.78,97839.5,94392,96984.79,21970.48948,94336.566,95187.7543,94336.566,97221.04333,91452.08867,62.62840981,166.6666667,0.1909,0,0.5,-1
2025/1/3,96984.79,98976.91,96100.01,98174.18,15253.82936,95223.762,96183.22953,95223.762,99306.30214,91141.22186,68.64452099,111.4809989,0,0.068181818,0,-1
2025/1/4,98174.17,98778.43,97514.79,98220.5,8990.05651,96309.452,96862.31969,96309.452,100104.9777,92513.92632,68.88833118,85.68003539,0.0258,0,0.5,-1
2025/1/5,98220.51,98836.85,97276.79,98363.61,8095.63723,97266.974,97362.74979,97266.974,100119.4932,94414.45479,69.79536496,62.30770357,0,0,1,-1
2025/1/6,98363.61,102480,97920,102235.6,25263.43375,98795.736,98987.03319,98795.736,102375.25,95216.22196,84.7911775,166.6666667,0.013483333,0,0,-1
2025/1/7,102235.6,102724.38,96181.81,96954.61,32059.87537,98789.7,98309.5588,98789.7,102381.4893,95197.91066,45.92185532,-7.369969088,0.337125,-0.025,0.25,-1
2025/1/8,96954.6,97268.65,92500.9,95060.61,33704.67894,98166.986,97226.57586,98166.986,102875.665,93458.30703,38.09333117,-166.6666667,-0.0608,0.213636364,0.2,-0.6
2025/1/9,95060.61,95382.32,91203.67,92552.49,34544.83685,97033.384,95668.54724,97033.384,103533.169,90533.59901,29.70962589,-108.5513101,0.1506,0.1,0,-1
2025/1/10,92552.49,95836,92206.02,94726.11,31482.86424,96305.884,95354.4015,96305.884,102861.2932,89750.47481,43.24163421,-51.28709324,0.23225,0.125,0.5,-1
2025/1/11,94726.1,95050.94,93831.73,94599.99,7047.9043,94778.762,95102.931,94778.762,97579.44356,91978.08044,42.64616848,-27.13991011,0,0.318181818,0,-1
2025/1/12,94599.99,95450.1,93711.19,94545.06,8606.86622,94296.852,94916.974,94296.852,96077.61304,92516.09096,42.3288272,41.90633772,0,0,0,0
2025/1/13,94545.07,95940,89256.69,94536.1,42619.56423,94191.95,94790.016,94191.95,95837.01013,92546.88987,42.26470141,-72.70568648,0,0,0,-1
2025/1/14,94536.11,97371,94346.22,96560.86,27846.61753,94993.624,95380.29733,94993.624,96566.71726,93420.53074,59.56711869,162.7495418,0,-0.1,0,1
2025/1/15,96560.85,100681.94,96500,100497.35,30509.99179,96147.872,97085.98155,96147.872,100765.3407,91530.40326,76.60541857,144.5118745,0.00835,0,0,0
2025/1/16,100497.35,100866.66,97335.13,99987.3,27832.85317,97225.334,98053.0877,97225.334,102378.3462,92072.32177,71.71110708,85.85697477,0.07636,0.036666667,0.2,-0.6
2025/1/17,99987.3,105865.22,99950.77,104077.48,39171.85292,99131.818,100061.2185,99131.818,105752.1835,92511.45253,82.75519858,117.3657432,0.135575,0.03125,0.25,-1
2025/1/18,104077.47,104988.88,102277.55,104556.23,24307.82998,101135.844,101559.5556,101135.844,107001.6479,95270.0401,83.68700181,91.63259786,0,0,0,0
2025/1/19,104556.23,106422.43,99651.6,101331.57,43397.28298,102089.986,101483.5604,102089.986,105838.6353,98341.33669,57.51933395,28.40264321,0,0,0,0
2025/1/20,101331.57,109588,99550,102260.01,89529.23173,102442.518,101742.377,102442.518,105840.9281,99044.10788,61.81632687,61.62238207,0.0258,0,0,-1
2025/1/21,102260,107240.81,100119.04,106143.82,45941.02002,103673.822,103209.5246,103673.822,107082.9254,100264.7186,75.02567182,104.3621,0,0,0,-1
2025/1/22,106143.82,106394.46,103339.12,103706.66,22248.69254,103599.658,103375.2364,103599.658,106986.47,100212.846,59.01231709,75.99405557,0,0,0,0
2025/1/23,103706.66,106850,101262.28,103910.34,53953.12031,103470.48,103553.6043,103470.48,106749.038,100191.922,59.90628734,18.14372086,-0.05905,0,0,0
2025/1/24,103910.35,107120,102750,104870.5,23609.24017,104178.266,103992.5695,104178.266,106757.6447,101598.8873,64.47234576,109.3246092,-0.16515,0.1125,-0.5,1
2025/1/25,104870.51,105286.52,104106.09,104746.85,9068.32377,104675.634,104243.9963,104675.634,106401.4845,102949.7835,63.31167376,54.57044018,0.1366,0,0,-1
2025/1/26,104746.86,105500,102520.44,102620,9812.51238,103970.87,103702.6642,103970.87,105598.0884,102343.6516,45.64420185,-117.9198882,0,0,0,0
2025/1/27,102620.01,103260,97777.77,102082.83,50758.1341,103646.104,103162.7195,103646.104,105887.0543,101405.1537,41.94853891,-160.6558637,0.2263,0.3,0,-1
2025/1/28,102082.83,103800,100272.68,101335.52,22022.05765,103131.14,102553.653,103131.14,105990.5611,100271.7189,36.77112683,-65.50193561,0.6249,0.8,1,-1
2025/1/29,101335.52,104782.68,101328.01,103733.24,23155.35802,102903.688,102946.8487,102903.688,105320.1052,100487.2708,57.70638712,23.15943241,0,0,0,0
2025/1/30,103733.25,106457.44,103278.54,104722.94,19374.07472,102898.906,103538.8791,102898.906,105300.7649,100497.0471,63.87740716,108.4363916,0,0,0,-0.333333333
2025/1/31,104722.94,106012,101560,102429.56,21983.18193,102860.818,103169.1061,102860.818,105285.0954,100436.5406,44.90079552,27.79399671,0,0,0,-1
2025/2/1,102429.56,102783.71,100279.51,100635.65,12290.95747,102571.382,102324.6207,102571.382,105574.5327,99568.23131,34.79405567,-100.5835649,0,0,0,0
2025/2/2,100635.66,101456.6,96150,97700.59,34619.49939,101844.396,100783.2771,101844.396,106810.5502,96878.24182,23.82591545,-132.1739825,0,0,0,0
2025/2/3,97700.59,102500.01,91231,101328.52,75164.7385,101363.452,100965.0248,101363.452,105956.5094,96770.39464,48.77527893,-84.51278233,0,0,0.333333333,-1
2025/2/4,101328.51,101732.31,96150,97763.13,40267.98697,99971.49,99897.72651,99971.49,103803.8353,96139.14474,34.78095586,-51.83925024,0.6486,0,0,-1
2025/2/5,97763.14,99149,96155,96612.43,26233.30444,98808.064,98802.62767,98808.064,102477.6104,95138.51761,31.17274235,-99.66173803,0.1225,-0.01,0.2,-0.2
2025/2/6,96612.44,99120,95676.64,96554.35,23515.20405,97991.804,98053.20178,97991.804,101483.4761,94500.13189,30.97003619,-93.93541073,0,0,0,-1
2025/2/7,96554.35,100137.99,95620.34,96506.8,31794.22065,97753.046,97537.73452,97753.046,101449.0029,94057.08907,30.76530356,-38.89084985,-0.2079875,0.04375,-0.25,0
2025/2/8,96506.8,96880,95688,96444.74,10147.24294,96776.29,97173.40301,96776.29,97769.26972,95783.31028,30.43704274,-131.5069834,0,0,0,-1
2025/2/9,96444.75,97323.09,94713,96462.75,14120.91613,96516.214,96936.51868,96516.214,96638.7454,96393.6826,30.70524976,-94.88869437,-0.1027,0,0,1
2025/2/10,96462.75,98345,95256,97430.82,20572.87537,96679.892,97101.28578,96679.892,97434.64314,95925.14086,44.96297185,29.82673016,0.002114286,0.01547619,0,-0.714285714
2025/2/11,97430.82,98478.42,94876.88,95778.2,18647.76379,96524.662,96660.25719,96524.662,97578.74644,95470.57756,31.24463368,-42.91518405,0.105375,-0.1,0,0
2025/2/12,95778.21,98119.99,94088.23,97869.99,29151.16625,96797.3,97063.50146,96797.3,98301.1081,95293.4919,53.62911278,43.7576092,-0.1806,0.0625,0.5,-1
2025/2/13,97870,98083.91,95217.36,96608.14,19921.77616,96829.98,96911.71431,96829.98,98308.61221,95351.34779,43.0585237,16.32180614,-0.1825,-0.075,-0.2,0.2
2025/2/14,96608.13,98826,96252.82,97500.48,18173.02646,97037.526,97107.96954,97037.526,98542.79068,95532.26132,51.50752821,134.5427042,-0.05442,0,-0.2,-1
2025/2/15,97500.47,97972.26,97223.58,97569.66,7349.37683,97065.294,97261.86636,97065.294,98603.32087,95527.26713,52.19493052,87.69386816,0,0,0,0
2025/2/16,97569.67,97704.47,96046.18,96118.12,8191.4249,97133.278,96880.61757,97133.278,98452.16444,95814.39156,38.04883733,-59.81166902,0,0,0,-1
2025/2/17,96118.12,97046.59,95205,95780,16492.0451,96715.28,96513.74505,96715.28,98154.53868,95276.02132,35.26583109,-106.1042463,0.016875,0,0,-1
2025/2/18,95780.01,96753.91,93388.09,95671.74,23368.19471,96528,96233.0767,96528,98199.27729,94856.72271,34.26282598,-115.319051,0,-0.2,1,-1
2025/2/19,95671.74,96899.99,95029.99,96644.37,16438.50954,96356.778,96370.17447,96356.778,97746.07983,94967.47617,50.17656799,-15.76954012,-0.0758,0.03125,-0.25,0
2025/2/20,96644.37,98711.36,96415.09,98305,17057.39177,96503.846,97015.11631,96503.846,98428.22449,94579.46751,67.14902656,142.5660946,0.165366667,-0.05,0.333333333,-1
2025/2/21,98305.01,99475,94871.95,96181.98,32249.2814,96516.618,96737.40421,96516.618,98431.41057,94601.82543,43.47959506,38.61056237,0.2591,0.005555556,0.666666667,-1
2025/2/22,96181.99,96980,95770.49,96551.01,11268.17708,96670.82,96675.2728,96670.82,98442.3106,94899.3294,47.50047478,-7.771283059,0,0,0,0
2025/2/23,96551.01,96650,95227.94,96258,10884.84913,96788.072,96536.18187,96788.072,98344.02651,95232.11749,44.3678055,-77.99271411,-0.7003,0,0,-1
2025/2/24,96258,96500,91349.26,91552.88,31550.10299,95769.774,94875.08125,95769.774,100262.2721,91277.2759,19.09296937,-166.2101977,0.11605,0.054166667,0,-0.666666667
2025/2/25,91552.88,92540.69,86050.99,88680.4,78333.11111,93844.854,92810.1875,93844.854,100203.0576,87486.65037,13.30773585,-136.0305229,-0.1366,0.25,-0.5,-1
2025/2/26,88680.39,89414.15,82256.01,84250.09,56893.54409,91458.476,89956.82167,91458.476,100781.8565,82135.09549,8.400480466,-116.156775,0.03095,0,-0.166666667,-0.333333333
2025/2/27,84250.09,87078.46,82716.49,84708.58,42505.45439,89089.99,88207.40778,89089.99,98044.78063,80135.19937,12.57105137,-82.3201618,-0.089833333,-0.033333333,-0.333333333,-0.333333333
2025/2/28,84708.57,85120,78258.52,84349.94,83648.03969,86708.378,86921.58518,86708.378,92570.98303,80845.77297,12.03525888,-89.15984161,-0.0343,0.0625,0,-0.5
2025/3/1,84349.95,86558,83824.78,86064.53,25785.05464,85610.708,86635.90012,85610.708,88943.40848,82278.00752,29.89206452,1.108767706,0,0,0,-1
2025/3/2,86064.54,95000,85050.6,94270,54889.09045,86728.628,89180.60008,86728.628,94380.82867,79076.42733,68.33944898,166.6666667,0.1779,0,-1,1
2025/3/3,94269.99,94416.46,85117.11,86220.61,59171.10218,87122.732,88193.93672,87122.732,94418.40528,79827.05872,40.8615327,48.63430072,0.329425,0.25,0.75,-1
