candle_begin_time,open,high,low,close,volume,SMA,EMA,BB_MID,BB_UPPER,BB_LOWER,RSI,CCI,VADER_Compound,TextBlob_Polarity,FinBERT_Label,CryptoBERT_Label
2020/1/1,129.16,133.05,128.68,130.77,144770.522,,,,,,,,,,,
2020/1/2,130.72,130.78,126.38,127.19,213757.0581,,,,,,,,,,,
2020/1/3,127.19,135.14,125.88,134.35,413055.189,,,,,,,,,,,
2020/1/4,134.37,135.85,132.5,134.2,184276.171,,,,,,,,,,,
2020/1/5,134.2,138.19,134.19,135.37,254120.4534,,,,,,,,,,,
2020/1/6,135.37,144.41,134.86,144.15,408020.2738,,,,,,,,,,,
2020/1/7,144.14,145.31,138.76,142.8,447762.1728,,,,,,,,,,,
2020/1/8,142.8,147.77,137.03,140.72,570465.5776,,,,,,,,,,,
2020/1/9,140.76,141.5,135.3,137.74,366076.0657,,,,,,,,,,,
2020/1/10,137.73,145.17,135.32,144.84,409403.5951,142.05,140.8776752,142.05,147.1959965,136.9040035,71.37244121,42.5391655,0,0,0,0
2020/1/11,144.83,148.05,142.09,142.38,368350.5794,141.696,141.3784501,141.696,146.44354,136.94846,60.77133483,121.031746,0,0,0,0
2020/1/12,142.4,146.6,141.76,146.54,229541.8614,142.444,143.0989667,142.444,148.6163201,136.2716799,70.14494278,97.20667786,0,0,0,0
2020/1/13,146.56,147,142.27,143.58,207996.6187,143.016,143.2593112,143.016,148.9694407,137.0625593,57.85026851,49.6519626,0.0258,0,0,-1
2020/1/14,143.58,171.7,143.51,165.64,1108476.312,148.596,150.7195408,148.596,165.8617237,131.3302763,83.99079288,166.6666667,0,0,0,0
2020/1/15,165.6,171.98,159.2,166.4,721687.8038,152.908,155.9463605,152.908,174.4957684,131.3202316,84.40724067,104.1573313,0,0,0,0
2020/1/16,166.4,167.4,157.8,164.21,456170.8672,157.274,158.700907,157.274,177.3563568,137.1916432,77.17598907,55.8814387,0,0,0,0
2020/1/17,164.24,174.81,162.14,169.85,767180.6785,161.936,162.4172713,161.936,180.6633515,143.2086485,82.10990209,85.54446608,0,0,0,0
2020/1/18,169.92,179.5,164.92,174.14,688783.1798,168.048,166.3248476,168.048,175.1812618,160.9147382,85.16004569,118.2336182,0,0,0,0
2020/1/19,174.1,178.05,161.66,166.79,624681.286,168.278,166.4798984,168.278,175.1554344,161.4005656,62.38236637,22.14111922,0,0,0,0
2020/1/20,166.79,169.33,161.24,166.87,358092.8841,168.372,166.6099322,168.372,175.1564104,161.5875896,62.51876191,-50.90304029,-0.4588,0,0,1
2020/1/21,166.86,170.32,164.8,169.49,308007.6353,169.428,167.5699548,169.428,174.7861549,164.0698451,67.3631435,-30.68836894,0.0772,0,0,-1
2020/1/22,169.48,171.47,166.03,168.07,272240.9029,169.072,167.7366366,169.072,174.5066798,163.6373202,61.93952248,-13.38988689,0,0,0,0
2020/1/23,168.07,168.2,159.21,162.81,373414.3499,166.806,166.0944244,166.806,171.2578688,162.3541312,45.11915837,-126.0774841,0,0.45,0,-1
2020/1/24,162.85,164.45,155.55,162.54,430013.199,165.956,164.9096162,165.956,171.5674112,160.3445888,44.34645207,-116.3366337,0,0,0,0
2020/1/25,162.51,162.79,157.61,160.35,219921.652,164.652,163.3897442,164.652,171.663401,157.640599,37.78547252,-80.87759067,0,0,0,0
2020/1/26,160.36,168.08,159.41,167.86,251582.5576,164.326,164.8798294,164.326,170.5100647,158.1419353,61.92931301,38.85523292,0,0,0,0
2020/1/27,167.91,172.56,165.22,170.08,365894.8192,164.728,166.6132196,164.728,171.9991089,157.4568911,66.7038534,134.1324757,0,0,0,0
2020/1/28,170.04,176.2,170.03,175.64,473433.8961,167.294,169.6221464,167.294,178.195652,156.392348,76.09100776,117.2900549,0,0,0,0
2020/1/29,175.58,178.45,173.33,173.72,317382.9016,169.53,170.9880976,169.53,180.1977833,158.8622167,67.83567497,87.99041136,0.2023,0,0,-1
2020/1/30,173.68,187,170.93,184.69,477721.6609,174.398,175.5553984,174.398,186.0364906,162.7595094,81.87770426,117.3075042,0.2023,0.333333333,0,-1
2020/1/31,184.71,185.82,175.22,179.99,385596.5337,176.824,177.0335989,176.824,186.959708,166.688292,66.36186539,78.61769521,0,0,0,0
2020/2/1,179.94,184.28,179.23,183.6,259370.129,179.528,179.2223993,179.528,188.120568,170.935432,71.53990437,80.14404154,0,0,0,0
2020/2/2,183.63,193.43,179.1,188.44,552621.1362,182.088,182.2949329,182.088,192.0410691,172.1349309,77.37630528,137.8453213,0,0,0,0
2020/2/3,188.48,195.19,186.62,189.69,417175.9578,185.282,184.7599552,185.282,192.2440847,178.3199153,78.78108005,115.6204773,0,0,0,0
2020/2/4,189.74,191.6,184.69,188.91,366389.6969,186.126,186.1433035,186.126,193.6006783,178.6513217,75.14176892,51.16356044,0,0,0,0
2020/2/5,188.91,207.61,188.19,203.78,550942.1142,190.884,192.0222023,190.884,204.4680766,177.2999234,88.16747201,153.5277178,0,0,0,0
2020/2/6,203.78,216.33,201.02,213.19,608240.2233,196.802,199.0781349,196.802,216.8029256,176.8010744,91.63480578,127.0591824,0,0.057142857,0,-1
2020/2/7,213.16,225,213.14,223.33,629361.1547,203.78,207.1620899,203.78,230.4692578,177.0907422,94.0021916,115.2749895,0,0,0,0
2020/2/8,223.36,227.75,213.22,223.05,548551.8747,210.452,212.4580599,210.452,236.3845661,184.5194339,93.09282435,79.51498612,0,0,0,0
2020/2/9,223.01,230.65,222.86,228.49,350336.244,218.368,217.80204,218.368,236.0002178,200.7357822,94.40686185,88.5086152,0,0,0,0
2020/2/10,228.53,229.4,216.37,222.89,510415.4995,222.19,219.4980266,222.19,232.1185125,212.2614875,75.84116022,39.62378509,-0.296,-0.2,-1,1
2020/2/11,222.89,239.15,218.17,236.69,595576.9028,226.89,225.2286844,226.89,237.5490506,216.2309494,84.95499582,119.1464491,0,0,0,0
2020/2/12,236.69,275.34,236.69,265.74,1038073.748,235.372,238.7324563,235.372,267.3588283,203.3851717,92.44980299,166.6666667,0,0,0,0
2020/2/13,265.74,277.69,256.08,268.32,1089679.154,244.426,248.5949709,244.426,282.4029501,206.4490499,92.84547259,98.91732283,0,0,0,0
2020/2/14,268.34,287.15,260.28,285.15,734944.3227,255.758,260.7799806,255.758,301.0590188,210.4569812,94.98742462,87.71108427,0,0,0,0
2020/2/15,285.11,288.41,261.86,264.88,860813.1427,264.156,262.1466537,264.156,295.3393458,232.9726542,65.47598128,53.04907427,0,0,0,0
2020/2/16,264.91,274,237.41,258.85,1110118.464,268.588,261.0477691,268.588,286.2755251,250.9004749,58.69490937,-95.57816474,0,0,0,0
2020/2/17,258.89,268.77,242,267.85,1110371.391,269.01,263.3151794,269.01,286.5052291,251.5147709,65.38350108,-69.56521739,0,0,0,0
2020/2/18,267.9,285.88,258,282.61,1115523.44,271.868,269.7467863,271.868,292.3862237,251.3497763,74.01084524,60.38767396,0,0,0,0
2020/2/19,282.64,285,251.56,258.45,705973.7299,266.528,265.9811909,266.528,284.1302744,248.9257256,49.01592444,-7.365550589,0,0,0,0
2020/2/20,258.44,264.33,245.34,256.96,972969.7169,264.944,262.9741272,264.944,284.2019442,245.6860558,47.77218095,-74.13911256,0,0,0,0
2020/2/21,256.97,268.24,253.61,265.27,525827.8734,266.228,263.7394182,266.228,284.5214235,247.9345765,55.62240657,-15.24329195,0,0,0,0
2020/2/22,265.32,266.81,256,261.57,313062.5213,264.972,263.0162788,264.972,283.5082365,246.4357635,51.32852788,-33.40593568,0,0,0,0
2020/2/23,261.55,275.68,261.02,274.48,444740.8288,263.346,266.8375192,263.346,275.8543562,250.8376438,63.58815395,130.6771602,0,0,0,0
2020/2/24,274.5,277.2,257.09,265.52,696591.7298,264.76,266.3983461,264.76,276.2954133,253.2245867,52.18467198,53.1023334,0,0,0,0
2020/2/25,265.47,266.22,244.44,246.67,774791.0103,262.702,259.8222307,262.702,280.8472689,244.5567311,35.46115808,-145.6182382,0,-0.2,0,1
2020/2/26,246.67,250.32,215.66,223.93,1395879.415,254.434,247.8581538,254.434,289.8338612,219.0341388,23.90770895,-145.8955058,0,0,0,0
2020/2/27,223.98,238.3,210,227.79,1273793.117,247.678,241.1687692,247.678,287.649993,207.706007,28.8278302,-92.34988935,-0.3818,0,0,1
2020/2/28,227.73,234.67,214.01,226.76,1054994.924,238.134,236.3658461,238.134,269.8953113,206.3726887,28.21921883,-62.69185895,0,0,0,0
2020/2/29,226.76,233,217,217.21,546866.6851,228.472,229.9805641,228.472,248.1092234,208.8347766,22.67180702,-67.53048305,0,0,0,0
2020/3/1,217.29,227.89,212.36,217.81,715016.0194,222.7,225.9237094,222.7,231.5524257,213.8475743,23.84748281,-118.9408798,0,0,0,0
2020/3/2,217.81,234.4,216.07,231.97,810051.4833,224.308,227.9391396,224.308,235.9509714,212.6650286,47.42698427,95.80665002,0,0,0,0
2020/3/3,232.1,232.46,219.57,223.91,741498.5483,223.532,226.5960931,223.532,234.6485347,212.4154653,38.86473499,37.40607645,0,0,0,0
2020/3/4,223.84,228.85,220.23,224.26,443780.3377,223.032,225.8173954,223.032,233.7401905,212.3238095,39.45801813,18.46780022,0,0,0,0
2020/3/5,224.26,234.09,224.23,228.38,601479.8759,225.266,226.6715969,225.266,234.7773961,215.7546039,47.02283023,99.03431986,0.2023,0.268181818,0,1
2020/3/6,228.38,245.16,227.33,244.88,628147.3257,230.68,232.7410646,230.68,246.0590351,215.3009649,67.40900873,166.6666667,0.3182,0,0,-1
2020/3/7,244.93,251.93,236,237.23,633748.8966,231.732,234.2373764,231.732,248.0132353,215.4507647,55.11706284,96.03072149,0,0,0,0
2020/3/8,237.23,237.23,195.5,199.43,1278973.537,226.836,222.6349176,226.836,257.7388118,195.9331882,25.92193144,-133.0312655,0,0,0,0
2020/3/9,199.43,208.62,190,202.81,1661331.836,222.546,216.0266117,222.546,259.1227371,185.9692629,30.06258466,-106.2926237,0,0,0,0
2020/3/10,202.79,206.2,195.54,200.7,1020260.107,217.01,210.9177412,217.01,256.6311842,177.3888158,28.8061492,-67.72128405,0,0,0,0
2020/3/11,200.74,203.18,181.73,194.61,1079824.902,206.956,205.4818274,206.956,237.7053911,176.2066089,25.03173416,-80.20573525,0,0,0,1
2020/3/12,194.61,195.55,101.2,107.82,3814533.14,181.074,172.927885,181.074,254.5257426,107.6222574,7.507703912,-166.6666667,0,0,0,0
2020/3/13,107.67,139.68,86,134.06,4663239.929,168,159.9719233,168,246.8044374,89.19556256,26.8589312,-97.99688608,-0.3612,0,0,1
2020/3/14,134.06,134.68,120,122.54,1237674.886,151.946,147.4946155,151.946,228.5169873,75.3750127,24.09270793,-57.72662243,0,0,0,0
2020/3/15,122.54,133.5,120.16,123.78,1312950.901,136.562,139.5897437,136.562,196.9734485,76.15055155,25.13019908,-44.0677754,0,0,0,0
2020/3/16,123.82,124.33,101.1,111.02,2442064.144,119.844,130.0664958,119.844,138.7605477,100.9274523,21.37269697,-125.5455508,0,0,0,0
2020/3/17,111.02,120.8,109.38,115.67,1295108.485,121.414,125.2676639,121.414,137.106442,105.721558,26.38656263,-61.80135606,-0.05135,0,0,0
2020/3/18,115.67,118.5,109.86,118.11,1201850.313,118.224,122.8817759,118.224,127.5161696,108.9318304,29.34190711,-41.23877801,0,0,0,0
2020/3/19,118.11,143.13,115.46,136.3,1801071.188,120.976,127.3545173,120.976,138.3697212,103.5822788,48.5791604,111.3573585,0.3182,0.3,0,-1
2020/3/20,136.3,152.55,116.74,133.48,2504057.638,122.916,129.3963448,122.916,143.0723195,102.7596805,46.1445579,93.1214723,0,0,0,0
2020/3/21,133.49,137.49,125.69,132.66,1231842.111,127.244,130.4842299,127.244,144.3932115,110.0947885,45.31902689,50.19782394,0,0,0,0
2020/3/22,132.63,137.13,121.1,122.32,1055699.865,128.574,127.7628199,128.574,142.6896118,114.4583882,35.35060424,-14.38121136,0,0,0,0
2020/3/23,122.31,137.5,119.5,135.92,1436796.124,132.136,130.48188,132.136,142.3376595,121.9343405,52.52086957,-5.931821595,0,0,0,0
2020/3/24,135.89,143.36,132.2,138.42,1244377.163,132.56,133.12792,132.56,143.5633886,121.5566114,55.25173234,125.1754307,0,0,0,0
2020/3/25,138.42,142.33,132.54,136.1,1034248.744,133.084,134.1186133,133.084,144.4560893,121.7119107,51.7959162,74.12708899,0,0,0,0
2020/3/26,136.11,139.74,133.26,138.4,751060.631,134.232,135.5457422,134.232,146.3364151,122.1275849,55.26342317,51.63394401,-0.6486,0,0,1
2020/3/27,138.4,141.27,129.68,131.33,706948.5456,136.034,134.1404948,136.034,141.205918,130.862082,43.29638366,-38.55721393,0,0,0,0
2020/3/28,131.33,132.97,124.88,130.98,896032.1059,135.046,133.0869965,135.046,141.6238489,128.4681511,42.72388,-139.7303009,0,0,0,0
2020/3/29,130.94,131.84,123.81,124.5,543997,132.262,130.2246644,132.262,141.8605866,122.6634134,32.71314576,-108.7384097,0,0,0,0
2020/3/30,124.47,135.42,124.06,132.06,764831.9275,131.454,130.8364429,131.454,140.2727219,122.6352781,49.84976127,-22.91666667,0,0,0,0
2020/3/31,132.09,135,130.38,132.72,547669.2779,130.318,131.4642953,130.318,136.2587528,124.3772472,51.20587015,61.58967957,0,0,0,0
2020/4/1,132.72,136.99,128.62,135.69,680922.2475,131.19,132.8728635,131.19,138.5736576,123.8063424,57.64785233,100.6134439,0,0.5,0,1
2020/4/2,135.65,149.76,135.01,141.28,1138977.661,133.25,135.6752423,133.25,144.1566585,122.3433415,67.68519679,155.7169931,0,0,0,0
2020/4/3,141.27,146.72,137.26,141.31,797546.1145,136.612,137.5534949,136.612,144.6409416,128.5830584,67.73649172,81.4937454,0,0,0,0
2020/4/4,141.3,146.28,138.88,144.1,573508.1409,139.02,139.7356633,139.02,147.3596403,130.6803597,72.76259701,67.79141104,0,0,0,0
2020/4/5,144.1,145.58,140.68,142.68,414987.4525,141.012,140.7171088,141.012,146.7253024,135.2986976,66.20142416,54.08600089,0,0,0,0
2020/4/6,142.69,172,142.6,171.32,1636338.731,148.138,150.9180726,148.138,171.4129493,124.8630507,89.67464958,166.6666667,0,0,0,0
2020/4/7,171.32,176.22,162.22,164.63,1717962.825,152.808,155.488715,152.808,177.9963065,127.6196935,74.55579496,101.1983633,0,0,0,1
2020/4/8,164.62,174.48,163.59,173.11,1023575.921,159.168,161.3624767,159.168,185.5616762,132.7743238,79.9198761,77.32810322,0,0,0,0
2020/4/9,173.15,173.38,165.19,169.52,719837.2442,164.252,164.0816511,164.252,186.5529718,141.9510282,71.89873243,57.34199711,0,0,1,-1
2020/4/10,169.56,170.1,152.11,157.81,1314841.362,167.278,161.9911008,167.278,178.3063808,156.2496192,51.02033166,-100.0726315,0,-0.1,0,1
2020/4/11,157.81,161.37,153.91,158.33,621599.6129,164.68,160.7707338,164.68,176.7468936,152.6131064,51.79730088,-97.8653173,0,0,0,0
2020/4/12,158.33,164.78,155,158.59,809100.2459,163.472,160.0438226,163.472,176.4889637,150.4550363,52.27051181,-51.09815455,0,0,0,0
2020/4/13,158.56,158.97,150,156.29,1042091.036,160.108,158.7925484,160.108,169.6540685,150.5619315,47.15195405,-97.52035529,0,0,0,0
2020/4/14,156.28,161.85,155.23,158.45,698030.6509,157.894,158.6783656,157.894,159.582436,156.205564,52.60072422,15.81104821,0,0,0,0
2020/4/15,158.46,161.29,152,152.73,729119.6651,156.878,156.6955771,156.878,161.3556851,152.4003149,39.21655803,-78.1573499,0,0,0,0
2020/4/16,152.74,174.79,148.33,172.29,1647207.6,159.67,161.893718,159.67,172.9818654,146.3581346,70.88404048,149.2449561,0,0,0,0
2020/4/17,172.31,174.96,168.31,170.69,723537.7559,162.09,164.825812,162.09,177.9013681,146.2786319,67.29896911,119.3684243,0,0,0,0
2020/4/18,170.61,189.54,170.48,187.4,1127296.37,168.312,172.3505413,168.312,192.4099481,144.2140519,80.30368381,128.2745578,0,0,0,0
2020/4/19,187.4,188.35,175.75,180.03,995759.5775,172.628,174.9103609,172.628,195.8280359,149.4279641,65.86315856,78.40826778,0,0,0,0
2020/4/20,180.02,186.46,166.7,170.2,1547821.527,176.122,173.3402406,176.122,189.4404588,162.8035412,50.67144255,-5.959494558,0.2023,0.318181818,0,-1
2020/4/21,170.21,174.7,168,170.74,906381.654,175.812,172.4734937,175.812,189.5387004,162.0852996,51.44055222,-72.30597432,0,0,0,0
2020/4/22,170.73,184,169.78,182.7,988698.3908,178.214,175.8823292,178.214,191.7162819,164.7117181,66.08161155,20.10389492,0.0386,0,-0.5,-1
2020/4/23,182.7,193.63,178.16,185.51,1457867.087,177.836,179.0915528,177.836,190.3587511,165.3132489,68.84073493,112.632491,0,0,0,0
2020/4/24,185.57,189.8,184.72,187.59,780904.2126,179.348,181.9243685,179.348,194.1782469,164.5177531,71.02182672,92.80168816,0.296,0.1,0,-1
2020/4/25,187.6,198.36,185.76,194.21,866478.0493,184.15,186.019579,184.15,199.5595399,168.7404601,77.3338565,97.66536437,0,0,0,0
2020/4/26,194.21,200,192.3,197.38,758525.8153,189.478,189.806386,189.478,200.4355282,178.5204718,79.94820019,107.9323797,0,0,0,0
2020/4/27,197.39,199.05,189.29,196.34,896627.3727,192.206,191.9842573,192.206,201.7567118,182.6552882,76.33737584,58.10397554,0,0,0,0
2020/4/28,196.33,198.5,192.36,196.24,636829.894,194.352,193.4028382,194.352,201.4191228,187.2848772,75.92522099,55.11811024,0,0.136363636,0,-1
2020/4/29,196.24,218.77,196.22,215.36,1620422.724,199.906,200.7218921,199.906,215.4959229,184.3160771,89.48878749,166.6666667,0,0.5,0,1
2020/4/30,215.4,227.3,202,206.08,1749691.002,202.28,202.5079281,202.28,217.2813759,187.2786241,66.69271261,90.97483016,0,0.25,0,-1
2020/5/1,206.07,217.14,205.91,212.02,794913.9583,205.208,205.6786187,205.208,220.9380548,189.4779452,72.33192959,59.83488204,0,0,0,0
2020/5/2,212.01,215.37,210.36,213.9,443494.6725,208.72,208.4190792,208.72,222.7066222,194.7333778,74.06886056,61.29250638,0,0,0,0
2020/5/3,213.89,219.3,203.92,209.86,748383.9131,211.444,208.8993861,211.444,217.9543192,204.9336808,63.38088368,-45.25164602,0,0,0,0
2020/5/4,209.86,210.65,194.88,206.48,1114249.327,209.668,208.0929241,209.668,215.7682085,203.5677915,55.07044789,-166.6666667,0,0,-1,-1
2020/5/5,206.47,211.68,201,205.29,640644.6627,209.51,207.158616,209.51,216.0020875,203.0179125,52.06603061,-63.56471899,0,0,0,0
2020/5/6,205.3,210.77,197.71,198.97,862700.6785,206.9,204.4290774,206.9,216.8363977,196.9636023,38.22264047,-84.79328075,0,0,0,0
2020/5/7,198.92,215.1,196.43,212,1305778.738,206.52,206.9527182,206.52,215.4509798,197.5890202,63.34150387,41.4341371,0,0,0,0
2020/5/8,212.01,216.61,206.9,211.31,917908.1944,206.81,208.4051455,206.81,216.2363885,197.3836115,61.68138403,130.2857903,0,0,0,0
2020/5/9,211.32,214.6,208.4,210.07,587871.9807,207.528,208.960097,207.528,217.285544,197.770456,58.25178822,75.85851004,0,0,0,0
2020/5/10,210.09,210.18,179.59,187.54,1473226.055,203.978,201.8200647,203.978,222.9624374,184.9935626,25.74310836,-138.2787889,0,0,0,0
2020/5/11,187.62,193.5,176,185.73,1093299.819,201.33,196.4567098,201.33,225.3859514,177.2740486,24.37696254,-107.2157901,0,0,0,0
2020/5/12,185.8,192.24,185.48,189.76,669755.7957,196.882,194.2244732,196.882,219.5880077,174.1759923,34.10890011,-53.89011388,0,0,0,-1
2020/5/13,189.77,201,188.35,199.58,806143.007,194.536,196.0096488,194.536,212.7798356,176.2921644,52.66369035,14.18133053,0,0,0,0
2020/5/14,199.61,206.02,195.67,203.29,1114700.249,193.18,198.4364325,193.18,207.0992126,179.2607874,58.21981619,120.1405324,0.3612,0.112121212,0,-1
2020/5/15,203.29,204.08,191.66,194.86,904749.6357,194.644,197.2442884,194.644,207.3711967,181.9168033,43.66328838,37.98098462,0,0,0,1
2020/5/16,194.87,203.5,193.21,200.45,669900.0375,197.588,198.3128589,197.588,207.1123469,188.0636531,53.33443079,52.54480287,0,0,0,0
2020/5/17,200.44,209.85,199.68,207,708711.8932,201.036,201.2085726,201.036,209.0985614,192.9734386,62.71035415,126.6306793,0,0,0,0
2020/5/18,207.02,217.07,207,214.91,1064139.249,204.102,205.7757151,204.102,217.5071417,190.6968583,71.38813755,134.9995397,0,0,0,0
2020/5/19,214.92,215.95,209.45,214.58,643702.9885,206.36,208.7104767,206.36,222.0637219,190.6562781,70.53217397,85.15841729,0,0,0,0
2020/5/20,214.6,215.75,204.27,209.98,679532.6104,209.384,209.1336511,209.384,220.0943733,198.6736267,58.34305523,25.77513901,-0.3818,0,0,-1
2020/5/21,209.99,211.64,191.71,198.74,1003923.434,209.042,205.6691008,209.042,220.9174766,197.1665234,38.18658895,-120.4595006,0,0,0,0
2020/5/22,198.72,209.19,196.24,207.36,787672.3608,209.114,206.2327338,209.114,220.9433574,197.2846426,53.56527082,-57.60426285,0,0,0,0
2020/5/23,207.36,211.2,204.55,206.6,478559.9201,207.452,206.3551559,207.452,217.7992694,197.1047306,52.13575678,5.403989906,0,0,0,0
2020/5/24,206.6,210.55,199.5,199.9,673535.0578,204.516,204.2034373,204.516,213.3231026,195.7088974,40.28766436,-42.57069249,0,0,0,0
2020/5/25,199.9,205.67,198.01,204.15,469931.6249,203.35,204.1856248,203.35,210.3033992,196.3966008,49.40458286,-40.2456354,0.5574,0.227272727,1,-1
2020/5/26,204.22,205,196.9,200.89,477176.7353,203.78,203.0870832,203.78,209.7339701,197.8260299,43.09564713,-108.2762912,0,0,0,0
2020/5/27,200.92,208.44,200.76,208.29,494816.7273,203.966,204.8213888,203.966,210.3948674,197.5371326,58.23034837,57.49766097,0,0.375,1,1
2020/5/28,208.29,220.5,204.67,220.21,643945.9777,206.688,209.9509259,206.688,221.4269574,191.9490426,72.79787333,162.1346715,0,0,0,0
2020/5/29,220.24,224.79,217.57,220.67,603058.0759,210.842,213.5239506,210.842,227.205053,194.478947,73.24793682,110.6712266,0,0.6,0,1
2020/5/30,220.63,247,218.8,243.66,1019550.751,218.744,223.5693004,218.744,247.791783,189.696217,86.84512038,133.4326039,0,0,0,0
2020/5/31,243.71,245.39,229.58,231.57,821608.6888,224.88,226.2362003,224.88,248.7497398,201.0102602,65.0959389,80.26249369,0,0,0,0
2020/6/1,231.56,250.68,230.66,248.23,823816.6994,232.868,233.5674668,232.868,255.9011809,209.8348191,75.61503363,88.30495659,0,0.16,0,-1
2020/6/2,248.23,253.8,225,237.71,955520.9186,236.368,234.9483112,236.368,255.6579825,217.0780175,61.08442916,45.59598654,0,0.5,0,-1
2020/6/3,237.71,245,232.71,244.52,502928.1337,241.138,238.1388742,241.138,252.8475749,229.4284251,66.32130389,49.49472597,0.2716,0.45,0,-1
2020/6/4,244.54,246.6,236,243.21,669369.3392,241.048,239.8292494,241.048,252.6853495,229.4106505,64.24253761,54.97463305,0,0,0,-1
2020/6/5,243.22,247.87,239.14,240.03,502547.411,242.74,239.8961663,242.74,250.0159549,235.4640451,58.66318177,48.12834225,0,0,0,0
2020/6/6,240.04,244.7,237.83,241.94,389423.078,241.482,240.5774442,241.482,246.2787889,236.6852111,61.19353809,27.28613569,0,0,0,0
2020/6/7,241.94,245.37,234.6,244.56,571102.5552,242.852,241.9049628,242.852,246.2723017,239.4316983,64.87974904,-14.81251295,0,0,0,0
2020/6/8,244.57,247.7,240.59,246.4,383116.5472,243.228,243.4033085,243.228,247.5843544,238.8716456,67.58293758,166.6666667,0,0,0,0
2020/6/9,246.37,249.82,238,243.8,420327.1713,243.346,243.535539,243.346,247.7259105,238.9660895,59.49455827,56.0298826,0,0,0,0
2020/6/10,243.79,250.28,242,247.78,431285.6172,244.896,244.9503593,244.896,248.9586612,240.8333388,67.04207441,113.9083257,0,0.3,0,1
2020/6/11,247.78,250.09,226.2,230.51,816456.8916,242.61,240.1369062,242.61,255.0268144,230.1931856,33.34312905,-145.5438596,-0.5994,0.5,-1,1
2020/6/12,230.46,239.38,228.19,237.55,446515.3412,241.208,239.2746042,241.208,254.0047083,228.4112917,46.93470417,-87.28858251,-0.32985,0.125,0,1
2020/6/13,237.55,238.73,234.66,238.11,253797.7809,239.55,238.8864028,239.55,251.3344168,227.7655832,47.98919742,-37.25723345,0,0,0,0
2020/6/14,238.13,238.59,229.83,231.77,304943.2119,237.144,236.5142685,237.144,249.3787806,224.9092194,37.45589343,-76.5083315,0,0,0,0
2020/6/15,231.74,233.55,218.27,230.86,875026.9206,233.76,234.6295123,233.76,240.4663671,227.0536329,36.03674181,-157.6062981,0,0,0,0
2020/6/16,230.86,236,228.7,235.3,499194.6676,234.718,234.8530082,234.718,240.6130474,228.8229526,48.042924,0.987338831,0,0,0,0
2020/6/17,235.31,237.3,227.65,233.82,478187.2917,233.972,234.5086722,233.972,239.1444717,228.7995283,44.55803358,1.483989633,0,0,0,0
2020/6/18,233.82,234.65,227.93,231.27,334347.7992,232.604,233.4291148,232.604,235.9820136,229.2259864,38.53753924,-15.22025465,0,0,0,0
2020/6/19,231.26,231.95,226.74,229,397284.5981,232.05,231.9527432,232.05,236.524139,227.575861,33.50072402,-55.17334413,0.3182,0,0,-1
2020/6/20,229,230.85,225.62,228.89,303704.9883,231.656,230.9318288,231.656,236.7797268,226.5322732,33.23758915,-98.02289807,0,0,0,0
2020/6/21,228.88,231.49,227.11,228.04,256305.2373,230.204,229.9678859,230.204,234.4059919,226.0020081,30.89373355,-54.4630643,0,0,0,0
2020/6/22,228.03,246.89,227.51,243.13,749030.1111,232.066,234.3552572,232.066,243.3351338,220.7968662,73.05674891,166.6666667,0,0,0,0
2020/6/23,243.11,244.87,240.75,243.14,442296.3148,234.44,237.2835048,234.44,248.6544208,220.2255792,73.07035914,104.6516926,0,0,0,0
2020/6/24,243.15,249.24,231.07,234.58,921634.0534,235.556,236.3823366,235.556,248.7244751,222.3875249,47.43274507,33.33171803,0,0,1,-1
2020/6/25,234.57,235.39,227.56,232.5,613748.5935,236.278,235.0882244,236.278,248.2465615,224.3094385,42.8646491,-62.48698582,0,0,0,0
2020/6/26,232.49,233.61,227.75,229.64,628340.0701,236.598,233.2721496,236.598,247.7243464,225.4716536,36.77704377,-94.70789113,0,0.096590909,0,-1
2020/6/27,229.66,231.42,216,220.94,645950.6144,232.16,229.1614331,232.16,246.548084,217.771916,23.88087548,-117.9686441,0,0,0,0
2020/6/28,220.94,227.96,218.32,224.93,444766.5688,228.518,227.7509554,228.518,238.4844589,218.5515411,36.62146998,-76.87847656,0,0,0,0
2020/6/29,224.89,229.96,221.26,227.93,597915.5224,227.188,227.8106369,227.188,235.1336292,219.2423708,45.23630601,-12.87835288,0,0,0,0
2020/6/30,227.98,228.7,222.91,225.6,415036.0298,225.808,227.0737579,225.808,231.7206089,219.8953911,39.96273567,-1.907486886,0,0,0,0
2020/7/1,225.59,232.71,224.16,230.99,517351.5887,226.078,228.379172,226.078,232.7415174,219.4144826,55.09894207,132.6784263,0.1591,0.068181818,0.5,-1
2020/7/2,230.99,232.01,222.87,226.46,592485.9112,227.182,227.739448,227.182,231.4860335,222.8779665,43.56131331,31.54784598,0,0,0,0
2020/7/3,226.46,228.13,223.97,224.87,314578.5004,227.17,226.7829653,227.17,231.4993418,222.8406582,39.89599623,-71.97524833,0,0,0,0
2020/7/4,224.86,230.71,224.43,229.17,307726.4659,227.418,227.5786435,227.418,232.0261562,222.8098438,53.20609358,50.80272707,0,0,0,0
2020/7/5,229.24,229.85,223.05,227.56,355747.1201,227.81,227.572429,227.81,232.0517544,223.5682456,48.20945972,-36.95150115,0,0,0,0
2020/7/6,227.54,242,226.93,241.6,864817.507,229.932,232.248286,229.932,241.9329293,217.9310707,74.40783696,166.6666667,0,0,0,0
2020/7/7,241.6,243.77,234.4,239.39,600424.9721,232.518,234.6288573,232.518,245.904258,219.131742,67.67233043,97.92154324,0.10115,0.25,0,0
2020/7/8,239.39,248.88,237.78,246.95,958185.8371,236.934,238.7359049,236.934,251.80075,222.06725,76.69357981,103.0017315,0,0,0,0
2020/7/9,246.94,247.9,237.88,241.98,647641.5829,239.496,239.8172699,239.496,252.4153969,226.5766031,62.38712926,62.09097301,0,0,0,0
2020/7/10,241.97,242.16,235.72,241.26,455025.1239,242.236,240.29818,242.236,247.2753746,237.1966254,60.34855795,-23.98215282,0,0.5,0,-1
2020/7/11,241.27,241.67,237.54,239.19,294476.0063,241.754,239.9287866,241.754,247.3722645,236.1357355,54.00657066,-55.17972309,0,0,0,0
2020/7/12,239.19,244,236.52,242.79,469315.1172,242.434,240.8825244,242.434,247.5431228,237.3248772,62.55993919,-15.1418042,0,0,0,0
2020/7/13,242.76,245.33,237.33,239.5,604093.0425,240.944,240.4216829,240.944,243.7357765,238.1522235,51.59820232,0.147754137,0,0,0,0
2020/7/14,239.5,242.09,237,240.44,426320.8919,240.636,240.4277886,240.636,243.2358338,238.0361662,54.44873155,-36.59631792,0,0,0,0
2020/7/15,240.45,241.45,236.83,238.61,368350.6652,240.106,239.8218591,240.106,243.0399012,237.1720988,47.62348383,-98.61785581,0,0,0,0
2020/7/16,238.59,239.39,230.02,233.57,587161.7389,238.982,237.7379061,238.982,245.0695663,232.8944337,33.26733105,-165.6722072,0,0,0,0
2020/7/17,233.58,234.84,231.65,232.67,325600.2144,236.958,236.048604,236.958,243.3567924,230.5592076,31.16996059,-97.70633917,0,0,0,1
2020/7/18,232.66,236.8,232.32,235.67,341356.6182,236.192,235.9224027,236.192,242.0873595,230.2966405,45.4894233,-33.89238295,0,0,0,0
2020/7/19,235.67,239.92,233.28,239.11,348803.5207,235.926,236.9849351,235.926,241.1074685,230.7445315,58.01038747,57.45411807,0,0,0,0
2020/7/20,239.12,239.72,234.05,236.01,396657.9194,235.406,236.6599568,235.406,239.8790947,230.9329053,46.08593028,63.21948738,0,0,0,0
2020/7/21,236,246.66,235.57,245.59,637462.0807,237.81,239.6366378,237.81,246.5944226,229.0255774,69.94836601,152.8749238,0,0,0,-1
2020/7/22,245.53,269.61,241.51,263.74,718417.683,244.024,247.6710919,244.024,264.9874715,223.0605285,85.32760419,160.4137172,0,0.045454545,0,1
2020/7/23,263.75,279.98,259.7,275.3,1068774.579,251.95,256.8807279,251.95,282.1973192,221.7026808,89.57507838,118.9234263,0,0,0,0
2020/7/24,275.31,287.34,266,279.15,926033.0669,259.958,264.3038186,259.958,293.4000033,226.5159967,90.6963158,94.7993833,0.10115,0.25,1,-1
2020/7/25,279.15,308.94,279.09,305.26,1058927.306,273.808,277.9558791,273.808,312.9754506,234.6405494,95.13344768,122.9365744,0,0,0,0
2020/7/26,305.31,318.75,299,311,1270368.753,286.89,288.9705861,286.89,323.2097709,250.5702291,95.69734374,107.107993,0,0,0,0
2020/7/27,311.02,333.31,310.78,321.93,1636122.347,298.528,299.9570574,298.528,335.008911,262.047089,96.62748656,103.7724932,0,0,0,0
2020/7/28,321.95,326.8,305.86,316.77,1093231.556,306.822,305.5613716,306.822,336.6595533,276.9844467,85.69524404,57.77860395,-0.2288,0.015625,-0.5,0
2020/7/29,316.77,325,312.38,317.71,792802.3215,314.534,309.6109144,314.534,326.1368865,302.9311135,86.05452165,50.23154883,0,0,0,0
2020/7/30,317.76,342,314.05,334.87,1008827.567,320.456,318.0306096,320.456,336.4679735,304.4440265,91.13517312,134.1214673,0.5719,0.8,0,-1
2020/7/31,334.82,349.45,328.4,346.33,948088.4498,327.522,327.4637397,327.522,350.3410321,304.7029679,93.20251241,128.8869897,0.5574,0.3,1,-1
2020/8/1,346.32,392.67,343.07,387,1440843.342,340.536,347.3091598,340.536,391.9980351,289.0739649,96.6589317,146.5244866,0,0,0,0
2020/8/2,387.01,415.85,325,372.42,2324909.096,351.666,355.6794399,351.666,401.8082658,301.5237342,78.7213499,78.193187,0,0,0,0
2020/8/3,372.45,398,366.5,385.94,1191565.094,365.312,365.7662933,365.312,407.5819806,323.0420194,82.48822523,80.32114715,0.204333333,0.411111111,0,-0.333333333
2020/8/4,385.91,402.98,380.77,389.61,1180792.424,376.26,373.7141955,376.26,408.4820173,344.0379827,83.48050326,98.04880078,0,0.068181818,0,-1
2020/8/5,389.59,407,384.11,400.72,1124119.067,387.138,382.7161303,387.138,405.219046,369.056954,86.39719034,106.9981128,0,0,0,0
2020/8/6,400.72,403.66,390.51,394.77,821379.084,388.692,386.7340869,388.692,407.7667808,369.6172192,77.26474049,66.67087104,0.01365,0.25,0.5,-1
2020/8/7,394.77,398.26,362.85,379.34,1041207.359,390.076,384.2693913,390.076,404.716047,375.435953,57.54658774,-101.0017403,-0.1027,0.35,0,-1
2020/8/8,379.34,397.05,375.79,397.03,623029.7805,392.294,388.5229275,392.294,407.1147347,377.4732653,68.91515053,-14.19439744,0,0,0,0
2020/8/9,397.05,400,383.36,390.14,594900.5813,392.4,389.0619517,392.4,407.1498447,377.6501553,60.9666259,2.731163419,0,0,0,0
2020/8/10,390.14,399.18,385.13,395.44,826969.9063,391.344,391.1879678,391.344,404.1936201,378.4943799,64.86334331,50.2324773,0,0,0,0
2020/8/11,395.43,398.21,367,379,992412.6023,388.19,387.1253119,388.19,403.611782,372.768218,46.76256952,-75.18464579,0.099733333,-0.141666667,0,-0.333333333
2020/8/12,378.99,389.23,365.85,387.18,751848.7983,389.758,387.1435412,389.758,402.6481103,376.8678897,54.63610287,-87.68220664,0,0.166666667,0,-1
2020/8/13,387.18,431.49,376.59,424.54,1511330.773,395.26,399.6090275,395.26,426.4143153,364.1056847,75.40369204,152.7887253,0,0,0,0
2020/8/14,424.54,444.71,417.05,438.11,1109670.943,404.854,412.442685,404.854,450.1346636,359.5733364,79.63635944,125.468024,0.2023,0.16,0,-1
2020/8/15,438.12,442.94,427.02,432.32,681698.5971,412.23,419.0684567,412.23,460.8645885,363.5954115,72.94169518,80.26695304,0,0,0,0
2020/8/16,432.3,436.99,412.47,433.62,716666.2526,423.154,423.9189711,423.154,460.1759861,386.1320139,73.56538014,40.07566608,0,0,0,0
2020/8/17,433.61,446,420.37,430.89,868870.65,431.896,426.2426474,431.896,440.7000227,423.0919773,69.36822904,47.08146502,0,0,0,0
2020/8/18,430.89,433.81,415,421.95,743254.5702,431.378,424.8117649,431.378,441.9745685,420.7814315,56.23497089,-120.7210488,0,0,0,0
2020/8/19,421.92,426.75,393.25,407.46,978339.6922,425.248,419.0278433,425.248,444.8281017,405.6678983,40.64462179,-150.0110873,0,0,0,0
2020/8/20,407.46,418.98,402.07,415.94,663555.7345,421.972,417.9985622,421.972,441.2009424,402.7430576,50.65269138,-70.47649884,0,0,0,0
2020/8/21,415.94,418.68,385.1,387.97,860998.7256,412.842,407.9890415,412.842,442.0429025,383.6410975,29.88043194,-112.9678803,0,1,0,1
2020/8/22,387.93,397.04,379.92,395.24,643235.7654,405.712,403.739361,405.712,430.9434325,380.4805675,38.12467291,-104.8507101,0,0,0,0
2020/8/23,395.23,396.95,383.15,390.71,445317.8199,399.464,399.3962407,399.464,420.6674209,378.2605791,34.92624109,-74.70998157,0,0,0,0
2020/8/24,390.72,410.42,387.44,407.68,717403.8188,399.508,402.1574938,399.508,420.7784166,378.2375834,53.2800739,32.55576652,0.2057,0,1,-1
2020/8/25,407.68,409.06,370,382.93,970445.384,392.906,395.7483292,392.906,409.6970862,376.1149138,35.18716136,-84.62088305,0,0,0,0
2020/8/26,382.91,392.91,377.37,385.81,738690.7794,392.474,392.4355528,392.474,409.8517264,375.0962736,38.23781977,-89.174479,0,0,0,-1
2020/8/27,385.81,397.1,371.48,383.27,877763.7366,390.08,389.3803685,390.08,408.538351,371.621649,36.35153799,-76.66895713,0,0,0,0
2020/8/28,383.31,398,379.75,395.11,732601.4691,390.96,391.2902457,390.96,409.8686308,372.0513692,50.56185112,13.62581482,0,0,0,0
2020/8/29,395.1,405.69,391.88,398.65,659802.6334,389.154,393.7434971,389.154,402.1213411,376.1866589,54.36930289,141.4844466,0,0,0,0
2020/8/30,398.65,429.89,398.3,428.94,894979.7179,398.356,405.4756647,398.356,430.9871939,365.7248061,74.97929372,147.0280671,0,0,0,0
2020/8/31,428.94,439,418.04,433.79,1040748.689,407.952,414.9137765,407.952,447.638206,368.265794,77.05366505,106.6575861,0,0,0,0
2020/9/1,433.8,488.84,429.03,475.4,1751354.577,426.378,435.075851,426.378,484.4206593,368.3353407,87.85332839,136.6955043,0.2787,0.224090909,0,-1
2020/9/2,475.4,481.39,420,439.5,1880642.469,435.256,436.5505673,435.256,484.3403561,386.1716439,58.27444476,52.77124293,0.113333333,0.028888889,-0.333333333,-0.333333333
2020/9/3,439.5,450.7,372,381.4,2408569.342,431.806,418.1670449,431.806,491.8896052,371.7223948,34.66433102,-111.1461138,-0.2523,0,-0.5,0
2020/9/4,381.35,400.21,357,385.26,1806488.225,423.07,407.1980299,423.07,494.0025155,352.1374845,36.79109543,-108.7514559,-0.1366,0.193181818,0.5,0
2020/9/5,385.3,395,308.42,335.01,2777166.514,403.314,383.1353533,403.314,501.2013831,305.4266169,24.05122488,-107.8560725,0,0,0,0
2020/9/6,335.04,360,316.1,352.8,2017811.147,378.794,373.0235689,378.794,449.9363672,307.6516328,34.14313239,-83.69056337,0,0,0,0
2020/9/7,352.85,358.51,323,353.59,1740618.425,361.612,366.5457126,361.612,399.5642129,323.6597871,34.62532791,-54.60062686,0,0,0,0
2020/9/8,353.59,356.58,325.38,337.39,1400246.83,352.81,356.8271417,352.81,388.6789548,316.9410452,29.15373015,-62.30008183,0,0,0,0
2020/9/9,337.41,359,330.51,350.85,879760.5626,345.928,354.8347611,345.928,361.9843229,329.8716771,39.14175769,79.6097796,0,0,0,-1
2020/9/10,350.85,377.25,349.91,367.93,1134287.611,352.512,359.1998408,352.512,371.9109047,333.1130953,50.26387576,166.6666667,0.3062,0,0.5,0
2020/9/11,367.93,375.27,355.49,373.63,844017.5997,356.678,364.0098938,356.678,382.4385292,330.9174708,53.78700982,92.81183243,0,0,0,0
2020/9/12,373.62,388.57,364.73,387.78,766542.3164,363.516,371.9332626,363.516,398.769522,328.262478,62.11462136,101.3067989,0,0,0,0
2020/9/13,387.78,390.43,350,366.42,989195.6905,369.322,370.0955084,369.322,393.1686883,345.4753117,46.35332048,25.97025266,0,0,0,0
2020/9/14,366.43,384.64,355.73,377.12,1042059.623,374.576,372.4370056,374.576,389.8704989,359.2815011,53.70848153,23.0501891,0,0,0,0
2020/9/15,377.12,382.47,362.34,364.06,883856.3301,373.802,369.6446704,373.802,390.6738388,356.9301612,44.41730066,-42.22943883,0,0,0,1
2020/9/16,364.05,373.45,355,365.11,841709.9894,372.098,368.1331136,372.098,390.3589283,353.8370717,45.36711411,-106.1088132,0,0,0,0
2020/9/17,365.04,394.14,363.3,389.36,1256300.411,372.414,375.2087424,372.414,391.7712544,353.0567456,63.41521883,153.3952919,0,0,0,-1
2020/9/18,389.35,392.58,375.33,384.39,804194.4722,376.008,378.2691616,376.008,396.2325688,355.7834312,58.4670627,92.2343924,0.0258,0,1,1
2020/9/19,384.4,388.72,377,385.25,570908.3355,377.634,380.5961077,377.634,399.2164025,356.0515975,59.15639096,58.2493882,0,0,0,0
2020/9/20,385.25,385.45,365,371.04,693164.4014,379.03,377.4107385,379.03,397.6145829,360.4454171,44.05455114,-37.69428866,0,0,0,0
2020/9/21,371.04,376.8,331,340.36,1283946.031,374.08,365.0604923,374.08,409.977893,338.182107,26.08369929,-161.4390279,0,0,0,0
2020/9/22,340.31,346.91,335.34,344.21,842731.1288,365.05,358.1103282,365.05,403.6438586,326.4561414,30.5289584,-97.78473932,0,-0.01875,0,-1
2020/9/23,344.18,344.65,313.29,320.72,940904.4976,352.316,345.6468855,352.316,398.2916189,306.3403811,20.92948061,-101.3946334,0,0,0,1
2020/9/24,320.72,353.1,316.67,348.97,1071705.097,345.06,346.7545903,345.06,377.377136,312.742864,46.30896702,-36.06660451,0,0,0,0
2020/9/25,348.97,358,337.58,351.92,860643.7792,341.236,348.4763935,341.236,363.2265602,319.2454398,48.46799778,78.01671692,0.4019,0.214285714,0,-1
2020/9/26,351.93,356.4,345.88,353.92,530879.2076,343.948,350.290929,343.948,368.0780258,319.8179742,50.16623655,95.38017803,0,0,0,0
2020/9/27,353.95,362.14,347.24,357.49,569568.5504,346.604,352.6906194,346.604,373.0746346,320.1333654,53.579573,79.46924973,0,0,0,0
2020/9/28,357.58,368.2,351.7,353.96,757758.4304,353.252,353.1137462,353.252,358.8389763,347.6650237,49.39763073,90.64432373,-0.20095,0.275,-0.5,0
2020/9/29,353.91,360.63,350.45,359.79,585143.1689,355.416,355.3391642,355.416,361.073796,349.758204,56.41980798,58.0582813,-0.52525,0,0,1
2020/9/30,359.78,361.5,351.56,359.83,498943.2323,356.998,356.8361094,356.998,362.271411,351.724589,56.47161337,59.97273966,0,0,0,0
2020/10/1,359.83,370.45,345.51,352.85,758349.3196,356.784,355.5074063,356.784,362.5987344,350.9692656,44.84389323,-54.66903073,0,0.5,0,-1
2020/10/2,352.83,354.55,334.24,345.6,733571.8421,354.406,352.2049375,354.406,364.9349285,343.8770715,35.38438389,-166.6666667,0,0,0,0
2020/10/3,345.6,351,343.7,345.95,303595.719,352.804,350.1199584,352.804,365.3593469,340.2486531,36.19655859,-70.2929707,0,0,0,0
2020/10/4,345.94,354.45,343.81,352.37,343932.9171,351.32,350.8699722,351.32,361.8049912,340.8350088,50.47072953,-13.63950276,0,0,0,0
2020/10/5,352.34,356.1,348.54,353.62,376740.3069,350.078,351.7866482,350.078,357.1533589,343.0026411,53.02830255,49.32964896,0,0.16,0,1
2020/10/6,353.63,355.1,336.8,340.75,640063.2695,347.658,348.1077654,347.658,357.1499536,338.1660464,31.85694276,-79.86641507,0.4019,-0.133333333,0,-1
2020/10/7,340.8,342.85,332.18,341.58,541928.8638,346.854,345.9318436,346.854,357.5159368,336.1920632,33.98172656,-127.5060586,-0.11315,0.318181818,0,0
2020/10/8,341.58,353.32,334.21,350.95,631794.8756,347.854,347.6045624,347.854,358.9194822,336.7885178,54.15436284,-4.663006813,0,0,0,0
2020/10/9,350.94,368.33,347.32,365.02,650478.1934,350.384,353.4097083,350.384,368.1677886,332.6002114,70.86463391,122.0283729,0,0,0,0
2020/10/10,365.01,378.4,364.71,370.52,591005.3213,353.764,359.1131389,353.764,377.9828971,329.5451029,75.26919244,117.0413824,0,0,0,0
2020/10/11,370.51,377.6,368.87,374.16,373318.2378,360.446,364.1287592,360.446,385.0481254,335.8438746,78.01830088,83.6328806,0,0,0,0
2020/10/12,374.17,394.8,365.58,386.51,844422.6544,369.432,371.5891728,369.432,392.6913358,346.1726642,85.06112733,96.39372607,0.7841,0.5,1,1
2020/10/13,386.51,387.75,374.51,381.04,645141.9139,375.45,374.7394485,375.45,390.6375107,360.2624893,72.24582481,77.11907828,0,0,0,0
2020/10/14,381.05,387.41,373.13,378.69,569557.8294,378.184,376.056299,378.184,389.2353174,367.1326826,66.83812545,34.6768337,0,0,0,0
2020/10/15,378.69,381.79,369.85,377.64,634038.0945,379.608,376.5841994,379.608,387.8096915,371.4063085,64.15606268,-50.30091956,0,0,0,-1
2020/10/16,377.63,379.83,361.18,365.5,654029.364,377.876,372.8894662,377.876,391.6873148,364.0646852,40.60661021,-145.9694989,0,0,0,-1
2020/10/17,365.5,370.46,363.36,368.32,285578.2454,374.238,371.3663108,374.238,386.5355276,361.9404724,46.32716419,-92.54481375,0,0,0,0
2020/10/18,368.31,378.64,367.1,378.11,323468.471,373.652,373.6142072,373.652,384.8249917,362.4790083,62.14807654,19.14719405,0,0,0,0
2020/10/19,378.12,384.32,372.5,379.3,577252.9027,373.774,375.5094715,373.774,385.1753585,362.3726415,63.7706766,90.35288976,0,0,0,0
2020/10/20,379.3,380.73,365.27,368.52,617309.8168,371.95,373.1796477,371.95,383.2109911,360.6890089,42.93147236,-13.15165581,0,0,0,-1
2020/10/21,368.53,401.49,367.74,390.38,1221663.638,376.926,378.9130984,376.926,393.2421741,360.6098259,68.78646675,130.8062925,0,0,0,0
2020/10/22,390.31,420.73,390.21,413.98,1095897.207,386.058,390.6020656,386.058,417.2315847,354.8844153,80.62945805,150.5894565,0.0129,0,1,-1
2020/10/23,413.94,419.33,401.3,409.11,727832.3224,392.258,396.7713771,392.258,426.7922089,357.7237911,73.44177958,87.02865484,0,0,0,0
2020/10/24,409.19,416.66,407,412.14,419236.8711,398.826,401.8942514,398.826,433.4953585,364.1566415,75.16367183,63.98044868,0,0,0,0
2020/10/25,412.14,417.4,402.5,405.86,415586.9761,406.294,403.2161676,406.294,423.1373707,389.4506293,64.35406255,31.78174575,0,0,0,0
2020/10/26,405.85,411.11,382.3,392.52,895142.6727,406.722,399.6507784,406.722,421.9581591,391.4858409,46.57048989,-166.6666667,-0.3182,0.5,-1,-1
2020/10/27,392.52,410.25,389.9,403.45,754244.3755,404.616,400.9171856,404.616,418.0629898,391.1690102,58.35645357,-48.93073532,-0.4554,-0.25,0,-1
2020/10/28,403.41,409.2,380.52,388.23,855275.4688,400.44,396.6881237,400.44,418.0385681,382.8414319,42.16622092,-92.96411981,0,0,0,0
2020/10/29,388.22,393.72,380.52,387.13,573096.0142,395.438,393.5020825,395.438,410.989285,379.886715,41.13520375,-103.6563123,0,0,0,-1
2020/10/30,387.12,391.97,373.29,382.49,771750.7475,390.764,389.8313883,390.764,404.9655301,376.5624699,36.43750506,-110.6695568,-0.25,0,-1,-1
2020/10/31,382.59,394.88,379.9,386.46,467453.8105,389.552,388.7075922,389.552,403.9797643,375.1242357,43.35594791,-37.35759002,0,0,0,0
2020/11/1,386.44,398.29,384.61,396.67,438952.9557,388.196,391.3617281,388.196,397.5134383,378.8785617,58.03855321,88.45317557,0,0,0,0
2020/11/2,396.68,404.5,377.92,383.02,779968.5796,387.154,388.5811521,387.154,397.3473045,376.9606955,40.49642112,20.90623122,0,0,0,0
2020/11/3,383.01,390,370.23,387.88,752954.3711,387.304,388.3474347,387.304,397.5135375,377.0944625,47.55165219,-82.13256484,0,0,0,0
2020/11/4,387.88,408.39,376.47,402.49,1157064.351,391.304,393.0616232,391.304,405.6632011,376.9447989,63.71726393,104.775764,0,0,0,0
2020/11/5,402.5,420.4,396.14,416.69,1475139.773,397.35,400.9377488,397.35,420.9457183,373.7542817,73.6022388,152.722323,-0.3682,-0.194444444,0,1
2020/11/6,416.73,458.27,414.76,455.91,1682440.96,409.198,419.2618325,409.198,461.5268301,356.8691699,86.39711099,141.5757523,0,0.5,0,-1
2020/11/7,455.91,468.28,424.14,435.21,1653416.596,419.636,424.5778883,419.636,467.5480888,371.7239112,65.46362063,82.67754376,0,0,0,0
2020/11/8,435.2,460.1,431.99,454.3,840908.4684,432.92,434.4852589,432.92,474.6839692,391.1560308,73.0039219,69.07155079,0,0,0,0
2020/11/9,454.29,459.1,433.09,444.32,1099213.246,441.286,437.7635059,441.286,470.0514198,412.5205802,63.88863895,45.03341122,0,0,0,0
2020/11/10,444.32,455,438.7,450.34,866872.4111,448.016,441.9556706,448.016,463.1119311,432.9200689,66.99583512,71.83131681,0,0,0,-1
2020/11/11,450.34,476.25,449.28,463.09,1205782.843,449.452,449.0004471,449.452,468.2021185,430.7018815,73.11920658,166.6666667,0.39135,0.25,0,-1
2020/11/12,463.09,470,451.2,462.39,990776.6291,454.888,453.4636314,454.888,469.2062535,440.5697465,72.19990846,75.35680304,0,0.25,0,1
2020/11/13,462.48,478.01,457.12,476.43,976665.0975,459.314,461.1190876,459.314,481.6214897,437.0065103,78.86266815,98.9495433,0,0,0,0
2020/11/14,476.42,477.47,452,460.89,735252.7854,462.628,461.0427251,462.628,479.2359711,446.0200289,59.22442286,28.28094253,0,0,0,0
2020/11/15,460.9,462.89,440.19,448.08,665217.5667,462.176,456.7218167,462.176,480.1628556,444.1891444,47.13107184,-159.7485344,0,0,0,0
2020/11/16,448.07,466,445.45,460.55,812060.4464,461.668,457.9978778,461.668,479.666375,443.669625,57.65300922,-40.2484205,0,0,0,0
2020/11/17,460.51,484.88,459.8,482.15,1151573.375,465.62,466.0485852,465.62,490.0466477,441.1933523,70.40567455,105.4153796,0,0,0,-1
2020/11/18,482.11,495.31,456.6,478.41,1477696.291,466.016,470.1690568,466.016,491.1837622,440.8482378,66.09751849,87.55552975,0.4019,0,1,-1
2020/11/19,478.43,480.75,464.86,471.25,817418.5269,468.088,470.5293712,468.088,492.9302749,443.2457251,57.65499741,38.36230429,0,0,0,0
2020/11/20,471.26,514.4,470.65,510.12,1516361.907,480.496,483.7262475,480.496,513.577716,447.414284,77.31630334,161.6341631,0.2202,0.4375,0,-1
2020/11/21,510.12,553.32,502.82,552.35,1548851.291,498.856,506.6008316,498.856,558.5063567,439.2056433,86.08840526,145.219496,0,0,0,0
2020/11/22,552.42,580.88,511.28,560.03,1850317.936,514.432,524.4105544,514.432,587.6320835,441.2319165,87.21255406,99.9264889,0,0,0,0
2020/11/23,560.03,610.85,550.12,608.58,2076008.848,540.466,552.4670363,540.466,633.7407808,447.1912192,92.19580685,113.9522943,-0.1591,0.059090909,0,0
2020/11/24,608.58,623,585,604.97,1606450.492,567.21,569.9680242,567.21,640.2520953,494.1679047,88.97313574,97.97226223,0.4215,0,0,-1
2020/11/25,604.98,606,553.83,569.5,1219440.027,579.086,569.8120161,579.086,625.6453275,532.5266725,62.24910651,14.67734398,-0.0772,0.3,0,-1
2020/11/26,569.38,577.14,481,519.83,2683460.742,572.582,553.1513441,572.582,637.6644921,507.4995079,40.79880281,-116.4712858,0,0,0,0
2020/11/27,519.83,530.62,493.72,518.68,1088064.281,564.312,541.6608961,564.312,642.800582,485.823418,40.395945,-94.88418086,0,0,0,0
2020/11/28,518.59,547.94,506.59,537.52,900508.6143,550.1,540.2805974,550.1,616.1231632,484.0768368,50.42116205,-40.95673512,0,0,0,0
2020/11/29,537.5,576.9,530.32,576.3,855276.4666,544.366,552.2870649,544.366,593.029349,495.702651,65.3964589,59.8401582,0,0,0,0
2020/11/30,576.32,616.85,570.07,616.66,1501989.454,553.798,573.7447099,553.798,629.2170601,478.3789399,75.15801021,131.6563951,0,0,0,-1
2020/12/1,616.65,635.7,560,585.26,2163875.814,566.884,577.58314,566.884,636.6829038,497.0850962,58.97805699,73.93308633,0.31245,0.252840909,0,-1
2020/12/2,585.26,604.93,575,596.89,1069538.656,582.526,584.01876,582.526,635.0101486,530.0418514,62.69611476,45.97604937,-0.296,0.38,0,-1
2020/12/3,596.88,623.44,585.82,615.85,935687.9172,598.192,594.6291733,598.192,630.4542191,565.9297809,68.51197498,94.15180117,0,0.125,0,0
2020/12/4,615.84,620,565.82,567.24,1052452.787,596.38,585.4994489,596.38,633.9396954,558.8203046,45.6856147,-109.8314359,0,0,0,0
2020/12/5,567.24,597.11,560.88,596.8,701567.9556,592.408,589.2662993,592.408,624.3257378,560.4902622,56.66136526,-78.21352513,0,0,0,0
2020/12/6,596.82,607.5,583,601.54,602496.9634,595.664,593.3575328,595.664,627.3211549,564.0068451,58.34844087,34.49009252,0,0,0,0
2020/12/7,601.59,603.15,584.22,591.28,498329.3759,594.542,592.6650219,594.542,626.3431482,562.7408518,52.78841311,-6.224935656,0,0,0,0
2020/12/8,591.27,595,549.22,554.94,804443.0072,582.36,580.0900146,582.36,618.5420198,546.1779802,37.12562549,-157.6357434,0,0,0,0
2020/12/9,554.92,578.08,530.43,573.09,997192.1674,583.53,577.7566764,583.53,618.0193862,549.0406138,46.95215032,-97.71696679,0,0,0,0
2020/12/10,573.2,575.7,548.11,558.99,608414.5147,575.968,571.5011176,575.968,612.0467658,539.8892342,40.76530238,-62.75465139,0,0,0,0
2020/12/11,558.99,560.8,535.5,544.43,768921.7832,564.546,562.4774117,564.546,596.9867709,532.1052291,34.83960517,-109.9991335,-0.296,0,-1,1
2020/12/12,544.46,574,543.1,568.04,573913.9531,559.898,564.3316078,559.898,579.9974782,539.7985218,49.66914622,32.53848638,0,0,0,0
2020/12/13,568.09,595,563.22,590.7,657794.4616,567.05,573.1210719,567.05,597.6886971,536.4113029,60.46388087,166.6666667,0,0,0,0
2020/12/14,590.81,591.48,575.6,586.29,493012.0271,569.69,577.5107146,569.69,604.0092098,535.3707902,57.46558686,87.12097999,0,0,0,0
2020/12/15,586.29,597.2,578.58,588.64,569270.5201,575.62,581.2204764,575.62,610.7318009,540.5081991,58.82560503,68.82447839,0,0,0,1
2020/12/16,588.78,640,580.71,637.18,1185588.051,594.17,599.8736509,594.17,640.103458,548.236542,77.44555084,162.4802704,0,0.1875,1,-1
2020/12/17,637.18,676.25,625.76,642.7,2006130.02,609.102,614.1491006,609.102,659.6582188,558.5457812,78.80785894,124.7055056,0,0,0,-1
2020/12/18,642.71,664.61,629.4,653.85,1000012.98,621.732,627.3827337,621.732,678.7308034,564.7331966,81.61213198,82.85402705,0,0,0,0
2020/12/19,653.76,669.95,645.42,658.03,858803.8846,636.08,637.5984892,636.08,685.8246552,586.3353448,82.6857751,72.97025468,0,0,0,0
2020/12/20,658.05,661.39,621.01,638.18,823958.2284,645.988,637.7923261,645.988,662.8682246,629.1077754,61.40357711,-17.45979707,0,0,0,0
2020/12/21,638.1,648,595.9,607.58,843251.1657,640.068,627.7215507,640.068,675.6043372,604.5316628,41.04595745,-152.5840228,0,-0.2,0,-1
2020/12/22,607.68,637.73,588,636.45,918851.2565,638.818,630.6310338,638.818,674.3357598,603.3002402,57.61728957,-75.11823598,0.25,0,1,-1
2020/12/23,636.41,638.44,551.28,585.56,1208807.365,625.16,615.6073559,625.16,676.1865641,574.1334359,35.58039869,-119.9045536,0,0,0,0
2020/12/24,585.48,615.02,565.43,612.31,886335.8633,616.016,614.5082373,616.016,655.2206907,576.8113093,48.51801171,-70.42785929,0,0,0,0
2020/12/25,612.31,634.24,604.28,626.82,798009.6291,613.744,618.6121582,613.744,648.6258958,578.8621042,54.68823327,65.97191622,0,0,0,0
2020/12/26,626.78,652.91,615.26,637.44,958585.5065,619.716,624.8881054,619.716,658.3539598,581.0780402,59.16574936,96.91535916,0,0,0,0
2020/12/27,637.44,717.13,625,685.11,1859968.15,629.448,644.9620703,629.448,695.1071458,563.7888542,73.73061997,137.7223766,0,0,0,0
2020/12/28,685.1,748.09,681.04,730.41,1627154.393,658.418,673.4447135,658.418,745.4111891,571.4248109,81.54834549,121.8037294,0,0,0,-1
2020/12/29,730.4,740.78,689.2,732,1106876.359,682.356,692.9631424,682.356,771.273906,593.438094,81.78616145,83.07514907,0,0,0,0
2020/12/30,732,758.74,716.62,752.17,1008574.099,707.426,712.6987616,707.426,790.0345483,624.8174517,84.87691797,84.09962423,0,0,0,1
2020/12/31,752.17,755.74,722,736.42,863375.5798,727.222,720.605841,727.222,772.0632228,682.3807772,72.81613251,71.4176538,0,0,0,0
2021/1/1,736.42,749,714.29,728.91,675114.0933,735.982,723.373894,735.982,752.9327494,719.0312506,67.1305425,3.072576567,0,0,0,0
2021/1/2,728.91,787.69,714.91,774.56,1352618.577,744.812,740.4359294,744.812,778.5940104,711.0299896,79.36992656,138.1285496,0,0,0,0
2021/1/3,774.44,1011.07,768.71,978.28,2813603.886,794.068,819.7172862,794.068,980.9132242,607.2227758,93.29574209,166.6666667,0,0,0,0
2021/1/4,978.33,1162.97,890,1041.43,4245010.94,851.92,893.6215242,851.92,1114.731217,589.1087835,94.68573548,116.777318,0.296,0,1,-1
2021/1/5,1041.45,1134.6,974.45,1099.56,2706995.675,924.548,962.2676828,924.548,1218.416484,630.6795164,95.70932269,88.83425328,0.2957,-0.045,-0.5,0
2021/1/6,1100.16,1213,1057.26,1208.42,2390136.593,1020.45,1044.318455,1020.45,1309.270324,731.6296761,97.0427043,96.33063539,0.259,0.166477273,0,-1
2021/1/7,1208.75,1289,1131,1224.87,1972922.821,1110.512,1104.502303,1110.512,1300.335707,920.6882934,97.20667193,104.6495162,-0.148,-0.038888889,0,1
2021/1/8,1224.86,1273.75,1065,1216.93,2131172.923,1158.242,1141.978202,1158.242,1306.539064,1009.944936,94.06012967,54.17314777,0.5267,0,1,-1
2021/1/9,1216.72,1304.37,1171.36,1276,1448871.115,1205.156,1186.652135,1205.156,1320.766761,1089.545239,95.43444783,101.2179658,0,0,0,0
2021/1/10,1276,1348.33,1170,1254.25,1951179.35,1236.094,1209.184757,1236.094,1286.541728,1185.646272,86.24964302,88.96228655,0,0,0,0
2021/1/11,1254.24,1260,915,1087.01,4099450.9,1211.812,1168.459838,1211.812,1343.549095,1080.074905,44.80431809,-148.2371412,0.4404,0.266666667,1,-1
2021/1/12,1087,1150.02,1006.33,1050.16,2302645.341,1176.87,1129.026558,1176.87,1359.187237,994.5527631,39.56753501,-91.72893023,0,0,0,0
2021/1/13,1050.36,1137.65,987.48,1129.89,1564202.391,1159.462,1129.314372,1159.462,1339.765285,979.1587153,54.08253148,-51.86589248,0,0,0,0
2021/1/14,1129.79,1247.55,1086.7,1231.62,1555737.386,1150.586,1163.416248,1150.586,1310.25653,990.9154699,66.80045164,49.79746418,0,0,1,-1
2021/1/15,1231.89,1256.98,1069.42,1168.53,1944038.837,1133.442,1165.120832,1133.442,1259.852526,1007.031474,54.99275626,66.29997157,0.34,0,0,-1
2021/1/16,1168.48,1298,1151.77,1227.83,1575384.438,1161.606,1186.023888,1161.606,1296.547871,1026.664129,62.73240554,94.64234788,0,0,0,0
2021/1/17,1227.83,1269.02,1165,1232.45,1317285.006,1198.064,1201.499259,1198.064,1281.559477,1114.568523,63.34624477,71.38504784,0,0,0,0
2021/1/18,1232.5,1260.75,1182.58,1258.45,998050.1107,1223.776,1220.482839,1223.776,1283.156861,1164.395139,67.15225711,73.72887569,0,0,0,1
2021/1/19,1258.52,1438.3,1251.49,1365.36,2278852.558,1250.524,1268.775226,1250.524,1379.566106,1121.481894,78.58284369,166.6666667,0,0.1,0,-1
2021/1/20,1365.36,1407.93,1235.42,1376.99,2219137.621,1292.216,1304.846817,1292.216,1423.042145,1161.389855,79.55049137,76.53908071,-0.1298,0.166666667,0,-1
2021/1/21,1376.72,1390,1086,1110.96,2310208.573,1268.842,1240.217878,1268.842,1463.512617,1074.171383,34.7099722,-78.86271885,0,0,0,0
2021/1/22,1111.98,1273.79,1042.31,1232.62,2020593.217,1268.876,1237.685252,1268.876,1463.521239,1074.230761,50.62097319,-76.3816765,-0.03065,-0.05,-1,1
2021/1/23,1232.61,1272.44,1195.9,1233.6,1009545.083,1263.906,1236.323501,1263.906,1460.620314,1067.191686,50.74184279,-26.35395476,0,0,0,0
2021/1/24,1233.46,1398.83,1220,1392.51,1510879.538,1269.336,1288.385668,1269.336,1478.083315,1060.588685,67.07664323,81.78361848,0,0,0,0
2021/1/25,1392.19,1475,1293.69,1317.88,1885441.313,1257.514,1298.217112,1257.514,1446.273401,1068.754599,56.14640024,95.30429115,0.6808,0,1,-1
2021/1/26,1317.6,1378.49,1244.56,1365.97,1682923.658,1308.516,1320.801408,1308.516,1440.625798,1176.406202,61.23449603,41.80705347,0.6249,0.366666667,0,-1
2021/1/27,1366.54,1373.9,1207,1239.03,2009772.084,1309.798,1293.544272,1309.798,1439.029985,1180.566015,44.28207519,-52.76439194,0,0,0,0
2021/1/28,1238.93,1360,1217.23,1329.69,1365269.72,1329.016,1305.592848,1329.016,1433.396194,1224.635806,55.32384318,-46.84338223,0,0.05,-1,1
2021/1/29,1329.44,1436.9,1285.35,1379.5,2253963.187,1326.414,1330.228565,1326.414,1424.810444,1228.017556,60.67581975,85.81673239,0,0,0,-1
2021/1/30,1379.56,1406,1326.41,1378.05,1040042.236,1338.448,1346.169044,1338.448,1444.170985,1232.725015,60.41247389,85.14265917,0,0,0,0
2021/1/31,1378.04,1380.74,1281.12,1312.55,958704.8557,1327.764,1334.962696,1327.764,1430.969401,1224.558599,48.52125939,-5.593774731,0,0,0,0
2021/2/1,1312.45,1377.99,1269.99,1374.17,1096397.919,1354.792,1348.031797,1354.792,1410.944818,1298.639182,58.1972394,-0.992362425,0.5106,0.5,0,-1
2021/2/2,1374.09,1547.9,1360.28,1511.87,1944227.999,1391.228,1402.644531,1391.228,1521.908988,1260.547012,72.58900569,166.6666667,0.26335,0.136363636,0.5,-1
2021/2/3,1511.93,1669.35,1508.39,1664.49,1535869.888,1448.226,1489.926354,1448.226,1700.634582,1195.817418,81.44113942,132.5687603,0.2202,0.206060606,1,-1
2021/2/4,1664.67,1695.2,1554.44,1595.67,1646502.33,1491.75,1525.174236,1491.75,1755.539287,1227.960713,68.89954474,83.63676487,0,-0.2,0,-1
2021/2/5,1595.53,1760.49,1591,1719.19,1194123.299,1573.078,1589.846157,1573.078,1815.608131,1330.547869,76.88548877,85.64288851,0.6597,0.3,1,-1
2021/2/6,1718.95,1743.67,1642.94,1676.35,1149808.331,1633.514,1618.680772,1633.514,1778.742767,1488.285233,69.18379752,81.86167309,0,0,0,0
2021/2/7,1676.35,1693,1490.46,1611.62,1281734.868,1653.464,1616.327181,1653.464,1743.158216,1563.769784,58.17703776,-74.39680152,0,0,0,0
2021/2/8,1611.46,1775.57,1563.89,1750.15,1339777.095,1670.596,1660.934787,1670.596,1789.979075,1551.212925,70.66293979,63.85612731,0,0.136363636,0,-1
2021/2/9,1749.68,1821.88,1708.49,1769.13,1185071.896,1705.288,1696.999858,1705.288,1818.045324,1592.530676,72.08995329,146.1297004,0.34,0,-1,-1
2021/2/10,1769.14,1837.86,1680,1740.78,1219932.255,1709.606,1711.593239,1709.606,1825.76437,1593.44763,66.08789412,73.76399568,0.0772,-0.6,-1,1
2021/2/11,1740.76,1819,1703.44,1785.62,735079.827,1731.46,1736.268826,1731.46,1855.234435,1607.685565,70.88107123,63.30483289,-0.0772,0.4,0,1
2021/2/12,1785.83,1864.88,1739.88,1840.26,909600.2065,1777.188,1770.932551,1777.188,1847.448675,1706.927325,76.03952204,129.5520915,0.5267,0,1,-1
2021/2/13,1840.24,1871.72,1765,1814.96,767589.0729,1790.15,1785.608367,1790.15,1859.583746,1720.716254,68.96802251,86.23090042,0,0,0,0
2021/2/14,1815.25,1850,1784.11,1800.42,675261.7787,1796.408,1790.545578,1796.408,1862.705065,1730.110935,64.6489778,47.57748313,0,0,0,0
2021/2/15,1800.03,1835.72,1655.67,1779.25,1053474.579,1804.102,1786.780385,1804.102,1847.902096,1760.301904,58.03454001,-100.1644429,-0.4019,0,-1,1
2021/2/16,1779.33,1827.28,1724,1781.99,817493.4751,1803.376,1785.18359,1803.376,1848.478384,1758.273616,58.71787404,-52.65869704,0.34,-0.25,1,-1
2021/2/17,1781.99,1855,1733.01,1849.88,795711.6331,1805.3,1806.74906,1805.3,1856.886549,1753.713451,72.55761942,52.09192599,0,0,0,-1
2021/2/18,1849.7,1950.5,1849.69,1939.61,937227.1019,1830.23,1851.03604,1830.23,1950.778085,1709.681915,82.33933413,166.6666667,0.1366,0.1875,0.5,-1
2021/2/19,1938.91,1972.82,1891,1955,793404.4115,1861.146,1885.690693,1861.146,2010.985174,1711.306826,83.59313825,96.03460558,0,0,0,0
2021/2/20,1955.46,2042.34,1803.14,1913,1261315.813,1887.896,1894.793796,1887.896,2015.860972,1759.931028,67.29535944,50.56907626,0,0,0,-1
2021/2/21,1912.9,1976.31,1883.01,1933.53,756568.1974,1918.204,1907.705864,1918.204,1991.646763,1844.761237,70.77662986,51.09112013,0,0,0,0
2021/2/22,1933.54,1936.29,1551,1777.58,1807244.981,1903.744,1864.330576,1903.744,2032.75185,1774.73615,35.19948337,-166.6666667,0.5267,0,0,-1
2021/2/23,1777.42,1782.39,1355,1577.89,2547837.821,1831.4,1768.850384,1831.4,2113.577206,1549.222794,19.50577869,-131.0422895,-0.01005,-0.0625,0,0
2021/2/24,1577.79,1712.7,1500.2,1623.39,1384388.817,1765.078,1720.363589,1765.078,2055.633511,1474.522489,28.57563983,-72.57093883,0.2263,0,1,-1
2021/2/25,1623.16,1671.59,1459.16,1481.75,1032670.794,1678.828,1640.825726,1678.828,1997.232342,1360.423658,19.86557191,-74.27867515,0.27115,0.125,0,-1
2021/2/26,1482.08,1562.25,1400,1444.59,1355973.294,1581.04,1575.413817,1581.04,1815.83101,1346.24899,18.06027085,-105.9413929,0.1531,0.045454545,0,-1
2021/2/27,1444.56,1529,1425,1458.13,927423.0475,1517.15,1536.319212,1517.15,1658.508436,1375.791564,21.3170058,-82.15540937,0,0,0,0
2021/2/28,1458.27,1468.75,1293.18,1419.18,1410207.563,1485.408,1497.272808,1485.408,1629.209974,1341.606026,18.65138811,-109.6321301,0,0,0,0
2021/3/1,1418.67,1572,1409.91,1569.86,1094695.178,1474.702,1521.468539,1474.702,1578.118732,1371.285268,49.30558472,66.38082158,0,0,1,-1
2021/3/2,1570,1602.9,1455.52,1486.78,1061142.387,1475.708,1509.905692,1475.708,1579.476662,1371.939338,39.14038763,81.21247337,-0.0258,0.1,-1,1
2021/3/3,1486.79,1656.94,1475.47,1567.69,1054846.315,1500.328,1529.167128,1500.328,1620.066233,1380.589767,51.35036823,101.97841,0,0,1,-1
2021/3/4,1567.68,1624.87,1506.36,1539.23,946365.6709,1516.548,1532.521419,1516.548,1630.876677,1402.219323,47.18782762,67.28090154,0.1779,0,-1,1
2021/3/5,1539.22,1548.96,1441.66,1528.31,910786.2898,1538.374,1531.117613,1538.374,1599.134209,1477.613791,45.42188013,-74.21655983,0.20845,0.265625,-0.5,-1
2021/3/6,1528.08,1671.58,1513.03,1650.35,1013300.939,1554.472,1570.861742,1554.472,1663.52715,1445.41685,64.15941526,123.7913538,0,0,0,0
2021/3/7,1650.68,1734.16,1630.35,1726.16,848470.7814,1602.348,1622.627828,1602.348,1752.814708,1451.881292,71.70287413,136.6619784,0,0,0,0
2021/3/8,1726.46,1843.59,1664.96,1833.18,1149711.4,1655.446,1692.811885,1655.446,1885.725022,1425.166978,79.36627496,115.5353753,0,0,0,0
2021/3/9,1833.22,1870.77,1798.2,1870.51,857229.4786,1721.702,1752.04459,1721.702,1970.02858,1473.37542,81.54542135,101.8192949,0.34,0,1,-1
2021/3/10,1870.5,1877.69,1757,1795.12,937230.6283,1775.064,1766.40306,1775.064,1932.124076,1618.003924,64.38090376,53.44767997,0.2787,0.119318182,0.5,-1
2021/3/11,1795.28,1846.7,1725,1825.78,909011.4961,1810.15,1786.195373,1810.15,1906.889768,1713.410232,67.82388064,21.84139317,0,0.25,0,1
2021/3/12,1825.78,1841.88,1719.72,1766.1,869564.6361,1818.138,1779.496916,1818.138,1888.935006,1747.340994,54.90969758,-85.63184979,-0.3182,0,0,1
2021/3/13,1766.13,1944.3,1727.75,1922.35,926283.2264,1835.972,1827.11461,1835.972,1946.638676,1725.305324,72.22032204,104.2952934,0,0,0,0
2021/3/14,1922.35,1933.1,1836,1848.1,637963.6363,1831.49,1834.10974,1831.49,1937.933092,1725.046908,58.80929584,90.5041188,0,0,0,0
2021/3/15,1848.1,1891.76,1730,1793.48,1025326.797,1831.162,1820.566494,1831.162,1938.060494,1724.263506,50.23203506,-33.95225856,0.2787,0.163636364,1,-1
2021/3/16,1793.99,1819.5,1711.68,1805.12,764993.4015,1827.03,1815.417662,1827.03,1936.017936,1718.042064,52.09330822,-68.79041581,-0.4019,0.16,0,-1
2021/3/17,1805.01,1838.88,1741.18,1823.58,658349.4484,1838.526,1818.138442,1838.526,1930.119058,1746.932942,55.39992985,-43.86508008,0,0,0,0
2021/3/18,1823.58,1850,1759.04,1776.08,603721.6106,1809.272,1804.118961,1809.272,1858.916075,1759.627925,45.33532022,-41.62627894,0.34,0,1,-1
2021/3/19,1775.92,1840.61,1733.47,1809.1,500258.4288,1801.472,1805.779307,1801.472,1833.332743,1769.611257,52.78831316,-5.062242881,0,0,0,-1
2021/3/20,1809.01,1868.83,1800.86,1806.1,451556.1064,1803.996,1805.886205,1803.996,1834.909778,1773.082222,51.9834114,153.3943928,0,0,0,0
2021/3/21,1806.57,1817.16,1747,1782.98,465953.9875,1799.568,1798.250803,1799.568,1834.633083,1764.502917,45.32568349,-106.0234162,0,0,0,0
2021/3/22,1783.23,1807.51,1655.15,1680.97,582727.4908,1771.046,1759.157202,1771.046,1864.676496,1677.415504,26.56278817,-166.6666667,0,0,1,-1
2021/3/23,1681.17,1721.17,1650,1668.08,577213.9959,1749.446,1728.798135,1749.446,1873.388545,1625.503455,24.93258059,-106.671031,0,0.16,-1,-1
2021/3/24,1668.2,1740.86,1536.92,1581.84,753834.5239,1703.994,1679.81209,1703.994,1867.471076,1540.516924,16.47610186,-109.5824996,0.0416,0.333333333,0.333333333,-0.333333333
2021/3/25,1581.88,1622,1549.4,1585.74,701697.0026,1659.922,1648.454727,1659.922,1807.577303,1512.266697,18.04737281,-102.6566988,-0.25,0,-1,1
2021/3/26,1585.83,1699.93,1585.79,1698.84,515470.9291,1643.094,1665.249818,1643.094,1741.919268,1544.268732,51.27503897,15.55974673,-0.3506,0,-1,1
2021/3/27,1698.84,1732.67,1666.41,1712.63,443845.4996,1649.426,1681.043212,1649.426,1760.451167,1538.400833,54.11073536,94.58200775,0,0,0,0
2021/3/28,1712.52,1725.66,1661.4,1687.01,348895.5131,1653.212,1683.032141,1653.212,1767.758588,1538.665412,47.66813408,65.22298264,0,0,0,0
2021/3/29,1687.16,1841,1677.85,1816.74,647724.4639,1700.192,1727.601427,1700.192,1847.196744,1553.187256,70.15771013,129.7359947,0.5267,0,1,-1
2021/3/30,1816.76,1859.13,1786.3,1840.46,568842.0053,1751.136,1765.220952,1751.136,1879.54905,1622.72295,72.82667083,112.8211286,0,0,0,-1
2021/3/31,1840.41,1947.29,1768.15,1919.37,746995.8591,1795.242,1816.603968,1795.242,1966.013193,1624.470807,80.19306163,108.4093341,0.0258,0,1,-1
2021/4/1,1919.37,1984.77,1885.02,1968.05,741585.0727,1846.326,1867.085979,1846.326,2039.081778,1653.570222,83.61770392,112.9050259,0,0,0,0
2021/4/2,1968.05,2146,1948.48,2133.69,846197.9322,1935.662,1955.953986,1935.662,2161.46787,1709.85613,90.55992072,132.8356846,-0.1405,0.032828283,-0.333333333,-0.333333333
2021/4/3,2133.69,2138.12,1996.3,2008.52,770176.3219,1974.018,1973.47599,1974.018,2169.04681,1778.98919,64.67252927,72.22265676,0,0,0,0
2021/4/4,2008.59,2091.83,1975.24,2075.69,514345.7655,2021.064,2007.547327,2021.064,2173.321996,1868.806004,70.35666487,46.44562717,0,0,0,0
2021/4/5,2075.7,2130.64,2002.15,2107.38,684923.6149,2058.666,2040.824885,2058.666,2182.010564,1935.321436,72.9256783,72.35791485,0,0,0,0
2021/4/6,2107.43,2151,2044.65,2112.21,673386.0557,2087.498,2064.619923,2087.498,2174.752254,2000.243746,73.36544233,114.4350161,0,0,0,0
2021/4/7,2112.22,2129.01,1930.01,1963.47,892984.9042,2053.454,2030.903282,2053.454,2169.973201,1936.934799,45.14105663,-120.6193057,-0.25,0,-1,-1
2021/4/8,1963.46,2084.61,1947.35,2080.46,501355.998,2067.842,2047.422188,2067.842,2176.086509,1959.597491,60.19628991,-40.35208573,0,0,0,-1
2021/4/9,2080.39,2100,2047.57,2066.87,426387.4379,2066.078,2053.904792,2066.078,2174.04054,1958.11546,57.88943597,26.01000408,-0.128,-0.25,0,-1
2021/4/10,2067.19,2200,2058,2133.49,655458.2089,2071.3,2080.433195,2071.3,2188.848504,1953.751496,65.89756328,106.4471542,0,0,0,0
2021/4/11,2133.49,2165.02,2113.4,2151.36,392265.5077,2079.13,2104.075463,2079.13,2210.89189,1947.36811,67.94170176,92.37195793,0,0,0,0
2021/4/12,2151.42,2203.46,2102,2137.69,579093.3569,2113.974,2115.280309,2113.974,2181.401062,2046.546938,64.25862873,67.22277481,-0.1531,0,0,-1
2021/4/13,2137.86,2318,2135.53,2299.19,782608.6209,2157.72,2176.583539,2157.72,2310.811415,2004.628585,80.14973726,166.6666667,0,0,-1,1
2021/4/14,2299.19,2447.29,2281.33,2432.6,972931.6087,2230.866,2261.922359,2230.866,2467.255225,1994.476775,86.3955587,136.3085568,0,0,0,0
2021/4/15,2432.59,2543.47,2400,2514.04,681950.9665,2306.976,2345.961573,2306.976,2605.762346,2008.189654,89.02951481,110.1426961,-0.2732,0,-1,1
2021/4/16,2514.04,2548.29,2300,2422.67,999163.7521,2361.238,2371.531049,2361.238,2623.594307,2098.881693,70.01811447,50.46555512,-0.148,0.125,0.5,-1
2021/4/17,2422.38,2495,2310,2317.6,624232.2557,2397.22,2353.554032,2397.22,2555.953953,2238.486047,53.57374496,-11.76500636,0,0,0,0
2021/4/18,2317.65,2340,1946.8,2235.64,1475383.692,2384.51,2314.249355,2384.51,2578.800668,2190.219332,43.59124496,-166.6666667,0,0,0,0
2021/4/19,2235.65,2300,2080,2161.12,820592.2656,2330.214,2263.206237,2330.214,2583.253516,2077.174484,35.97314553,-81.6080973,0.06005,0.227272727,0.5,-1
2021/4/20,2161.12,2346.62,2055,2330.03,992240.809,2293.412,2285.480824,2293.412,2471.113649,2115.710351,57.17707076,-24.62774284,0,0.5,0,-1
2021/4/21,2330.26,2469.54,2235.16,2357.06,1177885.862,2280.29,2309.34055,2280.29,2424.386767,2136.193233,59.83763687,74.77683343,0,0,1,-1
2021/4/22,2357.06,2644.47,2303.44,2397.94,2220753.097,2296.358,2338.8737,2296.358,2468.668026,2124.047974,64.05908681,115.9207432,0.5267,0.136363636,1,-1
2021/4/23,2397.94,2442.89,2107,2367.39,2532242.442,2322.708,2348.379133,2322.708,2490.041651,2155.374349,58.33168986,-0.660163528,0,0,1,-1
2021/4/24,2367.39,2368.74,2154.8,2213.35,997688.9462,2333.154,2303.369422,2333.154,2460.601508,2205.706492,37.30794192,-75.40419143,0,0,0,0
2021/4/25,2214.08,2356.64,2168,2320.49,857517.3822,2331.246,2309.076281,2331.246,2459.108424,2203.383576,52.26564182,-51.04837779,0,0,0,0
2021/4/26,2320.44,2542.8,2303.64,2532.6,1076469.014,2366.354,2383.584188,2366.354,2574.488979,2158.219021,69.98659484,87.68750899,0,0,-0.5,0
2021/4/27,2532.06,2680,2480.29,2666.13,771728.4645,2419.992,2477.766125,2419.992,2740.782288,2099.201712,76.77223866,123.7008548,0.26335,0.159090909,0.5,-1
2021/4/28,2666.13,2760,2559.44,2748.24,999383.1852,2496.162,2567.924083,2496.162,2900.739257,2091.584743,80.21116742,100.089307,0.2202,0.468181818,0.5,-1
2021/4/29,2748.23,2798,2668,2757.04,863890.0107,2604.9,2630.962722,2604.9,2931.774149,2278.025851,80.59602771,83.12371781,-0.042666667,0.231060606,0.333333333,-1
2021/4/30,2757.04,2798.3,2723.09,2772.42,695339.2048,2695.286,2678.115148,2695.286,2873.912187,2516.659813,81.38686324,78.76964245,0.34,0.25,1,-1
2021/5/1,2772.42,2954.28,2743.41,2944.77,690260.0774,2777.72,2767.000099,2777.72,2960.329646,2595.110354,88.15129559,136.4838108,0,0,0,0
2021/5/2,2944.83,2985,2852.26,2949.56,571982.5445,2834.406,2827.853399,2834.406,3019.215086,2649.596914,88.29902538,102.619721,0,0,0,0
2021/5/3,2949.33,3454,2949.32,3431.04,1329088.063,2970.966,3028.915599,2970.966,3459.226078,2482.705922,95.44100796,162.0495276,0.271025,0.056818182,0.75,-1
2021/5/4,3431.04,3527,3160,3239.01,1826039.386,3067.36,3098.947066,3067.36,3538.631995,2596.088005,73.17429388,88.20733987,0,0,0,-1
2021/5/5,3239.01,3549.34,3200.23,3524.26,1174816.736,3217.728,3240.718044,3217.728,3696.340115,2739.115885,81.28264018,83.66300112,0,0,0,0
2021/5/6,3524.33,3605.4,3376.47,3489.73,920592.5771,3326.72,3323.722029,3326.72,3752.320455,2901.119545,77.72765629,93.24054844,-0.128,0,1,-1
2021/5/7,3489.74,3587,3353.23,3479.53,760544.6478,3432.714,3375.65802,3432.714,3635.390637,3230.037363,76.49235898,64.1268238,0.4404,0.525,1,-1
2021/5/8,3479.79,3958.33,3449.27,3910.26,1130467.549,3528.558,3553.85868,3528.558,3960.728607,3096.387393,87.2164751,166.6666667,0,0,0,0
2021/5/9,3910.26,3983.65,3726.08,3923.95,1000401.008,3665.546,3677.222453,3665.546,4077.499901,3253.592099,87.4440428,103.5029878,0,0,0,0
2021/5/10,3923.95,4208,3650,3945.88,1505897.926,3749.87,3766.774969,3749.87,4183.648979,3316.091021,87.87620212,82.21779517,0,-0.25,0,-1
2021/5/11,3946.63,4180.22,3771.64,4173.45,1095927.104,3886.614,3902.333313,3886.614,4336.909763,3436.318237,91.61828463,93.75183216,-0.4019,0,0,-1
2021/5/12,4173.46,4372.72,3701.58,3823.21,1601842.74,3955.35,3875.958875,3955.35,4188.823491,3721.876509,57.4844145,42.23923757,0,0,0,0
2021/5/13,3810.15,4034.77,3500,3717.91,2068708.174,3916.88,3823.275917,3916.88,4220.303505,3613.456495,50.42424083,-136.3503789,0,0.03125,0.5,-1
2021/5/14,3717.92,4173.28,3691.35,4075.01,1153390.426,3947.092,3907.187278,3947.092,4276.301437,3617.882563,67.39807636,41.07847478,0,0,0,0
2021/5/15,4075.02,4134.05,3632,3646.68,1039174.881,3887.252,3820.351519,3887.252,4294.992447,3479.511553,44.5358327,-66.35884565,0,0,0,0
2021/5/16,3646.24,3879,3343.06,3582.1,1324065.659,3768.982,3740.934346,3768.982,4114.333789,3423.630211,41.85976153,-119.7760723,0,0,0,0
2021/5/17,3581.81,3587.06,3102,3282.51,1904012.44,3660.842,3588.12623,3660.842,4170.216405,3151.467595,31.04311459,-133.7353435,-0.4019,0,1,-1
2021/5/18,3282.25,3565.71,3240,3375.07,1287110.841,3592.274,3517.107487,3592.274,4143.076238,3041.471762,37.3001479,-69.682023,0,0,0,0
2021/5/19,3375.08,3441.73,1888,2438.92,4309836.319,3265.056,3157.711658,3265.056,4132.725148,2397.386852,17.37187559,-162.6343018,-0.0471,0.03125,0,0
2021/5/20,2438.92,2990.05,2155,2768.62,2942777.93,3089.444,3028.014439,3089.444,3932.142589,2246.745411,33.10562457,-79.26870558,0.5267,0,1,-1
2021/5/21,2767.87,2938.54,2101,2430.98,2727031.935,2859.22,2829.002959,2859.22,3665.954452,2052.485548,26.61753167,-70.10616875,0,0,0,-1
2021/5/22,2430.98,2485,2145,2294.87,1684318.012,2661.692,2650.958639,2661.692,3440.283312,1883.100688,24.22516285,-88.20922194,0,0,0,0
2021/5/23,2295.45,2381.57,1728.74,2096.39,2914548.731,2405.956,2466.102426,2405.956,2845.41859,1966.49341,20.81501092,-126.632248,0,0,0,0
2021/5/24,2096.63,2675,2079.94,2648.43,2186632.922,2447.858,2526.878284,2447.858,2929.801846,1965.914154,46.83457924,29.60213535,0.1868,0,0.5,-1
2021/5/25,2647.92,2750,2378.54,2705.11,2115349.504,2435.156,2586.288856,2435.156,2884.885665,1985.426335,48.98595511,92.16321699,0.0258,0,0,-1
2021/5/26,2705.1,2910,2643,2884.94,1583799.593,2525.948,2685.839237,2525.948,3101.373572,1950.522428,56.04068332,112.7808065,0,0,0,0
2021/5/27,2884.82,2889.74,2633.68,2742.23,1099029.912,2615.42,2704.636158,2615.42,3157.451662,2073.388338,49.28037086,64.30607764,0,0,0,1
2021/5/28,2742.23,2762.45,2327.38,2412.1,1554584.614,2678.562,2607.124106,2678.562,2987.444145,2369.679855,36.53585764,-69.5353708,0,0,0,-1
2021/5/29,2412.34,2574.27,2204.1,2278.74,1379427.189,2604.624,2497.662737,2604.624,3052.620232,2156.627768,32.31583076,-117.6726523,0,0,0,0
2021/5/30,2278.74,2476.42,2180.53,2385.98,1151113.199,2540.798,2460.435158,2540.798,3004.016955,2077.579045,39.35660834,-74.58583267,0,0,0,0
2021/5/31,2385.82,2720,2271.44,2706.15,1307958.041,2505.04,2542.340105,2505.04,2874.611801,2135.468199,56.3154232,32.8205763,0,0,0,-1
2021/6/1,2706.15,2740,2523.74,2634.57,1179577.108,2483.508,2573.083404,2483.508,2804.668315,2162.347685,52.23334843,98.13273641,0.34,0,1,-1
2021/6/2,2634.31,2802.99,2550,2706.22,970070.5356,2542.332,2617.462269,2542.332,2895.749773,2188.914227,56.20534803,84.5259243,0.5267,0,1,-1
2021/6/3,2706.21,2891.95,2662.4,2857.25,1024290.894,2658.034,2697.391513,2658.034,2966.433731,2349.634269,64.07622919,108.7952508,0.23835,-0.1,0.5,-1
2021/6/4,2857.25,2860,2552,2689.51,1188314.112,2718.74,2694.764342,2718.74,2866.900077,2570.579923,51.28113862,23.99509534,-0.25,0,0,1
2021/6/5,2689.54,2816.87,2552.23,2627.73,961824.1241,2703.056,2672.419561,2703.056,2868.787429,2537.324571,46.96366513,-49.3991075,0,0,0,0
2021/6/6,2627.63,2745,2614,2711.92,673792.6937,2718.526,2685.586374,2718.526,2869.589608,2567.462392,53.61584907,-33.55478291,0,0,0,0
2021/6/7,2711.92,2847.55,2570,2592.05,1152128.079,2695.692,2654.407583,2695.692,2878.477229,2512.906771,43.83140516,-61.60649795,0.4404,0.8,1,-1
2021/6/8,2592.05,2620.99,2304.91,2507.23,1693747.428,2625.688,2605.348389,2625.688,2771.77616,2479.59984,37.73969633,-166.6666667,-0.5399,0,-0.5,1
2021/6/9,2507.43,2626.63,2405.28,2610.18,1276718.24,2609.822,2606.958926,2609.822,2741.232163,2478.411837,48.58170007,-53.60800808,-0.34,0.25,1,-1
2021/6/10,2610.2,2624.46,2425.11,2471.09,741237.4993,2578.494,2561.669284,2578.494,2747.264713,2409.723287,37.54125317,-58.64318972,0,0,0,0
2021/6/11,2471.01,2497.99,2321.37,2354.01,587364.2736,2506.912,2492.449523,2506.912,2691.465726,2322.358274,30.29677423,-117.9919158,0,0.35,0,1
2021/6/12,2354.09,2454.53,2256.22,2370.74,767439.4984,2462.65,2451.879682,2462.65,2650.423925,2274.876075,32.61928245,-99.10609569,0,0,0,0
2021/6/13,2370.64,2548.41,2308.41,2509.33,715948.7599,2463.07,2471.029788,2463.07,2651.249856,2274.890144,49.90373705,3.415139702,0,0,0,0
2021/6/14,2509.33,2609.17,2461,2580.77,684183.5562,2457.188,2507.609859,2457.188,2627.607531,2286.768469,57.00951957,105.4479024,0.4019,-0.133333333,1,-1
2021/6/15,2580.58,2640,2507.7,2543.54,599826.6493,2471.678,2519.586572,2471.678,2656.10603,2287.24997,52.18744197,89.36369644,0.296,0,-1,-1
2021/6/16,2543.55,2556.19,2351.18,2367.89,624741.7836,2474.454,2469.021048,2474.454,2652.003503,2296.904497,34.81880318,-44.48207362,0.4404,0,0,-1
2021/6/17,2368.02,2460.5,2306,2373.28,560667.5857,2474.962,2437.107365,2474.962,2651.332239,2298.591761,35.64040931,-96.34588122,0.5574,0.3,0,-1
2021/6/18,2373.28,2378,2139,2234.09,778905.202,2419.914,2369.43491,2419.914,2673.795588,2166.032412,25.33286969,-124.194701,-0.3182,0,-1,1
2021/6/19,2234.09,2278.82,2161.67,2164.67,496872.25,2336.694,2301.17994,2336.694,2597.794488,2075.593512,21.46305284,-98.00682625,0,0,0,0
2021/6/20,2165.34,2280.01,2040.68,2243.47,743883.6474,2276.68,2281.943293,2276.68,2439.440871,2113.919129,35.4534668,-74.15376632,0,0,0,0
2021/6/21,2243.49,2260.16,1865.54,1885.49,1629819.666,2180.2,2149.792196,2180.2,2504.276875,1856.123125,17.62470944,-151.7614399,-0.2732,0,0,1
2021/6/22,1885.27,1998,1700.48,1879.28,1695338.081,2081.4,2059.621464,2081.4,2410.942758,1751.857242,17.43459414,-118.9259429,-0.4019,0,-1,1
2021/6/23,1879.29,2045,1821.95,1968.14,918612.3049,2028.21,2029.127643,2028.21,2326.358617,1730.061383,30.78823618,-50.71339462,0.2202,0,0.5,0
2021/6/24,1967.95,2036.61,1884.79,1989.52,701231.6748,1993.18,2015.925095,1993.18,2258.292546,1728.067454,33.99868396,-18.65188029,0,0,0,-1
2021/6/25,1989.53,2019.99,1791.22,1808.82,858808.5477,1906.25,1946.890063,1906.25,2037.139964,1775.360036,22.81704342,-74.16507464,0.0258,0,1,-1
2021/6/26,1808.97,1852.8,1717.32,1829.64,832315.149,1895.08,1907.806709,1895.08,2039.937167,1750.222833,26.30763088,-109.7084416,0,0,0,0
2021/6/27,1829.84,1984.5,1804.26,1982.28,696055.7931,1915.68,1932.631139,1915.68,2074.329043,1757.030957,47.90042837,26.86949608,0,0,0,0
2021/6/28,1982.27,2145,1960.52,2084.41,1044244.683,1938.934,1983.224093,1938.934,2147.693991,1730.174009,58.1551409,126.0598554,0.34,0,0,-1
2021/6/29,2084.42,2245,2073.57,2165.33,831257.2328,1974.096,2043.926062,1974.096,2252.649824,1695.542176,64.98163551,110.9216644,0,0,0,0
2021/6/30,2165.46,2287.78,2087.99,2275.68,910583.6032,2067.468,2121.177375,2067.468,2373.455441,1761.480559,72.60097366,89.56416305,0,0,0,-1
2021/7/1,2275.68,2275.93,2073.12,2106.41,787865.2514,2122.822,2116.254916,2122.822,2316.045989,1929.598011,51.22864208,36.6567537,0,0,0,0
2021/7/2,2106.41,2160,2018.5,2154.13,672282.3748,2157.192,2128.879944,2157.192,2289.829974,2024.554026,55.81257837,-46.49284773,0,0.05,0,-1
2021/7/3,2153.95,2240,2112.01,2226.99,569264.801,2185.708,2161.583296,2185.708,2304.028818,2067.387182,62.53332632,57.02316312,0,0,0,0
2021/7/4,2226.99,2389.93,2189.58,2322.69,590656.2507,2217.18,2215.285531,2217.18,2374.396136,2059.963864,70.01992352,137.5583662,0,0,0,0
2021/7/5,2322.69,2324.64,2157.32,2196.53,781806.3161,2201.35,2209.033687,2201.35,2347.356492,2055.343508,52.67526318,36.91022251,0.34,0,0,-1
2021/7/6,2196.85,2350,2193,2322.5,785330.1715,2244.568,2246.855791,2244.568,2380.132334,2109.003666,63.85138824,74.90803356,-0.5423,-0.05,1,-1
2021/7/7,2322.51,2409,2291.9,2316.57,666501.3557,2277.056,2270.093861,2277.056,2385.499594,2168.612406,62.9762485,96.84515566,0,0,0,-1
2021/7/8,2316.25,2325.6,2084.79,2116.33,880265.0412,2254.924,2218.839241,2254.924,2423.629974,2086.218026,39.89592945,-115.6846796,-0.25,0,-1,1
2021/7/9,2116.32,2189.4,2046.51,2146.99,738611.363,2219.784,2194.889494,2219.784,2390.571708,2048.996292,43.83557937,-104.9181256,-0.2732,0,0,1
2021/7/10,2146.99,2194.82,2074.16,2110.69,499071.859,2202.616,2166.822996,2202.616,2395.172699,2010.059301,39.95929157,-69.15163299,0,0,0,0
2021/7/11,2110.68,2174,2081.02,2140.45,342294.403,2166.206,2158.031997,2166.206,2319.076142,2013.335858,44.9481112,-50.6529371,0,0,0,0
2021/7/12,2140.54,2167.83,2006.68,2031.58,540630.1074,2109.208,2115.881331,2109.208,2191.58551,2026.83049,32.57205108,-166.6666667,-0.1381,-0.044444444,0,-0.333333333
2021/7/13,2031.57,2047.35,1918,1940.15,647388.2497,2073.972,2057.304221,2073.972,2230.954989,1916.989011,25.26841045,-146.5469815,0.4576,0.03125,0,-1
2021/7/14,1940.44,2019.18,1865,1994.58,690505.6094,2043.49,2036.396147,2043.49,2190.813517,1896.166483,35.95500036,-87.60269458,-0.431,0,-1,1
2021/7/15,1994.41,2042.88,1881,1919.51,645271.3256,2005.254,1997.434098,2005.254,2161.907797,1848.600203,28.84402883,-66.17687438,0,0.166666667,0,-1
2021/7/16,1919.54,1965,1850,1876.26,577068.8972,1952.416,1957.042732,1952.416,2062.244003,1842.587997,25.24797704,-118.1184168,0,0,0,-1
2021/7/17,1876.47,1919.19,1844.45,1899.59,430300.5158,1926.018,1937.891821,1926.018,2006.601438,1845.434562,31.04462322,-93.13268951,0,0,0,0
2021/7/18,1899.5,1993.79,1877.1,1891.64,534837.6365,1916.316,1922.474548,1916.316,1999.399585,1833.232415,30.05198851,-4.7404039,0,0,0,0
2021/7/19,1891.65,1919,1805,1818.73,547419.9377,1881.146,1887.893032,1881.146,1949.508163,1812.783837,21.99113956,-128.5831086,-0.3182,0,-1,1
2021/7/20,1818.73,1841.34,1706,1786.03,786257.272,1854.45,1853.938688,1854.45,1943.235614,1765.664386,19.11648147,-137.6592724,0,0,1,-1
2021/7/21,1786.03,2035.23,1747.55,1995.5,1115949.82,1878.298,1901.125792,1878.298,2023.706108,1732.889892,60.48102458,75.97006372,0,0,0,0
2021/7/22,1995.5,2046,1947.62,2024.56,768854.3659,1903.292,1942.270528,1903.292,2091.430504,1715.153496,63.70027882,110.8449011,0.030633333,-0.088888889,0,0.333333333
2021/7/23,2024.27,2130.9,1993.22,2124.25,708160.9132,1949.814,2002.930352,1949.814,2206.111182,1693.516818,73.09764095,110.8084185,-0.5023,0,1,-1
2021/7/24,2124.26,2199.5,2105.58,2184.75,633075.1859,2023.018,2063.536901,2023.018,2296.262342,1749.773658,77.51369655,102.9694186,0,0,0,0
2021/7/25,2184.9,2197.41,2105.93,2189.79,535630.27,2103.77,2105.621268,2103.77,2264.700415,1942.839585,77.89160496,77.9764074,0,0,0,0
2021/7/26,2189.82,2433.65,2171.57,2228.08,1393738.163,2150.286,2146.440845,2150.286,2292.511568,2008.060432,80.93446714,122.5900471,0,0.25,1,-1
2021/7/27,2227.81,2319.26,2150.5,2299.49,906359.2348,2205.272,2197.45723,2205.272,2320.58946,2089.95454,85.56576342,71.95268779,0.6801,0.65,1,-1
2021/7/28,2299.47,2345,2243.15,2300.9,718202.5773,2240.602,2231.938153,2240.602,2342.432255,2138.771745,85.65178779,79.52616435,0.0258,0.16,0,1
2021/7/29,2300.9,2400,2266.12,2382.92,499364.835,2280.236,2282.265436,2280.236,2413.629998,2146.842002,89.98973263,115.0036454,0.34,0,0,-1
2021/7/30,2382.93,2471.7,2315.92,2461.81,762577.288,2334.64,2342.113624,2334.64,2495.219229,2174.060771,92.65837616,126.9979064,0.6486,0.8,1,-1
2021/7/31,2461.77,2553.86,2420.68,2531.05,507601.0503,2395.234,2405.092416,2395.234,2576.553169,2213.914831,94.31972067,120.778633,0,0,0,0
2021/8/1,2531.1,2697.61,2511.24,2555.69,853495.9408,2446.474,2455.291611,2446.474,2635.253931,2257.694069,94.83921085,114.7408561,0,0,0,0
2021/8/2,2555.5,2666,2507,2606.93,726701.8495,2507.68,2505.83774,2507.68,2663.55378,2351.80622,95.83044413,80.66876566,0,0,0,-1
2021/8/3,2606.92,2632.44,2442.32,2509.04,792960.8438,2532.904,2506.90516,2532.904,2629.346045,2436.461955,65.69720227,2.988564619,0.08895,0.25,0,0
2021/8/4,2508.51,2772.71,2457.68,2724.78,954590.7536,2585.498,2579.530107,2585.498,2739.271167,2431.724833,81.61942724,114.2638731,0,0.1,-1,1
2021/8/5,2724.55,2843.98,2529.91,2826.99,1307720.207,2644.686,2662.016738,2644.686,2876.884946,2412.487054,85.58253475,129.6250243,0,0,0,1
2021/8/6,2827.01,2946.75,2720.06,2891.58,825399.4864,2711.864,2738.537825,2711.864,2991.674477,2432.053523,87.6807209,124.2569846,-0.3982,0,-0.5,1
2021/8/7,2891.54,3171,2865.5,3160.31,1205277.101,2822.54,2879.12855,2822.54,3248.417132,2396.662868,92.98790237,129.3086066,0,0,0,0
2021/8/8,3160.48,3189.99,2949.03,3011.85,966349.7058,2923.102,2923.369033,2923.102,3224.706524,2621.497476,71.66716632,79.92379982,0,0,0,0
2021/8/9,3011.84,3186,2893.23,3160.52,1129584.616,3010.25,3002.419356,3010.25,3282.673836,2737.826164,77.9855668,63.03284631,0.4939,0.1,-1,1
2021/8/10,3160.51,3233,3051.22,3141.66,880675.7444,3073.184,3048.832904,3073.184,3286.067727,2860.300273,75.3219778,93.39568906,0,0.136363636,0,-1
2021/8/11,3141.14,3274,3120.27,3160.5,732546.6043,3126.968,3086.055269,3126.968,3243.00189,3010.93411,76.33140428,113.7246358,0.4404,0,1,-1
2021/8/12,3160.4,3239,2979.29,3045.96,737628.4581,3104.098,3072.690179,3104.098,3229.526074,2978.669926,58.23047189,-32.09043771,0,0.209090909,0,0
2021/8/13,3046.11,3327.83,3033.8,3322.32,579333.4032,3166.192,3155.90012,3166.192,3343.951558,2988.432442,75.64738804,112.3276234,0.1806,0.25,0.5,-1
2021/8/14,3322.33,3330.98,3200,3263.16,486102.5379,3186.72,3191.653413,3186.72,3380.135001,2993.304999,68.05411405,104.2191851,0,0,0,0
2021/8/15,3263.16,3320,3111.13,3307.09,565579.6777,3219.806,3230.132275,3219.806,3427.164278,3012.447722,70.7768482,55.32355383,0,0,0,0
2021/8/16,3307.35,3335,3135.22,3146.53,635667.0542,3217.012,3202.26485,3217.012,3427.838863,3006.185137,50.94122481,-1.262837921,0,0,0,1
2021/8/17,3147.18,3290,2991.89,3011.72,804996.0697,3210.164,3138.7499,3210.164,3443.764515,2976.563485,39.36309045,-162.4626319,0,0,0,0
2021/8/18,3011.73,3125.81,2950,3014.55,625103.2557,3148.61,3097.349933,3148.61,3393.48204,2903.73796,39.72258981,-110.2497847,-0.20155,0,0.5,0
2021/8/19,3014.18,3188,2958.33,3184.12,634769.9217,3132.802,3126.273289,3132.802,3355.229855,2910.374145,58.25813945,-26.37385704,0,0,0,0
2021/8/20,3184.11,3300,3177.16,3284.82,558127.4554,3128.348,3179.122193,3128.348,3337.10942,2919.58658,66.01562005,105.6845255,0,0,0,0
2021/8/21,3284.81,3309.16,3207,3223.43,421156.0908,3143.728,3193.891462,3143.728,3366.445656,2921.010344,57.82622349,80.30031612,0,0,0,0
2021/8/22,3223.36,3272,3126.42,3238,406479.0765,3188.984,3208.594308,3188.984,3374.939937,3003.028063,59.32322966,34.47207889,0,0,0,0
2021/8/23,3238,3377.89,3230.02,3321.28,602103.4461,3250.33,3246.156205,3250.33,3346.175148,3154.484852,67.5523819,106.100399,0,0,0,0
2021/8/24,3321.28,3357.85,3147.31,3170.62,540480.0785,3247.63,3220.97747,3247.63,3351.230524,3144.029476,46.3486273,-62.55777908,0.5267,0,1,-1
2021/8/25,3170.63,3248,3080,3226.87,483697.6944,3236.04,3222.941647,3236.04,3333.169096,3138.910904,53.20378441,-99.76156789,0.34,0,1,-1
2021/8/26,3226.88,3250,3053.3,3093.2,442298.4737,3209.994,3179.694431,3209.994,3361.373945,3058.614055,38.56631128,-123.0441705,0,0,1,-1
2021/8/27,3093.06,3280,3060.18,3273.45,451027.8071,3217.084,3210.946287,3217.084,3376.171012,3057.996988,58.02965534,-10.07175457,0,0,-0.5,0
2021/8/28,3273.89,3287,3210.31,3244.48,262360.3492,3201.724,3222.124192,3201.724,3329.316894,3074.131106,54.55712854,100.193938,0,0,0,0
2021/8/29,3244.75,3285,3152.34,3223.47,335806.7827,3212.294,3222.572794,3212.294,3336.541297,3088.046703,51.74980846,47.5877286,0,0,0,0
2021/8/30,3223.47,3347.95,3143,3229.64,625347.2754,3212.848,3224.92853,3212.848,3337.374713,3088.321287,52.64431127,64.36867628,0.4019,0,0,-1
2021/8/31,3229.14,3476,3188.77,3429.2,863071.1309,3280.048,3293.01902,3280.048,3433.141362,3126.954638,72.93212301,166.6666667,0.5267,0,1,-1
2021/9/1,3429.19,3842,3382.22,3826.82,845759.9587,3390.722,3470.95268,3390.722,3852.864304,2928.579696,86.90480473,160.1893877,0,-0.1,0,-1
2021/9/2,3826.82,3836.8,3717.04,3785.82,525165.7996,3498.99,3575.908453,3498.99,4022.879526,2975.100474,81.48330012,97.96088076,0.5267,0,1,-1
2021/9/3,3785.82,4027.88,3705.05,3938.11,655903.7574,3641.918,3696.642302,3641.918,4176.968153,3106.867847,85.64207392,86.00236565,0.064,0,0,-1
2021/9/4,3938.11,3970,3832.5,3885.52,364478.1193,3773.094,3759.601535,3773.094,4132.183296,3414.004704,78.07297411,72.57607802,0,0,0,0
2021/9/5,3885.61,3980,3830,3950.29,365759.8597,3877.312,3823.164357,3877.312,4003.834044,3750.789956,80.69909901,70.1863084,0,0,0,0
2021/9/6,3950.28,3970,3864.3,3926.77,397768.5783,3897.302,3857.699571,3897.302,4016.996397,3777.607603,76.53819862,64.09927848,0,0,0,-1
2021/9/7,3926.67,3947.15,3005,3434.57,1203536.002,3827.052,3716.656381,3827.052,4221.945192,3432.158808,32.58671583,-166.6666667,-0.2787,-0.2,-0.5,1
2021/9/8,3434.84,3560,3215.16,3499,780611.7657,3739.23,3644.104254,3739.23,4187.91386,3290.54614,38.37693649,-88.89276113,-0.1591,0.015625,0,0
2021/9/9,3499.01,3567.06,3390.4,3424.93,628553.8831,3647.112,3571.046169,3647.112,4125.945252,3168.278748,34.16056471,-52.15113504,-0.3182,0,0,-1
2021/9/10,3424.94,3514.11,3150,3208.86,633026.2659,3498.826,3450.317446,3498.826,3969.405074,3028.246926,24.38963265,-90.0902518,-0.0772,0.5,-1,-1
2021/9/11,3208.85,3348.37,3200,3267.21,413524.1761,3366.914,3389.281631,3366.914,3586.571655,3147.256345,31.04725161,-91.24904691,0,0,0,0
2021/9/12,3267.1,3474.16,3231.1,3404.21,408858.9595,3360.842,3394.257754,3360.842,3574.273334,3147.410666,45.20691838,6.269622133,0,0,0,0
2021/9/13,3404.3,3430.3,3108.49,3285.35,647855.7199,3318.112,3357.955169,3318.112,3484.059733,3152.164267,36.97292625,-60.12094251,-0.1591,0,-0.5,0
2021/9/14,3285.09,3437.05,3269.95,3434.37,373634.9026,3320,3383.426779,3320,3490.906588,3149.093412,50.96872219,91.02910013,0,0,0,-1
2021/9/15,3434.37,3616.16,3357.78,3613.55,428507.5278,3400.938,3460.13452,3400.938,3650.058101,3151.817899,63.23811808,148.6491387,0.4005,0.5,1,-1
2021/9/16,3613.55,3676.28,3481.14,3567.98,467985.4919,3461.092,3496.083013,3461.092,3696.894229,3225.289771,58.57812826,98.50010514,0.5267,0,1,-1
2021/9/17,3567.97,3594.17,3350.07,3399.81,398888.3705,3460.212,3463.992009,3460.212,3696.888004,3223.535996,43.71740582,4.769777752,0,0,0,0
2021/9/18,3399.89,3541.96,3368.88,3435.64,315162.7627,3490.27,3454.541339,3490.27,3658.861959,3321.678041,47.27939898,-30.21344809,0,0,0,0
2021/9/19,3435.64,3456.53,3277.74,3328.62,312948.0013,3469.12,3412.567559,3469.12,3681.343205,3256.896795,38.24293803,-120.0645878,0,0,0,0
2021/9/20,3328.57,3347.82,2913.39,2977.28,917939.5785,3341.866,3267.471706,3341.866,3738.226461,2945.505539,21.43265413,-153.0410278,0,0,0,-1
2021/9/21,2977.32,3105.83,2652,2765.9,971519.8894,3181.45,3100.281138,3181.45,3709.328657,2653.571343,16.10781271,-119.563278,0,0,1,-1
2021/9/22,2766.72,3088.88,2737.54,3076.92,677457.6483,3116.872,3092.494092,3116.872,3599.128104,2634.615896,42.41916287,-53.99166856,0,0,0,1
2021/9/23,3076.92,3174.5,3033.85,3152.5,459293.8858,3060.244,3112.496061,3060.244,3433.699595,2686.788405,47.42766083,23.6272906,0.3182,0,1,-1
2021/9/24,3152.41,3158.52,2733,2928.53,932090.8856,2980.226,3051.174041,2980.226,3245.020034,2715.431966,35.87032338,-37.64425396,0,0,0,-1
2021/9/25,2928.22,2967.52,2801.57,2921.73,491974.0226,2969.116,3008.026027,2969.116,3238.10045,2700.13155,35.54162883,-51.69391844,0,0,0,0
2021/9/26,2921.84,3115.51,2738.17,3059.37,703594.478,3027.81,3025.140685,3027.81,3206.840515,2848.779485,47.67342882,-9.676423425,0,0,0,0
2021/9/27,3059.36,3164.94,2922.71,2925.59,510130.7319,2997.544,2991.957123,2997.544,3184.13851,2810.94949,38.80095261,19.65254298,0.1591,0,0,0
2021/9/28,2924.76,2970.82,2789,2804.91,511325.4643,2928.026,2929.608082,2928.026,3089.15855,2766.89345,32.07070446,-113.7716803,-0.3612,0,0,-1
2021/9/29,2805.15,2950,2782,2850.45,411305.0893,2912.41,2903.222055,2912.41,3085.043967,2739.776033,37.20828641,-67.52993132,0,0,0,1
2021/9/30,2850.45,3048.42,2837.19,3000.61,506896.7612,2928.186,2935.684703,2928.186,3115.164233,2741.207767,52.13046167,35.983079,0.2732,0,-1,1
2021/10/1,3000.62,3330,2969.07,3309.91,648714.6151,2978.294,3060.426469,2978.294,3335.674455,2620.913545,70.30202552,148.6581085,0,0,0,0
2021/10/2,3309.91,3469,3257,3387.76,422551.1811,3070.728,3169.537646,3070.728,3545.546246,2595.909754,73.47050409,112.9506493,0,0,0,0
2021/10/3,3387.77,3488,3342.51,3417.73,360586.8905,3193.292,3252.268431,3193.292,3646.244065,2740.339935,74.76603443,84.07588515,0,0,0,0
2021/10/4,3417.73,3437.19,3270,3386.31,485204.642,3300.464,3296.948954,3300.464,3608.675733,2992.252267,70.26914012,46.59564272,0.34,0,1,-1
2021/10/5,3386.31,3545,3363.78,3515.27,393900.8818,3403.396,3369.722636,3403.396,3536.052861,3270.739139,77.28005219,110.3411153,0,0.15,-0.5,0
2021/10/6,3515.48,3632.11,3342,3574.89,618265.5402,3456.392,3438.111757,3456.392,3607.719415,3305.064585,80.00487427,109.2589365,0.4939,0,0,-1
2021/10/7,3574.88,3653.98,3470.8,3587.47,486102.3591,3496.334,3487.897838,3496.334,3659.108094,3333.559906,80.61797065,109.0235555,0.5574,0,0,-1
2021/10/8,3587.47,3695,3532,3563.13,403597.1437,3525.414,3512.975225,3525.414,3672.856577,3377.971423,75.05228737,90.30460124,0.4404,0.525,1,-1
2021/10/9,3563.13,3635,3538.07,3574.82,361906.7514,3563.116,3533.59015,3563.116,3613.379051,3512.852949,76.04513873,54.39623791,0,0,0,0
2021/10/10,3574.83,3604,3405,3414.22,580223.6302,3542.906,3493.8001,3542.906,3672.510094,3413.301906,45.17271437,-116.4219091,0,0,0,0
2021/10/11,3414.22,3623.8,3371,3542.12,493521.882,3536.352,3509.906733,3536.352,3662.07994,3410.62406,60.95318394,-54.09167222,0.34,-0.015909091,0.5,-1
2021/10/12,3542.12,3547.11,3403.21,3491.46,409377.1918,3517.15,3503.757822,3517.15,3634.854889,3399.445111,53.35050937,-67.3067362,-0.1366,0,-0.5,-1
2021/10/13,3491.43,3613,3412.7,3607.42,393463.1222,3526.008,3538.311882,3526.008,3661.537312,3390.478688,65.62004951,47.62455912,0,0,0,0
2021/10/14,3607.41,3824,3586.04,3790.82,481894.1473,3569.208,3622.481254,3569.208,3824.350042,3314.065958,77.38124046,166.6666667,-0.16635,-0.25,0,0
2021/10/15,3790.82,3907.77,3734.1,3868.99,504321.732,3660.162,3704.650836,3660.162,3951.169414,3369.154586,80.86823919,109.6320487,0,0,0,0
2021/10/16,3868.38,3971,3803.56,3829.96,373727.8549,3717.73,3746.420557,3717.73,4006.42876,3429.03124,73.77028906,81.10105564,0,0,0,0
2021/10/17,3829.96,3919.19,3640,3846.85,368898.9831,3788.808,3779.897038,3788.808,3977.269495,3600.346505,74.95918679,31.76216969,0,0,0,0
2021/10/18,3847,3893.14,3676,3744.96,401819.9734,3816.316,3768.251359,3816.316,3904.110118,3728.521882,55.86494906,-51.62196781,0,0,0,-1
2021/10/19,3744.96,3886.89,3732,3877.03,341268.3723,3833.558,3804.510906,3833.558,3928.149627,3738.966373,68.75890822,23.247786,0.6369,0.25,0,-1
2021/10/20,3876.98,4169,3828.05,4161.15,537383.0973,3891.99,3923.390604,3891.99,4175.078776,3608.901224,82.50402526,164.1095129,-0.20095,0.041666667,0,0
2021/10/21,4161.37,4375,4013.13,4052.99,798566.5581,3936.596,3966.590403,3936.596,4236.327709,3636.864291,68.22113592,105.3025559,0,0.16,0,-1
2021/10/22,4053,4167.41,3888,3972.2,463222.5428,3961.666,3968.460268,3961.666,4247.840279,3675.491721,58.72842548,24.22364111,0.4215,0,0,-1
2021/10/23,3972.19,4172,3937.51,4167.12,326576.9601,4046.098,4034.680179,4046.098,4268.764908,3823.431092,70.92820422,51.53380211,0,0,0,0
2021/10/24,4167.13,4186.57,3961.5,4082.33,350115.8386,4087.158,4050.563453,4087.158,4232.140319,3942.175681,61.10650545,2.245674835,0,0,0,0
2021/10/25,4082.33,4236,4067.71,4220.37,347438.6534,4099.002,4107.165635,4099.002,4272.99984,3925.00416,69.65708074,102.260283,0,0,0,-1
2021/10/26,4220.36,4297,4090.21,4131.52,414498.1599,4114.708,4115.283757,4114.708,4283.351966,3946.064034,59.18787751,82.2507669,0,0,1,-1
2021/10/27,4131.52,4307,3909,3922,704604.25,4104.668,4050.855838,4104.668,4308.383133,3900.952867,41.01658192,-90.46419745,0.1631,0.161616162,-0.5,0
2021/10/28,3921.99,4295,3890.17,4286.02,626378.5055,4128.448,4129.243892,4128.448,4378.305036,3878.590964,64.6117145,41.04691076,0.5574,0.3,1,-1
2021/10/29,4286.01,4460.47,4265.97,4418.89,559231.0769,4195.76,4225.792595,4195.76,4527.55612,3863.96388,70.07377095,166.6666667,0,0.16,0,-1
2021/10/30,4418.89,4434.06,4232.2,4322.68,340223.069,4216.222,4258.088396,4216.222,4563.80842,3868.63558,61.48433866,67.62005352,0,0,0,0
2021/10/31,4322.68,4399.14,4164.35,4287.21,412856.2893,4247.36,4267.795598,4247.36,4586.815318,3907.904682,58.19688459,26.52829177,0,0,0,0
2021/11/1,4287.48,4386.58,4146.3,4319.43,417620.7073,4326.846,4285.007065,4326.846,4423.932458,4229.759542,60.58954465,-3.806445646,0.3182,0,0,-1
2021/11/2,4319.43,4599.6,4284.43,4589.89,468184.793,4387.62,4386.63471,4387.62,4608.237703,4167.002297,75.37715726,138.6772305,0.3182,0.28,0,-1
2021/11/3,4589.68,4665.87,4455,4603.35,448658.3513,4424.512,4458.87314,4424.512,4706.783834,4142.240166,75.93879466,108.1026413,0,0,0,0
2021/11/4,4603.35,4606.65,4420.08,4532.32,368218.257,4466.44,4483.355427,4466.44,4737.821293,4195.058707,66.0072612,50.50866182,0,0,0,0
2021/11/5,4532.31,4570.05,4438.8,4474.24,305651.7244,4503.846,4480.316951,4503.846,4709.760858,4297.931142,58.22419207,19.00714932,0.20095,-0.025,0.5,-1
2021/11/6,4474.24,4530,4326.17,4518,322154.0973,4543.56,4492.877967,4543.56,4638.665106,4448.454894,62.39971636,-104.3693068,0,0,0,0
2021/11/7,4518,4637.98,4502.37,4612.59,243596.5952,4548.1,4532.781978,4548.1,4653.254517,4442.945483,70.39493146,90.81783271,0,0,0,0
2021/11/8,4612.59,4822.97,4612,4807.98,391102.3181,4589.026,4624.514652,4589.026,4825.554569,4352.497431,80.88815253,148.0457256,0.34,0,1,-1
2021/11/9,4807.98,4838.28,4713.89,4732.33,311267.58,4629.028,4660.453101,4629.028,4880.824539,4377.231461,69.04443492,87.3023151,-0.4019,0,-1,1
2021/11/10,4732.33,4868,4461.93,4628.78,553596.9916,4659.936,4649.895401,4659.936,4860.965521,4458.906479,55.21227622,8.367237633,0,0.25,0,-1
2021/11/11,4628.68,4779,4576.47,4719,303688.9765,4700.136,4672.930267,4700.136,4843.742722,4556.529278,63.23404087,4.735228391,-0.3182,0,-1,1
2021/11/12,4719,4809.71,4507.85,4665.46,461580.0415,4710.71,4670.440178,4710.71,4833.209596,4588.210404,55.81802051,-67.58820177,0.27115,0,0,-1
2021/11/13,4665.47,4707.6,4584.08,4644.28,220720.6611,4677.97,4661.720119,4677.97,4759.699519,4596.240481,52.75838914,-70.22920403,0,0,0,0
2021/11/14,4644.27,4696.05,4514.12,4626.5,245309.0674,4656.804,4649.980079,4656.804,4724.943835,4588.664165,49.88883857,-141.2343191,0,0,0,0
2021/11/15,4626.5,4772.01,4540,4563.78,375421.6601,4643.804,4621.246719,4643.804,4745.103225,4542.504775,40.23839435,-62.23328727,0,0.15,0.5,-1
2021/11/16,4563.77,4563.77,4103,4209.76,735857.063,4541.956,4484.08448,4541.956,4881.0154,4202.8966,17.01540862,-166.6666667,0,0,0,-1
2021/11/17,4209.59,4299.91,4063.48,4287.8,472852.1842,4466.424,4418.65632,4466.424,4829.211227,4103.636773,28.40163906,-97.31846022,0,0,-1,-1
2021/11/18,4288.07,4344.81,3956.44,3996.9,576945.1837,4336.948,4278.07088,4336.948,4801.291039,3872.604961,17.32524548,-90.11876963,-0.106066667,0.416666667,-0.333333333,-0.333333333
2021/11/19,3996.9,4308.97,3973.01,4294.76,420045.0897,4270.6,4283.63392,4270.6,4634.410119,3906.789881,44.85234709,-44.66069782,0,0,0,1
2021/11/20,4294.75,4435.88,4199.86,4412.17,365584.578,4240.278,4326.47928,4240.278,4515.868548,3964.687452,52.62454547,109.5752057,0,0,0,0
2021/11/21,4412.17,4451,4242.41,4258.31,340206.3203,4249.988,4303.756187,4249.988,4524.010002,3975.965998,42.75431212,69.73209852,0,0,0,0
2021/11/22,4259.7,4320,4022.74,4085.97,518501.3338,4209.622,4231.160791,4209.622,4507.863726,3911.380274,33.86188091,-56.98634014,0.37985,0.5,0,0
2021/11/23,4086.28,4385.59,4059.62,4339.44,502811.7902,4278.13,4267.253861,4278.13,4495.974885,4060.285115,52.15621513,8.71924071,0.4019,0,0,-1
2021/11/24,4339.45,4373.94,4167.65,4269.36,448727.0306,4273.05,4267.955907,4273.05,4490.290542,4055.809458,47.60531071,2.592020514,0,-0.077777778,0.5,0
2021/11/25,4270.1,4550,4248.27,4524.85,445868.2434,4295.586,4353.587271,4295.586,4579.136808,4012.035192,62.51181691,139.0810188,0,0.25,0,-1
2021/11/26,4524.48,4551,3913,4041.2,720245.1612,4252.164,4249.458181,4252.164,4603.61438,3900.71362,37.36022847,-72.83469106,0,0.15,0,-1
2021/11/27,4041.2,4183.66,4028.34,4095.29,275326.5202,4254.028,4198.068787,4254.028,4602.014604,3906.041396,40.69590392,-107.5872238,0,0,0,0
2021/11/28,4095.29,4298.51,3964,4294.78,346471.3551,4245.096,4230.305858,4245.096,4586.076889,3904.115111,52.38523007,-32.64485186,0,0,0,0
2021/11/29,4294.77,4458.92,4276.89,4444.53,406881.2284,4280.13,4301.713905,4280.13,4657.895251,3902.364749,59.81715308,70.86342949,0,0.136363636,0,-1
2021/11/30,4444.54,4753,4346.36,4630.26,743024.4662,4301.212,4411.22927,4301.212,4738.351901,3864.072099,67.64621674,121.5394169,0.1806,0.233333333,0,-1
2021/12/1,4630.25,4778.75,4523.99,4582.95,508198.3105,4409.562,4468.469514,4409.562,4801.414589,4017.709411,63.69479001,89.75080838,0,0,0,-1
2021/12/2,4582.95,4634.83,4433,4511.21,451861.9545,4492.746,4482.716342,4492.746,4727.527773,4257.964227,57.34546001,31.01672331,0.4939,0.08,1,-1
2021/12/3,4511.35,4654.88,4032.5,4215.73,677974.8659,4476.936,4393.720895,4476.936,4767.040323,4186.831677,37.89639823,-111.246028,0.5267,0.25,1,-1
2021/12/4,4215.01,4238.59,3503.68,4117.25,1111773.145,4411.48,4301.56393,4411.48,4823.40434,3999.55566,33.20470883,-137.0105788,0,0,0,0
2021/12/5,4117.25,4248.19,4031.39,4196.44,536325.4413,4324.716,4266.52262,4324.716,4696.565036,3952.866964,40.59689325,-48.90977812,-0.3182,0,0,1
2021/12/6,4196.44,4376.15,3921,4347.59,726742.9638,4277.644,4293.54508,4277.644,4554.193001,4001.094999,53.00547241,-7.252849279,-0.36755,0.125,-0.5,0
2021/12/7,4347.57,4425,4255.92,4306.4,420749.751,4236.682,4297.830053,4236.682,4400.348958,4073.015042,49.48440074,84.72901676,0.43335,0,0.5,-1
2021/12/8,4306.4,4450.49,4222.95,4436.91,429403.9351,4280.918,4344.190036,4280.918,4506.043278,4055.792722,60.00656109,92.0682417,0.0386,0.25,0,1
2021/12/9,4436.91,4488,4076.16,4105.64,462173.711,4278.596,4264.673357,4278.596,4510.561417,4046.630583,36.12920809,-33.13986433,-0.1591,0.3,0,0
2021/12/10,4105.64,4231.08,3887.37,3897.94,563236.5671,4218.896,4142.428905,4218.896,4606.286114,3831.505886,27.54056299,-153.608361,0.4019,0,0,-1
2021/12/11,3898.31,4097.08,3828.22,4089.37,427853.4343,4167.252,4124.742603,4167.252,4540.848789,3793.655211,43.11880489,-83.46503092,0,0,0,0
2021/12/12,4089.68,4173.63,3986.25,4130,260535.5157,4131.972,4126.495069,4131.972,4478.694199,3785.249801,46.18816688,-23.11660782,0,0,0,0
2021/12/13,4130,4142.75,3671.45,3781.93,533467.2307,4000.976,4011.640046,4000.976,4275.220872,3726.731128,29.27299684,-119.8374468,-0.20095,-0.125,0,0
2021/12/14,3781.92,3882.74,3685,3858.99,395145.7462,3951.646,3960.756697,3951.646,4221.536406,3681.755594,35.78146058,-103.0863161,-0.3182,0,0,-1
2021/12/15,3858.99,4092.22,3643.73,4019.08,542068.0573,3975.874,3980.197798,3975.874,4243.87261,3707.87539,48.16768749,-15.25222835,0,0,0,0
2021/12/16,4019.54,4113.43,3942.11,3958.11,368780.031,3949.622,3972.835199,3949.622,4192.549889,3706.694111,44.11684755,49.02562788,0.43785,0.25,0.5,-1
2021/12/17,3959.11,3994.1,3700,3875.42,463370.9225,3898.706,3940.363466,3898.706,4063.083535,3734.328465,38.6118547,-40.34199477,-0.3182,0,-1,1
2021/12/18,3875.43,3996.93,3767.01,3959.93,339593.2543,3934.306,3946.885644,3934.306,4052.796208,3815.815792,47.05228576,10.89905745,0,0,0,0
2021/12/19,3959.93,4032.43,3884,3924.14,306006.323,3947.336,3939.303763,3947.336,4041.704872,3852.967128,43.85992743,34.13447763,0,0,0,0
2021/12/20,3924.14,3983.37,3753,3944.73,366916.4771,3932.466,3941.112508,3932.466,3994.985502,3869.946498,46.47160632,-43.71064895,0.4404,0,1,-1
2021/12/21,3944.72,4063,3913.21,4014.15,340826.3553,3943.674,3965.458339,3943.674,4034.326854,3853.021146,55.24599708,123.7609119,0,0,0,-1
2021/12/22,4014.41,4074.87,3933.4,3979.51,303191.8076,3964.492,3970.142226,3964.492,4026.013311,3902.970689,50.12140518,82.58853308,0.34,0.1,1,-1
2021/12/23,3979.51,4150,3893.23,4111.41,380207.8166,3994.788,4017.231484,3994.788,4126.56338,3863.01262,65.39824491,109.6458989,-0.1655,0,-1,-1
2021/12/24,4111.41,4134.84,4017.17,4046.36,230833.1661,4019.232,4026.940989,4019.232,4133.728896,3904.735104,55.01138227,93.80176764,0,0,0,0
2021/12/25,4046.35,4137.91,4018.62,4094.83,208126.8805,4049.252,4049.57066,4049.252,4147.416889,3951.087111,60.80889296,88.18951807,0,0,0,0
2021/12/26,4094.36,4105,4000,4063.56,189309.255,4059.134,4054.233773,4059.134,4150.915177,3967.352823,55.08445516,16.64821147,0,0,0,0
2021/12/27,4063.57,4127.46,4031,4037.23,222202.1383,4070.678,4048.565849,4070.678,4127.269269,4014.086731,50.11856236,5.100029054,0,0,-1,-1
2021/12/28,4037.22,4037.23,3759.36,3792.75,358064.7163,4006.946,3963.293899,4006.946,4224.715149,3789.176851,24.49186531,-166.6666667,-0.25,0,-1,-1
2021/12/29,3792.75,3827.78,3604.2,3630.19,302753.6375,3923.712,3852.259266,3923.712,4287.064588,3560.359412,17.18744544,-124.9605971,0,0,0,0
2021/12/30,3630.18,3769.1,3585,3709.27,249263.7305,3846.6,3804.596177,3846.6,4195.316593,3497.883407,29.90029828,-81.29627635,-0.4019,0.25,1,-1
2021/12/31,3709.27,3815,3622.29,3676.23,268014.2942,3769.134,3761.807452,3769.134,4057.513566,3480.754434,27.68101737,-49.77441595,0.5574,0.227272727,1,-1
2022/1/1,3676.22,3776.45,3673.46,3765.54,154143.8968,3714.796,3763.051634,3714.796,3832.534109,3597.057891,42.18126464,2.874973101,0,0,0,0
2022/1/2,3765.54,3857.44,3717.3,3828.27,154791.4263,3721.9,3784.79109,3721.9,3860.102797,3583.697203,50.8360293,140.0764319,0,0,0,0
2022/1/3,3828.11,3853.09,3680,3765.89,236245.8586,3749.04,3778.490726,3749.04,3853.793098,3644.286902,42.86104981,50.52764092,-0.4767,-0.154761905,0,1
2022/1/4,3765.89,3900.73,3713.11,3785.11,288258.5549,3764.208,3780.697151,3764.208,3863.346551,3665.069449,46.11664649,77.48339465,-0.25,0.1,-1,-1
2022/1/5,3785.1,3848,3415,3540.63,397942.0363,3737.088,3700.674767,3737.088,3938.790924,3535.385076,24.19630393,-163.3428765,0,0.5,0,-1
2022/1/6,3539.82,3550.43,3300,3406.81,496745.7413,3665.342,3602.719845,3665.342,3992.012091,3338.671909,18.25832912,-128.6910248,0.07365,0,0,0
2022/1/7,3406.81,3416.76,3064.42,3199.24,669631.7262,3539.536,3468.226563,3539.536,3982.220066,3096.851934,12.37164858,-116.7598962,-0.04595,-0.075,0,1
2022/1/8,3198.68,3250,3000,3080.95,400692.1061,3402.548,3339.134375,3402.548,3900.702919,2904.393081,10.0609561,-99.46570977,0,0,0,0
2022/1/9,3080.98,3211.72,3057.35,3151.97,275874.1643,3275.92,3276.74625,3275.92,3618.218469,2933.621531,21.117913,-62.9988229,0,0,0,0
2022/1/10,3151.97,3185,2928.83,3082.68,529818.3866,3184.33,3212.0575,3184.33,3423.974695,2944.685305,18.36452753,-81.01888501,-0.075775,0.000568182,-0.25,1
2022/1/11,3082.87,3263.54,3051.8,3239.72,362446.7087,3150.912,3221.278333,3150.912,3276.685966,3025.138034,40.38480277,54.46620686,0,0.05,-1,1
2022/1/12,3239.73,3411.43,3206.2,3371.26,370465.8015,3185.316,3271.272222,3185.316,3404.538868,2966.093132,53.51365588,149.4292801,0.0772,0.1,0,-1
2022/1/13,3371.6,3410,3233.43,3240.61,336234.8799,3217.248,3261.051482,3217.248,3411.444259,3023.051741,42.02354791,69.98781147,0.34,0,1,-1
2022/1/14,3240.61,3342.79,3188,3307.42,285326.3505,3248.338,3276.507654,3248.338,3440.540114,3056.135886,49.02033326,38.32275214,0.4869,0.099702381,0,0
2022/1/15,3307.42,3371.64,3261,3326.04,203100.3778,3297.01,3293.018436,3297.01,3398.704742,3195.315258,51.07720129,63.87535026,0,0,0,0
2022/1/16,3326.51,3393.6,3269.62,3346.88,210782.2277,3318.442,3310.972291,3318.442,3407.145981,3229.738019,53.69117519,82.50622281,0,0,0,0
2022/1/17,3346.89,3357.57,3141.1,3209.67,284063.6548,3286.124,3277.204861,3286.124,3390.641315,3181.606685,37.29248033,-134.0960047,0.0814,0.241666667,0.5,0
2022/1/18,3209.68,3243.87,3082,3159.85,299134.2728,3269.972,3238.086574,3269.972,3414.813983,3125.130017,32.75227202,-128.9866129,-0.00515,0.15,0,0
2022/1/19,3159.85,3174.87,3000,3084.02,332996.5703,3225.292,3186.731049,3225.292,3424.125159,3026.458841,26.59254164,-113.6218211,0,0,0,-1
2022/1/20,3084.02,3273.37,2987.15,3001.48,357596.7062,3160.38,3124.980699,3160.38,3394.118477,2926.641523,21.17425644,-75.05861261,0,0,-1,-1
2022/1/21,3001.48,3034.12,2403,2568.15,1022021.7,3004.634,2939.370466,3004.634,3463.294777,2545.973223,9.060026814,-166.6666667,-0.5267,0,-1,1
2022/1/22,2567.47,2626,2300,2412.18,1081357.549,2845.136,2763.640311,2845.136,3441.609675,2248.662325,7.205326904,-111.1764453,0,0,0,0
2022/1/23,2412.18,2556.78,2370.8,2539.01,580497.7613,2720.968,2688.763541,2720.968,3259.340229,2182.595771,23.18844957,-67.0177489,0,0,0,0
2022/1/24,2539,2539.75,2159,2439.29,1123134.704,2592.022,2605.605694,2592.022,3017.891658,2166.152342,19.83137027,-74.10719888,0,0.321428571,0,-1
2022/1/25,2439.56,2506.55,2348.96,2458.83,510152.954,2483.492,2556.680462,2483.492,2603.14703,2363.83697,22.57681817,-40.61443802,0,0,0,-1
2022/1/26,2459.04,2722,2402.03,2462.99,806441.6229,2462.46,2525.450308,2462.46,2547.021398,2377.898602,23.27604568,115.0981298,0,0,0,-1
2022/1/27,2463,2521,2316.43,2424.25,599481.7159,2464.874,2491.716872,2464.874,2544.075396,2385.672604,21.06183012,-44.17646346,0,0,0,0
2022/1/28,2424.02,2558.98,2357.88,2544.99,485149.8065,2466.07,2509.474581,2466.07,2549.766362,2382.373638,42.4063671,52.98449996,0.2553,0.323809524,0.5,0
2022/1/29,2544.99,2636.66,2520.01,2601.43,376666.8246,2498.498,2540.126388,2498.498,2628.432249,2368.563751,50.26438516,119.7094335,0,0,0,0
2022/1/30,2601.43,2640,2542.5,2601.68,290770.0859,2527.068,2560.644258,2527.068,2671.554364,2382.581636,50.30192921,85.25422132,0,0,0,0
2022/1/31,2601.67,2706.77,2476.07,2686.94,444584.851,2571.858,2602.742839,2571.858,2745.104028,2398.611972,62.40127851,76.20729117,0.20095,0.072222222,0,-1
2022/2/1,2686.94,2813,2673.52,2787.23,390034.2736,2644.454,2664.238559,2644.454,2813.602014,2475.305986,72.31252289,152.8204938,0.34,0.25,1,-1
2022/2/2,2787.48,2810.88,2612.72,2680.67,447852.1228,2671.59,2669.715706,2671.59,2808.704586,2534.475414,53.5605576,52.76255372,0,0,0,0
2022/2/3,2680.25,2726.64,2576.05,2695.46,405043.3931,2690.396,2678.297137,2690.396,2808.309647,2572.482353,55.55992248,-3.58683455,-0.35875,0,-0.5,1
2022/2/4,2695.21,2995,2671.4,2994.99,664002.9328,2769.058,2783.861425,2769.058,3007.968796,2530.147204,78.7358023,139.7875583,0,0,0,1
2022/2/5,2994.99,3060.47,2958.01,3012.65,356803.3071,2834.2,2860.124283,2834.2,3120.869504,2547.530496,79.52283301,118.9519454,0,0,0,0
2022/2/6,3012.64,3074.56,2950.21,3054.99,249394.5966,2887.752,2925.079522,2887.752,3216.296932,2559.207068,81.56739195,80.32446744,0,0,0,0
2022/2/7,3055,3186,2991.8,3139.77,455070.2529,2979.572,2996.643015,2979.572,3280.77329,2678.37071,85.25284294,85.4071432,0,0,0,0
2022/2/8,3139.77,3232.87,3025.21,3116.69,514773.5837,3063.818,3036.658677,3063.818,3176.946409,2950.689591,79.82186396,92.74447244,0,-0.4,0,1
2022/2/9,3116.69,3269.7,3055,3243.94,370267.8913,3113.608,3105.752451,3113.608,3271.870988,2955.345012,85.9780296,112.0096774,0,0.3,-1,-1
2022/2/10,3243.6,3283.66,3056.74,3072.49,578212.8383,3125.576,3094.664967,3125.576,3258.515005,2992.636995,56.79505812,34.06746854,0.34,-0.2,1,-1
2022/2/11,3072.36,3138.62,2879,2927.54,462025.8751,3100.086,3038.956645,3100.086,3306.150354,2894.021646,41.80099371,-163.9662719,0.6249,0,1,-1
2022/2/12,2927.54,2985.98,2858.3,2918.88,336250.3131,3055.908,2998.931097,3055.908,3300.170913,2811.645087,40.9927806,-104.4707198,0,0,0,0
2022/2/13,2918.58,2954.4,2836.7,2871.13,242751.3547,3006.796,2956.330731,3006.796,3279.514138,2734.077862,36.17239243,-80.92204335,0,0,0,0
2022/2/14,2871.14,2964.97,2829.01,2929.75,381778.238,2943.958,2947.470487,2943.958,3079.382419,2808.533581,45.92943106,-53.34707057,-0.1591,0.25,0,-1
2022/2/15,2929.75,3196.19,2912.06,3183.52,448971.754,2966.164,3026.153658,2966.164,3187.665533,2744.662467,70.4080688,143.1956505,0,0,0,0
2022/2/16,3183.53,3186.77,3044.03,3122.3,319997.6244,3005.116,3058.202439,3005.116,3252.710841,2757.521159,61.95069464,90.36071687,0,0,0,-1
2022/2/17,3122.31,3160,2851.55,2891.87,488693.2624,2999.714,3002.758293,2999.714,3255.637594,2743.790406,39.58114721,-20.71755293,-0.148,0,0.5,0
2022/2/18,2891.88,2943.97,2750,2779.48,502977.4069,2981.384,2928.332195,2981.384,3280.930768,2681.837232,32.43969622,-106.1683555,-0.296,0,0,-1
2022/2/19,2779.3,2830.96,2694.45,2763.63,293838.0025,2948.16,2873.431463,2948.16,3296.173674,2600.146326,31.43972292,-99.31082189,0,0,0,0
2022/2/20,2763.63,2764.64,2576,2621.99,386384.904,2835.854,2789.617642,2835.854,3169.705761,2502.002239,23.38686143,-99.27616061,0,0,0,0
2022/2/21,2621.99,2759.51,2558,2568.02,761838.9858,2724.998,2715.751761,2724.998,2957.479784,2492.516216,20.84396659,-90.17575979,0,0,0,-1
2022/2/22,2568.03,2665.74,2500,2636.29,692639.4942,2673.882,2689.264508,2673.882,2840.058634,2507.705366,32.45651234,-78.25509108,-0.296,0,-1,1
2022/2/23,2636.28,2753.55,2575.83,2579.71,504470.1412,2633.928,2652.746338,2633.928,2773.223828,2494.632172,28.17454475,-31.610599,0.4767,0.25,1,-1
2022/2/24,2579.7,2740,2300,2596.2,1395732.775,2600.442,2633.897559,2600.442,2651.419578,2549.464422,31.46836825,-140.9223127,-0.5859,0,-1,-1
2022/2/25,2596.26,2834.97,2571.72,2768.49,679394.1762,2629.742,2678.761706,2629.742,2775.979494,2483.504506,57.13889306,150.5591079,-0.4215,0,0,1
2022/2/26,2768.05,2878,2727.5,2779.47,418485.2529,2672.032,2712.331137,2672.032,2842.674091,2501.389909,58.38080176,112.6093087,0,0,0,0
2022/2/27,2779.47,2836.33,2557.98,2616.79,650198.7785,2668.132,2680.484092,2668.132,2842.7093,2493.5547,37.9929601,-3.962087548,0,0,0,0
2022/2/28,2616.79,2951.6,2568.62,2920.95,733794.4488,2736.38,2760.639394,2736.38,2974.549831,2498.210169,65.85829798,84.79594259,0,0,-1,-1
2022/3/1,2920.83,3037.94,2854.09,2976.33,673901.6976,2812.406,2832.536263,2812.406,3065.280502,2559.531498,69.02624584,144.9282019,0.17,0.375,0.5,-1
2022/3/2,2976.33,3043.91,2914.21,2947.3,614623.7461,2848.168,2870.790842,2848.168,3116.205408,2580.130592,65.07004731,87.56756954,0,0.25,1,-1
2022/3/3,2947.31,2970.97,2785,2833.99,446192.2353,2859.072,2858.523895,2859.072,3119.367493,2598.776507,50.85038491,6.615400895,0,0,0,-1
2022/3/4,2834,2836.17,2573,2622.1,556178.7588,2860.134,2779.71593,2860.134,3116.480175,2603.787825,33.65767042,-134.9295301,-0.2202,0.125,0,-1
2022/3/5,2622.11,2685.12,2589.38,2665.15,268730.3036,2808.974,2741.527287,2808.974,3096.550283,2521.397717,38.90377887,-91.26214332,0,0,0,0
2022/3/6,2665.16,2676.29,2535,2551.29,336487.9099,2723.966,2678.114858,2723.966,3014.67047,2433.26153,30.84102523,-80.22556321,0,0,0,0
2022/3/7,2551.3,2649,2445,2491.12,620171.6787,2632.73,2615.783238,2632.73,2866.57697,2398.88303,27.12724548,-100.4857621,0.58345,0.5,0.5,-1
2022/3/8,2491.12,2624,2480.15,2575.97,560719.3074,2581.126,2602.512159,2581.126,2700.312417,2461.939583,39.88688534,-53.67989144,0,0.25,1,-1
2022/3/9,2575.98,2775.85,2567.7,2726.98,562771.7403,2602.102,2644.001439,2602.102,2769.795316,2434.408684,56.73842065,110.9465458,-0.2732,0,-1,-1
2022/3/10,2726.98,2733.25,2550.27,2606.7,559004.7675,2590.412,2631.567626,2590.412,2746.65315,2434.17085,44.35789916,42.20295155,0,0.034090909,0,-1
2022/3/11,2606.69,2676.78,2522.57,2556.86,494583.6568,2591.526,2606.665084,2591.526,2746.711365,2436.340635,39.85363119,-18.22654742,0,0,0,-1
2022/3/12,2556.86,2616.79,2553.39,2568.8,219236.5711,2607.062,2594.043389,2607.062,2731.420809,2482.703191,41.6285958,-48.00550176,0,0,0,0
2022/3/13,2568.8,2603.32,2493,2515.65,316942.1601,2594.998,2567.91226,2594.998,2739.201003,2450.794997,35.75706778,-100.7296469,0,0,0,0
2022/3/14,2515.66,2609.6,2498.67,2589.41,386630.1912,2567.484,2575.078173,2567.484,2629.580756,2505.387244,48.38571762,-40.90511423,0,0,0,-1
2022/3/15,2589.42,2669,2507,2617.73,461202.3014,2569.69,2589.295449,2569.69,2637.704367,2501.675633,52.83540997,95.05463176,-0.4728,0.0625,0,-1
2022/3/16,2617.74,2788,2603.38,2773.81,666224.7217,2613.08,2650.800299,2613.08,2787.135962,2439.024038,70.40959058,166.6666667,0.5574,0.238636364,1,-1
2022/3/17,2773.8,2836,2746.42,2811.92,379312.541,2661.704,2704.506866,2661.704,2887.313411,2436.094589,73.43116465,110.8344399,0.074433333,0.016666667,0,-0.333333333
2022/3/18,2811.91,2984,2765.59,2938.92,556535.7966,2746.358,2782.644577,2746.358,3004.52066,2488.19534,81.35991757,112.0172723,-0.1027,0.5,-1,-1
2022/3/19,2938.84,2987.7,2890.86,2950.84,325971.5398,2818.644,2838.709718,2818.644,3062.551907,2574.736093,81.99046451,96.08155552,0,0,0,0
2022/3/20,2950.85,2964.17,2817.21,2861.38,377608.8214,2867.374,2846.266479,2867.374,3005.795673,2728.952327,62.23915357,31.12918992,0,0,0,0
2022/3/21,2861.39,2960.57,2829.81,2890.03,450223.9073,2890.618,2860.854319,2890.618,2992.631152,2788.604848,65.56036737,21.60647507,0.133966667,0.027777778,0,-0.333333333
2022/3/22,2890.03,3052.85,2886.43,2969.64,564868.9839,2922.162,2897.116213,2922.162,3002.582573,2841.741427,73.61954043,111.1390847,0.26335,0.25,0.5,-1
2022/3/23,2969.64,3045.2,2920.65,3036,453962.7298,2941.578,2943.410809,2941.578,3064.468814,2818.687186,78.79088317,104.3477206,0,0,0,0
2022/3/24,3035.99,3129.11,2999.11,3110.76,577171.5239,2973.562,2999.193872,2973.562,3157.517589,2789.606411,83.37913723,123.1750637,0,0,0,1
2022/3/25,3110.75,3193.28,3076,3102.14,489099.5572,3021.714,3033.509248,3021.714,3188.21685,2855.21115,80.85800356,104.1663521,0.3818,0,1,-1
2022/3/26,3102.13,3153.2,3084.9,3145,207134.847,3072.708,3070.672832,3072.708,3197.642608,2947.773392,83.88624293,74.75011347,0,0,0,0
2022/3/27,3145.01,3299.37,3126.02,3295.65,335467.4145,3137.91,3145.665221,3137.91,3310.732312,2965.087688,90.4937639,141.2534457,0,0,0,0
2022/3/28,3295.65,3431.15,3275.01,3332.92,527237.1133,3197.294,3208.083481,3197.294,3391.912383,3002.675617,91.56356048,123.5708618,0,0.25,1,-1
2022/3/29,3332.91,3481.87,3329.68,3400.51,465899.8226,3255.244,3272.225654,3255.244,3482.158946,3028.329054,93.2783209,102.2889655,0,0.25,1,-1
2022/3/30,3400.51,3446.9,3331.84,3385.79,356082.5231,3311.974,3310.080436,3311.974,3494.999571,3128.948429,88.38762036,61.70643266,0.10775,0,0,-1
2022/3/31,3385.8,3444.83,3261.35,3281.51,455091.2395,3339.276,3300.556957,3339.276,3433.906618,3244.645382,60.36191348,-18.17533159,0.45595,0.325,0.5,-1
2022/4/1,3281.51,3481.29,3210.68,3455.21,532169.2392,3371.188,3352.107972,3371.188,3489.979508,3252.396492,76.12447671,31.94000738,0.16235,0.068181818,0.5,-1
2022/4/2,3455.2,3532.2,3433.14,3443.77,499893.29,3393.358,3382.661981,3393.358,3516.599034,3270.116966,73.71132515,148.2526956,0,0,0,0
2022/4/3,3443.77,3580.34,3412.11,3521.91,381581.7683,3417.638,3429.077987,3417.638,3578.9137,3256.3623,79.3109428,103.5276439,0,0,0,0
2022/4/4,3521.9,3547,3405.97,3519.5,449984.1586,3444.38,3459.218658,3444.38,3619.418769,3269.341231,78.66495455,58.05376015,-0.128,0.116883117,0,-1
2022/4/5,3519.5,3555,3400,3406.99,397782.7437,3469.476,3441.809105,3469.476,3559.01054,3379.94146,53.32101935,-12.54379652,0.34,0,1,-1
2022/4/6,3407,3407.5,3162.39,3168.51,736273.1047,3412.136,3350.709404,3412.136,3671.301088,3152.970912,28.76591458,-166.6666667,0,0,1,1
2022/4/7,3168.52,3268.98,3143.15,3227.19,458179.3272,3368.82,3309.536269,3368.82,3662.46075,3075.17925,37.60382278,-92.3778101,0.4019,0,0,-1
2022/4/8,3227.2,3314.02,3173.52,3192.39,502422.5048,3302.916,3270.487513,3302.916,3576.7852,3029.0468,34.43658371,-56.68614367,0,0.1,-1,-1
2022/4/9,3192.39,3268.4,3181.28,3258.57,212444.2566,3250.73,3266.515008,3250.73,3418.530998,3082.929002,45.37381197,-36.45456602,0,0,0,0
2022/4/10,3258.57,3307.22,3193,3203.04,232303.2326,3209.94,3245.356672,3209.94,3271.48346,3148.39654,38.61708841,22.9680085,0,0,0,0
2022/4/11,3203.04,3213.63,2950,2979.74,693394.2912,3172.186,3156.817782,3172.186,3369.939927,2974.432073,22.0856176,-166.6666667,0.0341,0.15625,-1,-1
2022/4/12,2979.75,3085,2950,3027.66,579522.9505,3132.28,3113.765188,3132.28,3349.135989,2915.424011,30.11121812,-92.76703537,0,0.35,1,-1
2022/4/13,3027.65,3128.97,2996.86,3118.28,419100.4286,3117.458,3115.270125,3117.458,3325.818225,2909.097775,43.79616504,-32.0461873,-0.10025,-0.1,-0.5,1
2022/4/14,3118.28,3145,2976.3,3021.98,408382.5572,3070.14,3084.173417,3070.14,3230.828433,2909.451567,34.75597823,-43.57202284,0.2294,0.25,0,-1
2022/4/15,3021.98,3060.92,2993.13,3040.56,249626.2981,3037.644,3069.635611,3037.644,3128.014712,2947.273288,37.84992212,-60.75867799,0.34,0,0,-1
2022/4/16,3040.57,3086.1,3010.03,3059.3,176352.4165,3053.556,3066.190407,3053.556,3123.176298,2983.935702,41.3560581,20.92327409,0,0,0,0
2022/4/17,3059.3,3083,2981.7,2988.06,243772.074,3045.636,3040.146938,3045.636,3132.188752,2959.083248,32.61333654,-110.4299722,0,0,0,0
2022/4/18,2988.07,3069.6,2883.22,3055.56,510251.6536,3033.092,3045.284626,3033.092,3085.236406,2980.947594,46.10699678,-113.988263,-0.3825,0,-0.5,0
2022/4/19,3055.56,3131,3030.34,3101.77,359375.0038,3049.05,3064.113084,3049.05,3122.364125,2975.735875,53.99090744,130.855541,0,0,0,0
2022/4/20,3101.74,3166.5,3036.45,3076.04,415000.0685,3056.146,3068.088722,3056.146,3131.635417,2980.656583,49.00167159,87.52324673,0,0.109090909,0,0
2022/4/21,3076.03,3180,2942.31,2983.58,562699.697,3041.002,3039.919148,3041.002,3135.796464,2946.207536,34.62806515,-23.17422976,0.5302,0.0375,1,-1
2022/4/22,2983.57,3034.32,2930.35,2962.39,452433.082,3035.868,3014.076099,3035.868,3143.488405,2928.247595,31.94378233,-102.3695076,-0.05135,0,-0.5,0
2022/4/23,2962.39,2978.03,2913.89,2933.03,187576.7324,3011.362,2987.060733,3011.362,3143.006517,2879.717483,28.16275136,-104.1896452,0,0,0,0
2022/4/24,2933.04,2967.06,2912.09,2921,218957.0222,2975.208,2965.040488,2975.208,3085.186088,2865.229912,26.553006,-76.10925774,0,0,0,0
2022/4/25,2920.99,3025.65,2797.01,3006.62,619198.3616,2961.324,2978.900326,2961.324,3024.409776,2898.238224,51.31164659,-47.7456887,-0.2023,0.136363636,0,-1
2022/4/26,3006.63,3039.54,2767,2809.67,531184.3504,2926.542,2922.490217,2926.542,3057.47538,2795.60862,26.05621268,-166.6666667,0.34,0,1,-1
2022/4/27,2809.68,2919.87,2794.46,2888.96,488951.2416,2911.856,2911.313478,2911.856,3039.850913,2783.861087,40.73552661,-87.6391044,0.0258,0.25,-1,1
2022/4/28,2888.95,2980,2853.83,2936.93,537392.9978,2912.636,2919.852319,2912.636,3041.183882,2784.088118,48.4714677,34.17025724,0,0.25,0,-1
2022/4/29,2936.92,2946.46,2776.63,2817.13,525978.147,2891.862,2885.611546,2891.862,3040.318974,2743.405026,34.43825807,-85.71748342,0.5267,0.375,1,-1
2022/4/30,2817.13,2841.63,2709.26,2726.66,367757.2469,2835.87,2832.627697,2835.87,2980.081299,2691.658701,27.04660752,-154.997239,0,0,0,0
2022/5/1,2726.67,2849.9,2716.13,2824.81,442544.8792,2838.898,2830.021798,2838.898,2981.407405,2696.388595,43.49380894,-57.44491427,0,0,0,0
2022/5/2,2824.81,2894.22,2778.78,2856.54,521706.8567,2832.414,2838.861199,2832.414,2968.004525,2696.823475,48.21189959,13.80278104,0.0267,0.193181818,0.5,0
2022/5/3,2856.54,2861.47,2755.19,2781.7,371331.1796,2801.368,2819.807466,2801.368,2889.957088,2712.778912,38.6879043,-22.41939182,-0.3612,-0.03125,-1,1
2022/5/4,2781.7,2965.85,2771.74,2940.64,548738.0668,2826.07,2860.084977,2826.07,2970.034825,2682.105175,59.77989501,124.9186138,-0.1806,0.083333333,0,1
2022/5/5,2940.65,2954.65,2683,2747.97,734845.3194,2830.332,2822.713318,2830.332,2963.098794,2697.565206,39.29605841,-59.47249549,0.1909,0,0,-1
2022/5/6,2747.96,2758.18,2632.95,2692.85,711449.3234,2803.94,2779.425545,2803.94,2976.964615,2630.915385,35.00652301,-146.2186759,0,-0.155555556,-1,1
2022/5/7,2692.86,2704.36,2584.75,2635.34,371271.4532,2759.7,2731.39703,2759.7,2966.18527,2553.21473,30.64388427,-106.2611887,0,0,0,0
2022/5/8,2635.35,2642,2484,2519.71,757615.3415,2707.302,2660.834687,2707.302,2985.407961,2429.196039,23.33507478,-106.844661,0,0,0,0
2022/5/9,2519.71,2530.78,2225,2228.55,1574924.979,2564.884,2516.739791,2564.884,2933.68864,2196.07936,13.32889669,-139.5963234,0,0.5,0,1
2022/5/10,2229,2457.34,2200,2342.05,1550626.139,2483.7,2458.509861,2483.7,2833.787277,2133.612723,28.30851568,-82.161995,-0.3612,0,0,-1
2022/5/11,2342.04,2451.37,2005,2084.99,2022864.838,2362.128,2334.003241,2362.128,2756.618621,1967.637379,19.00793543,-99.77174435,0,-0.155555556,0,1
2022/5/12,2084.99,2195,1800,1960.22,2305192.908,2227.104,2209.408827,2227.104,2617.23875,1836.96925,15.84875892,-125.6664795,-0.5423,0.136363636,0,-1
2022/5/13,1960.22,2147.54,1940.23,2009.69,1134042.339,2125.1,2142.835885,2125.1,2407.777059,1842.422941,22.25295448,-71.21861279,0,0,0,-1
2022/5/14,2009.69,2070.06,1951.21,2056.48,563788.3078,2090.686,2114.05059,2090.686,2355.967864,1825.404136,28.67084477,-49.00692975,0,0,0,0
2022/5/15,2056.47,2167,2000.68,2145.29,514398.2587,2051.334,2124.463727,2051.334,2177.897569,1924.770431,40.3528395,41.99661473,0,0,0,0
2022/5/16,2145.29,2145.29,1979.12,2023.66,822070.8531,2039.068,2090.862484,2039.068,2162.043677,1916.092323,31.51643066,22.11014679,0.34,0,1,-1
2022/5/17,2023.66,2122.42,2008,2090.72,568249.0448,2065.168,2090.81499,2065.168,2162.937703,1967.398297,40.4964529,43.30016636,-0.045,0.425,0,-1
2022/5/18,2090.72,2110.72,1908,1915.11,631577.2341,2046.252,2032.24666,2046.252,2200.132897,1892.371103,28.33452023,-128.4339385,0.0602,0.025,-0.5,-1
2022/5/19,1915.11,2040.39,1903.18,2019.55,741476.9794,2038.866,2028.01444,2038.866,2193.616852,1884.115148,41.41440919,-76.04077657,0,0,0,-1
2022/5/20,2019.55,2064,1923,1959.08,576981.5371,2001.624,2005.036293,2001.624,2121.756221,1881.491779,36.58218766,-56.49153166,0.4215,0,0,1
2022/5/21,1959.08,1990.86,1937.36,1975.07,238869.7632,1991.906,1995.047529,1991.906,2111.193955,1872.618045,38.93718643,-66.03908959,0,0,0,0
2022/5/22,1975.06,2056.41,1966.33,2043.19,355735.1927,1982.4,2011.095019,1982.4,2072.737332,1892.062668,49.0187152,165.5944951,0,0,0,0
2022/5/23,2043.19,2088.5,1957.12,1973.32,636085.0224,1994.042,1998.503346,1994.042,2057.778103,1930.305897,40.45523289,52.2370281,-0.1806,0.291666667,-0.5,-1
2022/5/24,1973.33,1993.83,1913.02,1979.41,534096.972,1986.014,1992.138897,1986.014,2044.795337,1927.232663,41.56742565,-82.80674879,0,0,0,0
2022/5/25,1979.4,2022.34,1934.61,1942.63,524786.3091,1982.724,1975.635932,1982.724,2048.582439,1916.865561,36.43047139,-52.50946159,0.34,0,1,-1
2022/5/26,1942.64,1966.01,1735,1792.23,1168740.575,1946.156,1914.500621,1946.156,2113.40421,1778.90779,22.3269394,-166.6666667,0,0.65,1,1
2022/5/27,1792.24,1822.26,1703,1727.27,1296693.285,1882.972,1852.090414,1882.972,2089.852351,1676.091649,18.46709444,-113.0748511,-0.3818,-0.125,0,-1
2022/5/28,1727.26,1808.98,1722.26,1792.22,558271.1818,1846.752,1832.133609,1846.752,2040.686157,1652.817843,32.95348055,-64.08547837,0,0,0,0
2022/5/29,1792.21,1827.4,1759.96,1813.64,432430.611,1813.598,1825.969073,1813.598,1955.062887,1672.133113,37.52915229,-27.33297969,0,0,0,0
2022/5/30,1813.64,2013,1803.18,1998.78,814922.8359,1824.828,1883.572715,1824.828,2008.191997,1641.464003,64.04230148,151.35761,0,0.25,0,-1
2022/5/31,1998.78,2016.45,1925,1941.9,751103.4226,1854.762,1903.015144,1854.762,2055.143528,1654.380472,55.06707766,92.40569467,0,-0.1,0,-1
2022/6/1,1941.9,1972.58,1763.75,1817.95,1037841.271,1872.898,1874.660096,1872.898,2036.96454,1708.83146,39.8532357,-13.50765532,0.4019,0,0,-1
2022/6/2,1817.96,1853.05,1782.42,1834.08,788784.4017,1881.27,1861.133397,1881.27,2031.721939,1730.818061,42.44004929,-57.55729452,0,0,0,-1
2022/6/3,1834.09,1843.91,1737,1775.12,741282.5346,1873.566,1832.462265,1873.566,2040.160069,1706.971931,35.46984809,-92.64120429,0.34,0,1,-1
2022/6/4,1775.13,1816,1748.43,1804.58,388279.4579,1834.726,1823.168176,1834.726,1948.672564,1720.779436,41.47339675,-68.19894891,0,0,0,0
2022/6/5,1804.58,1830.17,1773.05,1806.23,371974.5061,1807.592,1817.522118,1807.592,1846.314193,1768.869807,41.85213601,-23.06720996,0,0,0,0
2022/6/6,1806.22,1920,1804.35,1859.84,804250.3567,1815.97,1831.628078,1815.97,1873.560771,1758.379229,53.95396747,136.8690039,0,0,0,1
2022/6/7,1859.84,1874.98,1725.13,1813.33,1397598.229,1811.82,1825.528719,1811.82,1866.510081,1757.129919,44.01897009,-13.71651687,-0.4089,-0.1,-1,1
2022/6/8,1813.33,1838.77,1765.28,1791.88,941510.1373,1815.172,1814.312479,1815.172,1861.933439,1768.410561,39.79462176,-42.80996444,0,0,0,-1
2022/6/9,1791.88,1833,1777.33,1788.81,535310.9618,1812.018,1805.811653,1812.018,1863.13603,1760.89997,39.12292652,-47.86913374,0,0.5,0,1
2022/6/10,1788.8,1804.32,1655.93,1662.91,955035.7924,1783.354,1758.177769,1783.354,1914.06861,1652.63939,20.97454712,-166.6666667,-0.296,0,0,-1
2022/6/11,1662.91,1682.21,1496.74,1532.89,1220325.254,1717.964,1683.081846,1717.964,1931.244535,1504.683465,13.11871428,-142.1870958,0,0,0,0
2022/6/12,1532.89,1547,1423,1434.84,1563225.37,1642.266,1600.334564,1642.266,1924.080581,1360.451419,9.695597769,-111.845302,0,0,0,0
2022/6/13,1434.84,1455,1165.45,1209.82,3626351.665,1525.854,1470.163043,1525.854,1921.975949,1129.732051,5.544973518,-124.8752809,-0.5362,0,-0.5,1
2022/6/14,1209.35,1268.45,1075.8,1208.9,2716493.801,1409.872,1383.075362,1409.872,1767.861504,1051.882496,5.532868487,-101.5761844,0,0,1,-1
2022/6/15,1208.9,1250,1014.4,1237.52,3114823.136,1324.794,1334.556908,1324.794,1592.646584,1056.941416,12.92471813,-74.45358129,0.0258,0,-0.5,0
2022/6/16,1237.53,1257.85,1051.55,1068.5,1447386.83,1231.916,1245.871272,1231.916,1466.747536,997.0844636,8.192482235,-77.20757725,0.2023,0.5,0,-1
2022/6/17,1068.5,1118,1051.11,1086.94,1220677.949,1162.336,1192.894181,1162.336,1302.52251,1022.14949,12.55859803,-109.9305127,0,0,-0.5,0
2022/6/18,1086.93,1097.58,881.56,995.13,2308983.519,1119.398,1126.972787,1119.398,1300.616275,938.1797252,9.690457793,-137.3146726,0,0,0,0
2022/6/19,995.12,1158.62,936.15,1128.53,2018599.45,1103.324,1127.491858,1103.324,1262.900933,943.747067,36.16782161,-20.87302229,0,0,0,0
2022/6/20,1128.53,1170,1053,1128.24,1721772.913,1081.468,1127.741239,1081.468,1179.671111,983.2648885,36.13902975,69.37316871,0,0,0,-1
2022/6/21,1128.24,1194,1109.23,1125.85,1306095.376,1092.938,1127.110826,1092.938,1195.69442,990.1815801,35.84507074,102.6398114,0,0,-1,-1
2022/6/22,1125.86,1127.33,1043.65,1050.19,1306959.859,1085.588,1101.470551,1085.588,1194.104931,977.0710694,27.1168157,-10.33269481,-0.3182,0,-1,1
2022/6/23,1050.19,1155,1045.3,1144.72,1278257.09,1115.506,1115.887034,1115.506,1182.189823,1048.822177,47.19707447,28.21597421,0.128,0.25,1,-1
2022/6/24,1144.71,1245.43,1132,1225.02,1337137.483,1134.804,1152.264689,1134.804,1246.23126,1023.37674,59.14820544,140.6769705,0,0,0,1
2022/6/25,1225.02,1256.77,1180,1242.36,861986.6177,1157.628,1182.296459,1157.628,1297.458111,1017.797889,61.50028545,100.5644842,0,0,0,0
2022/6/26,1242.31,1280,1194.6,1197.79,884184.273,1172.016,1187.460973,1172.016,1310.605025,1033.426975,51.89948293,63.50151099,0,0,0,0
2022/6/27,1197.79,1238.93,1172.49,1192.51,868734.2061,1200.48,1189.143982,1200.48,1267.029714,1133.930286,50.72683017,16.51780408,0,0,0.5,0
2022/6/28,1192.51,1237.99,1136.32,1144.05,1104065.221,1200.346,1174.112655,1200.346,1267.345451,1133.346549,40.28437669,-133.4424098,0,-0.05,0,1
2022/6/29,1144.05,1156.8,1087.42,1100.21,1295517.796,1175.384,1149.478436,1175.384,1273.012123,1077.755877,32.6774372,-138.130452,0,-0.0375,0,-1
2022/6/30,1100.21,1106.62,998,1071.01,1420670.366,1141.114,1123.322291,1141.114,1240.913984,1041.314016,28.23798543,-117.9942965,0,0,0,-1
2022/7/1,1071.02,1117,1033.44,1059.73,1562255.144,1113.502,1102.124861,1113.502,1211.681915,1015.322085,26.49955921,-70.08548354,0.6597,1,1,-1
2022/7/2,1059.73,1078.88,1028.29,1067.01,714812.0804,1088.402,1090.419907,1088.402,1150.487822,1026.316178,29.97727323,-62.63804614,0,0,0,0
2022/7/3,1067.01,1088.34,1040.78,1074.26,644746.3337,1074.444,1085.033271,1074.444,1101.975496,1046.912504,33.87224523,-24.65709573,0,0,0,0
2022/7/4,1074.26,1160.9,1045.37,1151,1150108.986,1084.602,1107.022181,1084.602,1151.704839,1017.499161,61.9072803,166.6666667,-0.25,0,0,-1
2022/7/5,1151.01,1174.9,1076.34,1132.5,1398961.45,1096.9,1115.514787,1096.9,1171.63559,1022.16441,54.89427272,93.86166716,-0.054866667,0,-0.333333333,-0.333333333
2022/7/6,1132.51,1205,1111.44,1186.57,1211768.076,1122.268,1139.199858,1122.268,1213.583644,1030.952356,68.0975399,109.8687188,-0.17,0.25,0,-1
2022/7/7,1186.57,1254.29,1163.18,1237.49,1001316.079,1156.364,1171.963239,1156.364,1265.297595,1047.430405,76.27331344,123.2748523,0.34,0,1,-1
2022/7/8,1237.49,1276.46,1193.15,1214.04,1189518.363,1184.32,1185.988826,1184.32,1261.836061,1106.803939,66.46760109,91.15781619,0,0,0,0
2022/7/9,1214.03,1235.4,1204.67,1217.02,576337.1809,1197.524,1196.332551,1197.524,1270.178052,1124.869948,67.13868209,50.45762436,0,0,0,0
2022/7/10,1217.02,1219.95,1153,1168.36,1018038.651,1204.696,1187.008367,1204.696,1253.386817,1156.005183,47.66730171,-64.74341053,0,0,0,0
2022/7/11,1168.37,1171.29,1091.71,1096.4,1201652.305,1186.662,1156.805578,1186.662,1287.604916,1085.719084,31.03120011,-142.1230619,0,0,1,-1
2022/7/12,1096.37,1098.26,1033.46,1038.58,1261349.632,1146.88,1117.397052,1146.88,1285.929908,1007.830092,22.97701579,-119.559387,-0.3182,0,-1,1
2022/7/13,1038.58,1119.18,1006.32,1115,2035605.83,1127.072,1116.598035,1127.072,1249.424541,1004.719459,46.09280351,-62.13905652,0.01005,0.077171717,0,-1
2022/7/14,1115.01,1214.65,1072.11,1193.42,1605101.926,1122.352,1142.205356,1122.352,1231.577282,1013.126718,61.07677631,66.38964809,0,0,0,0
2022/7/15,1193.42,1287.82,1181.05,1231.25,1466037.258,1134.93,1171.886904,1134.93,1273.100071,996.7599286,66.66418923,129.1427143,0,0.1,0.5,0
2022/7/16,1231.25,1422.91,1191.23,1355.85,1493809.923,1186.82,1233.207936,1186.82,1401.70962,971.9303803,79.0473702,118.1638618,0,0,0,0
2022/7/17,1355.84,1387,1319.04,1338.65,1246202.88,1246.834,1268.355291,1246.834,1427.479036,1066.188964,74.28582856,91.19801932,0,0,0,0
2022/7/18,1338.65,1597.47,1336.07,1581.04,2029918.765,1340.042,1372.583527,1340.042,1610.84167,1069.24233,87.52405606,135.6665397,0.1591,0.125,1,-1
2022/7/19,1581.03,1631,1493.11,1542.32,1846048.682,1409.822,1429.162351,1409.822,1673.242141,1146.401859,79.36539059,98.71486002,0.34,0.118181818,1,-1
2022/7/20,1542.33,1620.4,1484.23,1521.58,1351177.425,1467.888,1459.968234,1467.888,1668.8483,1266.9277,74.70295457,61.11126671,0.1591,0,0,-1
2022/7/21,1521.63,1605.98,1463.56,1575.45,1247327.496,1511.808,1498.462156,1511.808,1690.365646,1333.250354,78.75509711,53.3733606,0.4019,0.05,0,-1
2022/7/22,1575.45,1650.05,1516.11,1535.27,1170723.087,1551.132,1510.731437,1551.132,1597.508103,1504.755897,68.52177821,97.65523566,0.25,0,0,-1
2022/7/23,1535.27,1596.51,1488,1548.67,851284.7339,1544.658,1523.377625,1544.658,1580.328024,1508.987976,70.13927371,-60.11577686,0,0,0,0
2022/7/24,1548.66,1664.34,1545.67,1597.7,1009935.9,1555.734,1548.15175,1555.734,1610.761534,1500.706466,75.82161472,144.9526433,0,0,0,0
2022/7/25,1597.7,1609.55,1435.58,1440.79,1418390.981,1539.576,1512.3645,1539.576,1647.373067,1431.778933,43.04995784,-140.7119411,0,0,1,1
2022/7/26,1440.79,1454.11,1356.17,1449.12,1199643.741,1514.31,1491.283,1514.31,1635.070092,1393.549908,44.63785606,-129.4036485,0,0,1,-1
2022/7/27,1449.12,1644.44,1420.83,1635.74,1513426.041,1534.404,1539.435333,1534.404,1690.649522,1378.158478,68.91202101,50.28306248,0,0.25,0,-1
2022/7/28,1635.74,1784.79,1593.27,1724.52,1578145.076,1569.574,1601.130222,1569.574,1789.158624,1349.989376,75.34137365,120.3291994,0.3818,0,0,-1
2022/7/29,1724.52,1765.99,1655.02,1721.68,1205266.57,1594.37,1641.313481,1594.37,1846.628145,1342.111855,74.7234358,87.68197963,0,0,0,0
2022/7/30,1721.68,1744.85,1673.01,1697,735132.5286,1645.612,1659.875654,1645.612,1852.222943,1439.001057,68.61064415,54.43041602,0,0,0,0
2022/7/31,1697,1754.69,1666,1678.12,696326.8079,1691.412,1665.957103,1691.412,1756.647365,1626.176635,63.63291325,33.64755172,0,0,0,0
2022/8/1,1678.12,1704.68,1606.12,1630.28,801566.5648,1690.32,1654.064735,1690.32,1759.320601,1621.319399,51.74273216,-166.6666667,0.3404,0.244444444,0,-1
2022/8/2,1630.28,1678,1559.28,1630.91,1081964.51,1671.598,1646.34649,1671.598,1744.033877,1599.162123,51.89070943,-106.9698786,0,0,0,-1
2022/8/3,1630.91,1685.03,1589.71,1618.16,777724.7413,1650.894,1636.950993,1650.894,1712.621338,1589.166662,48.15515786,-60.82732931,0,0.25,0,-1
2022/8/4,1618.16,1662.79,1580.39,1607.96,735552.181,1633.086,1627.287329,1633.086,1681.208935,1584.963065,44.9213242,-73.80391193,-0.5526,0.125,0,1
2022/8/5,1607.97,1742.07,1605.64,1736.81,1005846.471,1644.824,1663.794886,1644.824,1738.361051,1551.286949,73.26795079,153.4540207,0.08895,-0.150694444,0,1
2022/8/6,1736.81,1749.93,1685.26,1690.6,523314.6444,1656.888,1672.729924,1656.888,1755.245262,1558.530738,59.53274016,95.55956875,0,0,0,0
2022/8/7,1690.6,1729.79,1668,1700.19,439904.764,1670.744,1681.883283,1670.744,1770.073559,1571.414441,61.4094408,52.67637442,0,0,0,0
2022/8/8,1700.2,1818,1693.87,1777.05,781620.5443,1702.522,1713.605522,1702.522,1815.019587,1590.024413,73.65119997,136.2784526,-0.11205,0.355,-0.5,1
2022/8/9,1777.05,1790.83,1667.93,1702.76,818171.1019,1721.482,1709.990348,1721.482,1785.233459,1657.730541,53.24433951,11.08555407,-0.07185,0.195833333,-0.25,0
2022/8/10,1702.76,1885,1656.78,1853.57,1317767.513,1744.834,1757.850232,1744.834,1869.945225,1619.722775,72.54644676,117.9182622,0.5423,0.5,0,-1
2022/8/11,1853.58,1942,1850.32,1880.19,1105261.901,1782.752,1798.630155,1782.752,1931.767622,1633.736378,74.83835624,138.1494632,0,0.35,-1,-1
2022/8/12,1880.19,1964.71,1853.06,1958.28,717628.1015,1834.37,1851.84677,1834.37,2009.706419,1659.033581,80.73562799,99.58805873,0,0,0,1
2022/8/13,1958.28,2020,1946.5,1983.55,695876.0293,1875.67,1895.747846,1875.67,2073.395497,1677.944503,82.40383516,95.67177657,0,0,0,0
2022/8/14,1983.55,2030,1906,1935.31,569583.4852,1922.18,1908.935231,1922.18,2018.978248,1825.381752,68.29217408,57.86009388,0,0,0,0
2022/8/15,1935.32,2012.47,1872.31,1899.06,949162.3305,1931.278,1905.643487,1931.278,2006.780107,1855.775893,58.82907368,-22.4428255,0,0,0,0
2022/8/16,1899.05,1915,1853,1876.67,622729.1499,1930.574,1895.985658,1930.574,2008.0093,1853.1387,53.14356544,-126.793117,0.3612,0.05,0,-1
2022/8/17,1876.67,1959.43,1818.74,1834.25,951824.8975,1905.768,1875.407105,1905.768,2007.470643,1804.065357,43.24560259,-92.6705718,-0.5423,0,-1,-1
2022/8/18,1834.24,1882.37,1821.25,1846.39,606254.024,1878.336,1865.734737,1878.336,1951.232742,1805.439258,46.79079597,-87.84458834,0,0,0,0
2022/8/19,1846.39,1848,1602.37,1609.01,1419826.952,1813.076,1780.159825,1813.076,2022.147353,1604.004647,18.51796948,-166.6666667,0.061333333,0.038888889,0.333333333,-0.333333333
2022/8/20,1609,1657.08,1523.67,1576.04,914615.9226,1748.472,1712.119883,1748.472,2005.474679,1491.469321,16.75979368,-113.5994277,0,0,0,0
2022/8/21,1576.03,1646.52,1562.34,1618.13,780662.6062,1696.764,1680.789922,1696.764,1932.982026,1460.545974,27.71207704,-66.27993059,0,0,0,0
2022/8/22,1618.13,1629.72,1529.92,1624.66,941192.8954,1654.846,1662.079948,1654.846,1849.288151,1460.403849,29.51069538,-56.91928551,-0.13795,-0.05,-1,1
2022/8/23,1624.65,1676.07,1563.76,1665.41,940246.932,1618.65,1663.189965,1618.65,1676.14038,1561.15962,40.96806085,27.85695776,-0.433633333,0.1,-0.666666667,-0.333333333
2022/8/24,1665.4,1694.13,1604.92,1656.56,744667.6078,1628.16,1660.979977,1628.16,1691.553803,1564.766197,39.23673019,108.1298219,-0.1027,-0.291666667,0,-1
2022/8/25,1656.56,1722,1653.68,1695.11,603090.713,1651.974,1672.356651,1651.974,1708.214504,1595.733496,50.60317763,129.2083278,0.7184,0.47,1,-1
2022/8/26,1695.11,1706.45,1486.85,1508.18,1149912.829,1629.984,1617.631101,1629.984,1759.806157,1500.161843,23.71470959,-107.8780033,-0.33575,-0.125,-0.5,0
2022/8/27,1508.18,1518.42,1447.52,1491.06,756136.6768,1603.264,1575.440734,1603.264,1774.772557,1431.755443,22.35484785,-125.9939248,0,0,0,0
2022/8/28,1491.06,1511,1424,1426.76,544846.4486,1555.534,1525.880489,1555.534,1760.804073,1350.263927,17.61317299,-95.31644903,0,0,0,0
2022/8/29,1426.76,1559.99,1422.08,1551.8,826252.0831,1534.582,1534.520326,1534.582,1714.098043,1355.065957,45.64057794,-29.07277287,0,0,-1,-1
2022/8/30,1551.79,1606.13,1473.61,1524.59,1003075.017,1500.478,1531.210217,1500.478,1584.371739,1416.584261,41.77486374,49.49390064,-0.23835,0.375,1,-1
2022/8/31,1524.59,1619.78,1524.59,1554.1,949227.6775,1509.662,1538.840145,1509.662,1604.285329,1415.038671,47.77186087,114.6095235,-0.2553,0,-0.5,0
2022/9/1,1554.11,1599,1512.77,1586.16,728710.482,1528.682,1554.61343,1528.682,1637.820722,1419.543278,54.18065765,75.21978036,0.43035,0.04,0.5,-1
2022/9/2,1586.17,1650,1546.41,1575.35,919009.6598,1558.4,1561.52562,1558.4,1600.949606,1515.850394,51.51632171,99.89295375,0,0.083333333,0,-0.333333333
2022/9/3,1575.35,1582.71,1534.28,1557.46,321397.2189,1559.532,1560.170413,1559.532,1601.617652,1517.446348,46.75957599,-24.89766257,0,0,0,0
2022/9/4,1557.45,1583.66,1540.66,1579.28,296591.1166,1570.47,1566.540276,1570.47,1595.527432,1545.412568,53.32952142,-15.04100152,0,0,0,0
2022/9/5,1579.29,1631.99,1556.56,1617.8,503492.937,1583.21,1583.62685,1583.21,1622.660806,1543.759194,63.31827957,108.0813458,0,0,0,0
2022/9/6,1617.8,1687.4,1555,1559.01,1010722.858,1577.78,1575.421234,1577.78,1621.36872,1534.19128,44.96027729,66.53971099,0.152933333,0.073333333,-0.333333333,-1
2022/9/7,1559.01,1657.5,1490.66,1630,850991.4243,1588.71,1593.614156,1588.71,1648.70113,1528.71887,61.71477054,33.14829044,0.4404,0.5,0,-1
2022/9/8,1630,1663.56,1595.06,1635.37,645124.0085,1604.292,1607.53277,1604.292,1664.193713,1544.390287,62.78591855,145.2354508,0.018966667,0,0,-0.333333333
2022/9/9,1635.37,1746.13,1630.51,1718.23,837458.2126,1632.082,1644.431847,1632.082,1733.98437,1530.17963,75.82925944,153.3904169,0.0611,0.208333333,0,-0.333333333
2022/9/10,1718.24,1789,1706.03,1774.12,411046.2466,1663.346,1687.661231,1663.346,1813.182566,1513.509434,81.34276695,117.1882042,0,0,0,0
2022/9/11,1774.12,1789,1720.1,1766.11,409287.7263,1704.766,1713.810821,1704.766,1828.572632,1580.959368,78.14923571,78.44571863,0,0,0,0
2022/9/12,1766.12,1783,1693,1716.37,630774.6032,1722.04,1714.663881,1722.04,1820.884707,1623.195293,59.89621057,26.13125575,0,0,0,0
2022/9/13,1716.37,1760.51,1560.54,1574.4,1134549.726,1709.846,1667.909254,1709.846,1853.387653,1566.304347,32.6709278,-138.6356073,-0.1884,0.075,-1,0
2022/9/14,1574.4,1647.01,1552.38,1638.39,764562.5393,1693.878,1658.069502,1693.878,1847.542677,1540.213323,46.39804201,-93.90131808,-0.1462,0,0.5,1
2022/9/15,1638.4,1655.2,1458,1472.75,1335499.805,1633.604,1596.296335,1633.604,1841.084273,1426.123727,27.95585245,-111.9606084,-0.1204,0.106060606,0,-0.333333333
2022/9/16,1472.76,1483.35,1405.52,1433.9,693597.2425,1567.162,1542.164223,1567.162,1775.125901,1359.198099,25.03809056,-118.4235508,-0.052833333,-0.004166667,0.666666667,-1
2022/9/17,1433.9,1476.13,1409.12,1468.83,421391.3743,1517.654,1517.719482,1517.654,1670.525645,1364.782355,32.90793005,-76.38922649,-0.3597,0.5,-1,1
2022/9/18,1468.82,1469.63,1325.55,1334.51,804113.468,1469.676,1456.649655,1469.676,1665.684875,1273.667125,21.87103892,-99.18200024,0,0,0,0
2022/9/19,1334.51,1393.35,1280,1375.98,974855.198,1417.194,1429.75977,1417.194,1525.146114,1309.241886,30.82469924,-100.1714826,-0.6124,0.5,0,1
2022/9/20,1375.98,1384.78,1312.71,1322.93,658027.1465,1387.23,1394.149847,1387.23,1499.93173,1274.52827,26.05082093,-79.07951158,0,0.5,0,-1
2022/9/21,1322.94,1408.9,1220,1245.78,1192266.738,1349.606,1344.693231,1349.606,1495.562943,1203.649057,20.32781957,-112.5156005,0.07365,0.175,0.5,-1
2022/9/22,1245.79,1350.08,1237.32,1326.46,904282.2725,1321.132,1338.615487,1321.132,1405.497008,1236.766992,38.10293609,-67.53382498,0.6369,0,1,-1
2022/9/23,1326.47,1360,1262.15,1327.25,974052.3644,1319.68,1334.826992,1319.68,1403.320831,1236.039169,38.27149926,-13.79249219,0,0,0,0
2022/9/24,1327.24,1349.33,1306.52,1317.13,517557.3497,1307.91,1328.927994,1307.91,1370.448844,1245.371156,36.67232946,42.80933882,0,0,0,0
2022/9/25,1317.13,1337,1269.27,1294.63,515533.8409,1302.25,1317.49533,1302.25,1363.434729,1241.065271,32.8567876,-46.06878552,0,0,0,0
2022/9/26,1294.62,1340.42,1277.85,1336.17,799166.4333,1320.328,1323.72022,1320.328,1348.712487,1291.943513,45.85708643,43.43375571,0,0,0,0
2022/9/27,1336.17,1400,1303.75,1328.02,860584.8944,1320.64,1325.15348,1320.64,1349.319994,1291.960006,43.77829374,143.8512406,0,0,0,0
2022/9/28,1328.01,1355.7,1253.2,1337.2,919314.9131,1322.63,1329.168987,1322.63,1354.112295,1291.147705,47.15142389,-30.66582395,0,0,0,0
2022/9/29,1337.2,1352.02,1288.52,1335.7,770591.6895,1326.344,1331.345991,1326.344,1358.723308,1293.964692,46.5806122,28.39447544,0.5423,0.25,0,1
2022/9/30,1335.69,1373.19,1313.35,1328.72,740753.611,1333.162,1330.470661,1333.162,1341.05967,1325.26433,43.51635817,65.58201946,0,0,0,0
2022/10/1,1328.71,1333.69,1302.68,1311.79,252081.9056,1328.286,1324.243774,1328.286,1346.326043,1310.245957,36.28030079,-73.62093529,0,0,0,0
2022/10/2,1311.79,1317.93,1270,1276.72,371740.0407,1318.026,1308.402516,1318.026,1363.098808,1272.953192,25.36082733,-155.8932586,0,0,0,0
2022/10/3,1276.72,1329.9,1263.04,1323.09,483775.2435,1315.204,1313.298344,1315.204,1356.750417,1273.657583,50.15553911,-43.487567,0,0,0,0
2022/10/4,1323.1,1369.55,1318.66,1361.49,476207.6702,1320.362,1329.362229,1320.362,1375.111713,1265.612287,62.90980585,102.7988786,0,0,0,-1
2022/10/5,1361.5,1364.77,1316.29,1352.2,483508.7782,1325.058,1336.97482,1325.058,1385.591983,1264.524017,58.39143142,74.67559825,0,0,0,0
2022/10/6,1352.2,1383.99,1345.01,1352.06,573975.324,1333.112,1342.003213,1333.112,1395.13901,1271.08499,58.31253667,77.85665991,0,0,0,0
2022/10/7,1352.07,1361.75,1317.26,1331.1,491999.8776,1343.988,1338.368809,1343.988,1372.856545,1315.119455,46.5437077,-12.01132904,0,0,0,0
2022/10/8,1331.1,1337.35,1303.51,1315.48,203391.6612,1342.466,1330.739206,1342.466,1376.005688,1308.926312,39.17801624,-135.5952631,0,0,0,0
2022/10/9,1315.48,1329,1307.26,1323.13,186201.9185,1334.794,1328.202804,1334.794,1364.778112,1304.809888,44.55011079,-80.80012757,0,0,0,0
2022/10/10,1323.13,1338,1288,1290.03,393663.0114,1322.36,1315.478536,1322.36,1362.873048,1281.846952,30.14817958,-93.65727307,0.4404,0.16,0,-1
2022/10/11,1290.03,1298,1267.01,1280.11,429430.3941,1307.97,1303.689024,1307.97,1347.154138,1268.785862,26.89146233,-135.3295907,0.0772,0,0,-1
2022/10/12,1280.11,1306.87,1275.25,1294.44,369712.5759,1300.638,1300.606016,1300.638,1332.868652,1268.407348,38.82427027,-57.05344247,0,0,0,0
2022/10/13,1294.44,1301.58,1190,1287.08,945618.3163,1294.958,1296.097344,1294.958,1324.632785,1265.283215,35.14179276,-127.1063197,0,-0.1,0,1
2022/10/14,1287.08,1343.12,1283.39,1296.27,669742.8093,1289.586,1296.154896,1289.586,1301.058015,1278.113985,43.50536344,81.85853891,0,0,0,0
2022/10/15,1296.26,1301.69,1263.64,1274.92,287100.9529,1286.564,1289.076597,1286.564,1302.903912,1270.224088,31.65242238,-22.03024371,0,0,0,0
2022/10/16,1274.93,1315.35,1274.67,1305.95,293321.3632,1291.732,1294.701065,1291.732,1312.407835,1271.056165,54.28158204,51.70540748,0,0,0,0
2022/10/17,1305.96,1338.57,1295.64,1331.4,459848.4941,1299.124,1306.934043,1299.124,1337.358762,1260.889238,65.86747956,99.43491716,0,0,0,0
2022/10/18,1331.39,1341.73,1286.72,1310.71,572728.9189,1303.85,1308.192696,1303.85,1340.780999,1266.919001,52.37861938,49.28993818,0,0,0,0
2022/10/19,1310.71,1313.5,1280.31,1285.09,368637.5105,1301.614,1300.491797,1301.614,1341.356734,1261.871266,39.77174332,-43.17213075,0,0,0,0
2022/10/20,1285.09,1310.87,1270.36,1282.57,428531.6103,1303.144,1294.517865,1303.144,1339.06342,1267.22458,38.62861751,-85.60465631,0,0.068181818,0,-1
2022/10/21,1282.57,1306.97,1252.65,1299.75,468076.7986,1301.904,1296.26191,1301.904,1337.778375,1266.029625,50.70316963,-68.6013159,0,0,0,0
2022/10/22,1299.76,1320.2,1294.32,1313.61,221776.7007,1298.346,1302.044607,1298.346,1323.840048,1272.851952,58.86467296,71.77817447,0,0,0,0
2022/10/23,1313.62,1371.55,1299.44,1364.2,432269.46,1309.044,1322.763071,1309.044,1368.5357,1249.5523,76.56607494,148.3771252,0,0,0,0
2022/10/24,1364.19,1370.6,1324.17,1343.61,611830.797,1320.748,1329.712047,1320.748,1379.808471,1261.687529,62.81445174,84.78105383,0,0,0,0
2022/10/25,1343.61,1525.16,1334.94,1459.74,1127932.901,1356.182,1373.054698,1356.182,1469.119323,1243.244677,83.59151488,165.3851356,0,0,0,0
2022/10/26,1459.74,1594.99,1457.44,1566.1,1236044.702,1409.452,1437.403132,1409.452,1594.137853,1224.766147,89.99279366,127.5961366,0,0,0,0
2022/10/27,1566.11,1578.58,1503.2,1514.05,869454.4851,1449.54,1462.952088,1449.54,1620.082415,1278.997585,72.65427967,80.02189343,0,0,0,0
2022/10/28,1514.04,1574.9,1479.82,1554.41,858954.4425,1487.582,1493.438059,1487.582,1649.655383,1325.508617,76.95733794,55.97670585,0,0,0,0
2022/10/29,1554.4,1663.06,1547.66,1619.55,914161.0846,1542.77,1535.475372,1542.77,1649.70462,1435.83538,82.50983536,142.8198972,0,0,0,0
2022/10/30,1619.55,1640.06,1576.56,1590.44,476036.4243,1568.91,1553.796915,1568.91,1639.653006,1498.166994,72.72121857,75.68846623,0,0,0,0
2022/10/31,1590.45,1635.8,1545.43,1572.69,810334.2414,1570.228,1560.09461,1570.228,1640.958038,1499.497962,66.69079693,24.7497759,0,0,0,0
2022/11/1,1572.69,1612.92,1563.69,1578.48,527539.2965,1583.114,1566.223073,1583.114,1626.337195,1539.890805,67.78022668,4.691330196,0,0,0,0
2022/11/2,1578.47,1621.68,1502.32,1518.34,981395.3648,1575.9,1550.262049,1575.9,1641.9112,1509.8888,47.57679823,-157.8285108,0,0,-1,1
2022/11/3,1518.33,1559.01,1515.17,1531.01,560202.8813,1558.192,1543.844699,1558.192,1614.681089,1501.702911,51.3922892,-100.7344538,0,0,0,0
2022/11/4,1531.01,1680,1528.4,1644.78,935531.4781,1569.06,1577.4898,1569.06,1657.855282,1480.264718,73.24742844,111.3917776,0,0,0,0
2022/11/5,1644.78,1666.97,1621.42,1626.98,351385.5362,1579.918,1593.986533,1579.918,1680.348359,1479.487641,67.32716548,102.9210004,0,0,0,0
2022/11/6,1626.98,1639.02,1564.39,1568.29,414863.9525,1577.88,1585.421022,1577.88,1678.756941,1477.003059,50.50339574,8.809760497,0,0,0,0
2022/11/7,1568.25,1608.04,1545.03,1568.1,642409.4494,1587.832,1579.647348,1587.832,1671.620409,1504.043591,50.45237883,-39.16973854,0.0258,0.2,0,0
2022/11/8,1568.09,1579.98,1233,1334.77,2339916.509,1548.584,1498.021565,1548.584,1771.088347,1326.079653,19.78001722,-166.6666667,0,0,0,0
2022/11/9,1334.78,1337.16,1073.53,1102.73,2494797.936,1440.174,1366.25771,1440.174,1832.758981,1047.589019,11.26596562,-128.6454413,-0.272966667,0,0,-0.333333333
2022/11/10,1102.73,1350,1085.93,1299.28,1975955.677,1374.634,1343.931807,1374.634,1728.052606,1021.215394,39.04596699,-64.87449839,-0.3612,0,-1,1
2022/11/11,1299.28,1310,1201.26,1289.28,1308087.15,1318.832,1325.714538,1318.832,1615.943739,1021.720261,38.28372445,-33.84001491,0,0,0,0
2022/11/12,1289.35,1292.16,1238.7,1257.25,547772.9172,1256.662,1302.893025,1256.662,1418.34439,1094.97961,35.50839234,-4.185037362,0,0,0,0
2022/11/13,1257.25,1274.23,1200.66,1221.49,547410.5304,1234.006,1275.758684,1234.006,1376.122099,1091.889901,32.24606123,-8.471469348,0,0,0,0
2022/11/14,1221.5,1291.2,1171.13,1243.28,934742.0059,1262.116,1264.932456,1262.116,1319.721489,1204.510511,36.67730986,-67.0667616,0,0,0,0
2022/11/15,1243.29,1291,1234.01,1253.23,632825.568,1252.906,1261.031637,1252.906,1296.921162,1208.890838,38.95612718,38.62501026,0,0,0,0
2022/11/16,1253.22,1268.67,1187.06,1216.17,673339.7215,1238.284,1246.077758,1238.284,1271.499894,1205.068106,33.36572482,-84.87673917,0,0,0,0
2022/11/17,1216.16,1228.22,1181.05,1200.43,530537.3488,1226.92,1230.861839,1226.92,1264.937188,1188.902812,31.00367126,-133.5925481,0.4019,0.136363636,0,1
2022/11/18,1200.42,1234,1199.18,1212.58,360218.5337,1225.138,1224.767892,1225.138,1264.805682,1185.470318,35.41531359,-50.93856989,0,0,0,0
2022/11/19,1212.58,1235,1197.67,1217.67,209789.5888,1220.016,1222.401928,1220.016,1255.369876,1184.662124,37.50774871,-32.24329708,0,0,0,0
2022/11/20,1217.67,1227.07,1132.65,1142.21,531108.7607,1197.812,1195.671286,1197.812,1254.718144,1140.905856,23.43667021,-158.0354123,0,0,0,0
2022/11/21,1142.21,1146.99,1079.76,1107.34,922647.9454,1176.046,1166.227524,1176.046,1263.348964,1088.743036,19.26254704,-136.9821154,0,0,0,0
2022/11/22,1107.34,1146.13,1075,1139.6,748884.5791,1163.88,1157.351682,1163.88,1251.153973,1076.606027,33.0515353,-75.99012084,0,0,0,0
2022/11/23,1139.59,1190,1127.75,1184.52,636927.1594,1158.268,1166.407788,1158.268,1235.301914,1081.234086,48.39257911,22.04629463,0,-0.25,0,1
2022/11/24,1184.52,1217.71,1180.6,1203.73,486080.6123,1155.48,1178.848526,1155.48,1224.281808,1086.678192,54.02429014,104.7765111,0,0,0,1
2022/11/25,1203.72,1207.77,1171.2,1199.3,391430.1658,1166.898,1185.665684,1166.898,1241.781146,1092.014854,52.37668702,66.88399573,0,0,0,0
2022/11/26,1199.29,1235.66,1196.2,1205.6,379840.8116,1186.55,1192.310456,1186.55,1235.776341,1137.323659,54.82575733,80.66740561,0,0,0,0
2022/11/27,1205.61,1223.33,1188.65,1193.88,286386.7986,1197.406,1192.833637,1197.406,1212.616615,1182.195385,48.96968979,38.37304238,0,0,0,0
2022/11/28,1193.88,1199.25,1151.02,1167.77,478795.6093,1194.056,1184.479091,1194.056,1221.55632,1166.55568,37.74309155,-145.7934078,-0.0258,0,-1,1
2022/11/29,1167.77,1228.37,1158.27,1216.49,512143.5861,1196.608,1195.149394,1196.608,1229.134532,1164.081468,59.43451074,30.07236511,0,0,0,0
2022/11/30,1216.49,1309.77,1212.5,1294.46,815679.2717,1215.64,1228.25293,1215.64,1300.865118,1130.414882,76.09571621,165.5512873,0,0,0,0
2022/12/1,1294.46,1299.9,1262.77,1276.41,430018.7391,1229.802,1244.305286,1229.802,1326.418897,1133.185103,68.01226826,89.4868186,0,0,0,0
2022/12/2,1276.4,1297.18,1265.24,1295.59,371559.585,1250.144,1261.400191,1250.144,1350.69137,1149.59663,71.96756181,65.60585211,0.4215,0,0,-1
2022/12/3,1295.58,1309,1236.26,1240.51,347148.2588,1264.692,1254.436794,1264.692,1327.214531,1202.169469,49.84370166,4.909420903,0,0,0,0
2022/12/4,1240.5,1287.19,1240.1,1279.41,324129.5466,1277.276,1262.761196,1277.276,1317.153163,1237.398837,60.54995083,-44.45951063,0,0,0,0
2022/12/5,1279.4,1305.11,1246.61,1259.41,391628.5166,1270.266,1261.644131,1270.266,1307.85258,1232.67942,53.24553525,-26.42541158,0,0,0,0
2022/12/6,1259.41,1274.76,1241.56,1271.32,301631.839,1269.248,1264.86942,1269.248,1306.386867,1232.109133,57.09801891,-74.8718986,0.6369,0.25,0,-1
2022/12/7,1271.31,1278.69,1218.01,1231.18,398559.5166,1256.366,1253.639614,1256.366,1292.694075,1220.037925,42.3849062,-166.6666667,0,0,0,0
2022/12/8,1231.18,1292.58,1222.01,1280.18,406653.5447,1264.3,1262.486409,1264.3,1300.638557,1227.961443,58.64546291,26.39812506,0,0,0,0
2022/12/9,1280.18,1296.64,1250,1263.1,406008.0032,1261.038,1262.690939,1261.038,1294.150391,1227.925609,52.22351161,67.14422813,0,0,0,-1
2022/12/10,1263.11,1283.61,1259.6,1266.35,182278.6396,1262.426,1263.910626,1262.426,1295.730322,1229.121678,53.4363015,67.89230045,0,0,0,0
2022/12/11,1266.35,1284.75,1255.85,1263.01,180494.902,1260.764,1263.610418,1260.764,1292.937267,1228.590733,51.74879783,39.46193711,0,0,0,0
2022/12/12,1263,1278.9,1240.03,1275.4,363750.5481,1269.608,1267.540278,1269.608,1283.516751,1255.699249,57.91193885,-85.66819494,0,0,0,0
2022/12/13,1275.41,1349,1255.1,1320.69,659393.8825,1277.71,1285.256852,1277.71,1321.630002,1233.789998,73.42298737,166.6666667,0,0,0,0
2022/12/14,1320.69,1352.72,1301,1307.44,554465.5717,1286.578,1292.651235,1286.578,1332.954045,1240.201955,64.70274576,101.3130055,0,0,0,0
2022/12/15,1307.45,1311.14,1259.27,1266.54,390051.2447,1286.616,1283.94749,1286.616,1332.925948,1240.306052,44.36976535,-28.78128423,0,0.1,0,-1
2022/12/16,1266.53,1280.06,1155.32,1166.83,751422.2779,1267.38,1244.908327,1267.38,1375.53577,1159.22423,22.66488816,-147.0582772,0,0,0,0
2022/12/17,1166.82,1190.03,1161.92,1187.16,328881.6281,1249.732,1225.658884,1249.732,1374.426047,1125.037953,31.23780495,-96.33716483,0,0,0,0
2022/12/18,1187.16,1199.54,1170.32,1183.06,252260.144,1222.206,1211.459256,1222.206,1331.960166,1112.451834,30.38858752,-60.46896162,0,0,0,0
2022/12/19,1183.06,1195,1150.51,1167.82,296832.7228,1194.282,1196.912838,1194.282,1268.31834,1120.24566,26.98057828,-69.84994256,0,0,0,0
2022/12/20,1167.82,1230.47,1163.12,1216.94,465184.1943,1184.362,1203.588558,1184.362,1220.714264,1148.009736,49.70520277,91.44249513,0,0,0,-1
2022/12/21,1216.95,1223.39,1203.02,1213.78,245723.8377,1193.752,1206.985706,1193.752,1231.371634,1156.132366,48.49163538,106.1582693,0,0,0,-1
2022/12/22,1213.78,1237.99,1182.54,1217.71,336761.6598,1199.862,1210.56047,1199.862,1240.975666,1158.748334,50.37518233,67.91040052,0,0,0,0
2022/12/23,1217.72,1231.99,1210,1219.99,278604.2882,1207.248,1213.703647,1207.248,1246.876082,1167.619918,51.65716776,80.39104024,0,0,0,0
2022/12/24,1219.98,1227.99,1214.69,1220.41,123701.5301,1217.766,1215.939098,1217.766,1222.541816,1212.990184,51.94303538,85.67759812,0,0,0,0
2022/12/25,1220.42,1225,1193.18,1218.51,231652.0612,1218.08,1216.796065,1218.08,1222.803456,1213.356544,50.26233667,-65.23188706,0,0,0,0
2022/12/26,1218.52,1231.09,1211.67,1228.11,162723.0857,1220.946,1220.567377,1220.946,1228.371896,1213.520104,58.70190453,83.26849802,0,0,0,0
2022/12/27,1228.12,1233.73,1200.58,1211.55,262437.6398,1219.714,1217.561585,1219.714,1230.264978,1209.163022,42.97747655,-56.84208094,0,0,0,0
2022/12/28,1211.55,1215.78,1181.06,1190.15,367828.8914,1213.746,1208.42439,1213.746,1239.592048,1187.899952,29.99755691,-155.0877801,0,0,0,0
2022/12/29,1190.15,1206.57,1186.77,1200.49,249130.4869,1209.762,1205.779593,1209.762,1236.399929,1183.124071,40.79679441,-75.51182831,0,0,0,0
2022/12/30,1200.48,1202.15,1181.08,1199.99,266014.2115,1206.058,1203.849729,1206.058,1231.939893,1180.176107,40.41988718,-65.01859705,0,0,0,0
2022/12/31,1199.98,1208.46,1191.66,1196.13,139379.2811,1199.662,1201.276486,1199.662,1213.664025,1185.659975,37.11130469,-18.59735604,0,0,0,0
2023/1/1,1196.13,1204.67,1190.57,1200.34,117762.0685,1197.42,1200.964324,1197.42,1205.373525,1189.466475,43.42490345,60.49870929,0,0,0,0
2023/1/2,1200.33,1224.29,1193,1214,252794.14,1202.19,1205.309549,1202.19,1214.432621,1189.947379,59.79531703,166.6666667,0,0,0,0
2023/1/3,1213.99,1219.89,1204.93,1214.55,205519.4944,1205.002,1208.3897,1205.002,1220.434306,1189.569694,60.37242078,96.18909424,0,0,0,0
2023/1/4,1214.56,1272.6,1212.71,1256.9,457799.6648,1216.384,1224.5598,1216.384,1259.44886,1173.31914,83.36084621,166.6666667,0,0,0,0
2023/1/5,1256.91,1259.95,1242.81,1251.24,272805.33,1227.406,1233.4532,1227.406,1272.265973,1182.546027,75.99581813,89.83006017,0,0,0,0
2023/1/6,1251.25,1276.7,1236,1269.14,342344.2023,1241.166,1245.3488,1241.166,1286.579583,1195.752417,82.20947927,80.74190543,0,0,0,0
2023/1/7,1269.13,1271.09,1261.3,1264.07,129474.2884,1251.18,1251.5892,1251.18,1289.787695,1212.572305,75.30764299,86.05522,0,0,0,0
2023/1/8,1264.06,1296,1257.77,1290.16,213636.7848,1266.302,1264.446133,1266.302,1293.097547,1239.506453,83.96632726,137.5124405,0,0,0,0
2023/1/9,1290.15,1344.91,1285.44,1320.39,581727.6968,1279,1283.094089,1279,1327.401816,1230.598184,89.36676406,145.1953684,0.0258,0.1,0,-1
2023/1/10,1320.4,1347.69,1316.8,1335.62,459660.2307,1295.876,1300.602726,1295.876,1352.016037,1239.735963,91.22752217,103.7390841,0,0,0,0
2023/1/11,1335.63,1398,1321.04,1389.39,472465.9556,1319.926,1330.198484,1319.926,1405.144175,1234.707825,95.05017303,117.266165,0,0,0,0
2023/1/12,1389.4,1438,1361.92,1415.92,877712.4492,1350.296,1358.772323,1350.296,1442.213104,1258.378896,96.09866066,115.687692,0,0,0,0
2023/1/13,1415.91,1464,1401.03,1451.2,499377.8649,1382.504,1389.581548,1382.504,1480.236062,1284.771938,97.11462228,111.6412321,-0.8773,-0.11875,-1,1
2023/1/14,1451.21,1599.98,1449.14,1549.9,940691.7774,1428.406,1443.021032,1428.406,1571.424177,1285.387823,98.48986266,139.5229988,0,0,0,0
2023/1/15,1549.91,1566.66,1516.03,1552.52,387832.7138,1471.786,1479.520688,1471.786,1607.295911,1336.276089,98.5133737,89.56004553,0,0,0,0
2023/1/16,1552.52,1604.5,1521.31,1576.94,574622.8953,1509.296,1511.993792,1509.296,1636.376863,1382.215137,98.74162796,76.44239564,0,0,0,0
2023/1/17,1576.94,1609,1541.15,1565.57,506771.7219,1539.226,1529.852528,1539.226,1629.361869,1449.090131,90.64189194,73.21885794,-0.064,0,0,-1
2023/1/18,1565.56,1610,1501.39,1511.43,752534.8857,1551.272,1523.711685,1551.272,1595.580951,1506.963049,60.90519534,-49.70041812,0,0,0,0
2023/1/19,1511.44,1564.43,1509.15,1551.09,308679.4645,1551.51,1532.83779,1551.51,1595.799695,1507.220305,69.93645648,-60.48175888,0,0,0,0
2023/1/20,1551.09,1669.9,1542.02,1658.52,440570.9974,1572.71,1574.73186,1572.71,1669.270412,1476.149588,83.13112274,158.4693085,0,0.1,0,1
2023/1/21,1658.53,1679.26,1616.21,1626.66,494248.6009,1582.654,1592.04124,1582.654,1688.684884,1476.623116,71.49832176,98.17357891,0,0,0,0
2023/1/22,1626.65,1663.89,1604,1627.44,431729.6909,1595.028,1603.840827,1595.028,1704.578093,1485.477907,71.61985473,55.23072496,0,0,0,0
2023/1/23,1627.43,1648.09,1585.29,1626.29,407267.1156,1618,1611.323884,1618,1689.283388,1546.716612,71.06142205,20.03864403,0,0,0,0
2023/1/24,1626.28,1641.46,1535,1555.97,462275.3243,1618.976,1592.87259,1618.976,1686.60831,1551.34369,44.52538348,-166.6666667,0,0,1,-1
2023/1/25,1555.97,1641,1518,1611.94,646474.9166,1609.66,1599.228393,1609.66,1664.574478,1554.745522,59.55261815,-64.32506071,0.5859,-0.025,0,-1
2023/1/26,1611.95,1632.84,1577.43,1601.09,532777.8466,1604.546,1599.848929,1604.546,1656.877098,1552.214902,55.88436321,-3.390817258,0,0,0,-1
2023/1/27,1601.08,1621,1552.54,1597.62,512093.3875,1598.582,1599.105952,1598.582,1645.649335,1551.514665,54.54130775,-32.23929487,0,0,0,0
2023/1/28,1597.61,1606.83,1555.99,1572.1,313675.6574,1587.744,1590.103968,1587.744,1628.882005,1546.605995,44.67174771,-79.93024349,0,0,0,0
2023/1/29,1572.1,1660,1566.33,1644.72,551767.9134,1605.494,1608.309312,1605.494,1652.626022,1558.361978,66.33842353,133.7618362,0,0,0,0
2023/1/30,1644.73,1647.53,1535,1566.2,595055.3281,1596.346,1594.272875,1596.346,1651.921695,1540.770305,43.37907089,-60.00942443,0,0,0,0
2023/1/31,1566.21,1605.18,1561.63,1585.33,348856.6751,1593.194,1591.291917,1593.194,1649.122479,1537.265521,48.77786606,-40.96385542,0,0,0,0
2023/2/1,1585.32,1647.77,1555.18,1641.68,474617.1709,1602.006,1608.087944,1602.006,1670.434295,1533.577705,62.08807017,67.03579783,0,0.136363636,0,-1
2023/2/2,1641.67,1714.68,1626.85,1643.12,629188.8874,1616.21,1619.765296,1616.21,1683.382992,1549.037008,62.40016856,134.0033035,0,0,0,0
2023/2/3,1643.12,1676,1625.93,1663.52,464815.032,1619.97,1634.350197,1619.97,1694.776372,1545.163628,67.18402981,76.43261738,0,0.125,0,-1
2023/2/4,1663.52,1695.29,1645.43,1666.38,308227.1295,1640.006,1645.026798,1640.006,1698.318677,1581.693323,67.89975597,71.39552883,0,0,0,0
2023/2/5,1666.39,1673.81,1609.3,1629.02,413579.6748,1648.744,1639.691199,1648.744,1677.027201,1620.460799,50.06864729,-39.66910928,0,0,0,0
2023/2/6,1629.01,1658.56,1605.01,1614.29,384119.4197,1643.266,1631.224133,1643.266,1683.136389,1603.395611,44.3311204,-109.56107,0.20095,0.5,0,-1
2023/2/7,1614.28,1678.37,1613.14,1671.03,451922.4,1648.848,1644.492755,1648.848,1694.473297,1603.222703,64.12548341,29.19440502,-0.4939,-0.2,-1,1
2023/2/8,1671.03,1697.91,1630.47,1650.43,417966.2539,1646.23,1646.471837,1646.23,1689.635531,1602.824469,55.21548118,49.21906136,0,0,0,0
2023/2/9,1650.42,1656.17,1524.4,1545.35,658011.6964,1622.024,1612.764558,1622.024,1707.796489,1536.251511,29.27725183,-154.019934,0,0,0,0
2023/2/10,1545.35,1555.01,1490,1513.06,484654.2199,1598.832,1579.529705,1598.832,1719.930356,1477.733644,24.80194166,-122.482204,0,0,0,0
2023/2/11,1513.05,1543,1505,1538.51,289691.5708,1583.676,1565.85647,1583.676,1711.995249,1455.356751,34.6444356,-70.35356809,0,0,0,0
2023/2/12,1538.5,1548.02,1493.08,1514.83,286758.374,1552.436,1548.847647,1552.436,1653.674923,1451.197077,30.06727159,-60.86086028,0,0,0,0
2023/2/13,1514.82,1526.1,1461.93,1505.24,643152.3904,1523.398,1534.311765,1523.398,1554.642336,1492.153664,28.18237514,-104.5428341,0,0,0,0
2023/2/14,1505.25,1569,1482.66,1555.71,668964.3768,1525.47,1541.44451,1525.47,1563.003663,1487.936337,49.15204792,107.0098974,0,0,0,0
2023/2/15,1555.7,1680,1542.55,1674.92,581207.8586,1557.842,1585.93634,1557.842,1680.16136,1435.52264,72.69299938,166.6666667,0,0,0,0
2023/2/16,1674.92,1742.97,1633.72,1637.84,832723.6731,1577.708,1603.23756,1577.708,1712.630782,1442.785218,61.60391022,103.4645006,0,0,0,0
2023/2/17,1637.83,1722,1630.51,1693.87,579934.663,1613.516,1633.448373,1613.516,1757.416241,1469.615759,70.1924676,74.75792018,0,0,0,1
2023/2/18,1693.81,1713.13,1679.77,1691.62,267305.7813,1650.792,1652.838915,1650.792,1753.993322,1547.590678,69.4130925,72.4645432,0,0,0,0
2023/2/19,1691.62,1726.59,1666.14,1679.75,401023.0477,1675.6,1661.809277,1675.6,1715.937931,1635.262069,64.6773666,61.37813823,0,0,0,0
2023/2/20,1679.74,1719.89,1650.56,1703.27,451314.8335,1681.27,1675.629518,1681.27,1727.212205,1635.327795,69.78343741,46.0275316,0,0,0,0
2023/2/21,1703.27,1716.66,1636.3,1659.76,520354.4688,1685.654,1670.339679,1685.654,1715.570894,1655.737106,52.30089293,-132.692804,0,0,0,-1
2023/2/22,1659.77,1666.95,1595.07,1643.14,528875.4809,1675.508,1661.273119,1675.508,1718.811641,1632.204359,46.71306991,-146.6515965,0,0,0,0
2023/2/23,1643.15,1679,1628.75,1650.53,501305.9717,1667.29,1657.692079,1667.29,1710.838897,1623.741103,49.69999934,-52.91034382,-0.22135,-0.072916667,-0.5,1
2023/2/24,1650.52,1664.66,1575.64,1607.8,512515.4982,1652.9,1641.061386,1652.9,1714.343184,1591.456816,35.37019684,-111.1084537,0,0,0,0
2023/2/25,1607.8,1608.98,1557.33,1594.58,290188.0391,1631.162,1625.567591,1631.162,1681.919961,1580.404039,31.82191059,-122.6022586,0,0,0,0
2023/2/26,1594.58,1651.26,1587.76,1641.36,308607.9941,1627.482,1630.831727,1627.482,1671.653528,1583.310472,52.77646535,12.38389312,0,0,0,0
2023/2/27,1641.37,1665.22,1608,1633.45,431861.4129,1625.544,1631.704485,1625.544,1667.597011,1583.490989,49.55713126,44.95823854,0,0,0,-1
2023/2/28,1633.45,1647.52,1596.66,1605.23,393523.1647,1616.484,1622.879657,1616.484,1652.132395,1580.835605,38.95909989,0.597974362,0,0,0,-1
2023/3/1,1605.24,1669.72,1595,1665.22,474456.8235,1627.968,1636.993104,1627.968,1678.792283,1577.143717,61.07743263,89.10094846,0,0,0,0
2023/3/2,1665.23,1677.86,1619.18,1647.86,423023.8082,1638.624,1640.615403,1638.624,1678.040404,1599.207596,53.99956277,95.09790802,0,0,0,0
2023/3/3,1647.86,1649.25,1544.39,1569.45,742816.5976,1624.242,1616.893602,1624.242,1691.683311,1556.800689,32.64263571,-132.9069725,0,0.068181818,0,-1
2023/3/4,1569.45,1577.53,1549.12,1566.73,237640.2606,1610.898,1600.172401,1610.898,1690.987671,1530.808329,32.0922637,-110.2503035,0,0,0,0
2023/3/5,1566.74,1588.77,1553.05,1564.58,299240.7415,1602.768,1588.308268,1602.768,1691.314895,1514.221105,31.56639697,-64.89551733,0,0,0,0
2023/3/6,1564.57,1583.49,1554.44,1565.84,307709.3011,1582.892,1580.818845,1582.892,1647.938683,1517.845317,32.37811412,-53.2045619,0,0,0,0
2023/3/7,1565.84,1584.49,1536.14,1561.96,437947.9032,1565.712,1574.532563,1565.712,1570.642256,1560.781744,30.96437639,-85.3179075,0,0,0,0
2023/3/8,1561.95,1570.89,1523.61,1532.38,460101.7658,1558.298,1560.481709,1558.298,1584.414614,1532.181386,21.8660118,-166.6248041,0,0,0,0
2023/3/9,1532.38,1546.45,1408,1437.32,718485.1364,1532.416,1519.427806,1532.416,1630.671932,1434.160068,10.02867245,-166.6666667,-0.296,0,0,-1
2023/3/10,1437.32,1439.43,1368.39,1426.44,960262.4509,1504.788,1488.431871,1504.788,1626.270979,1383.305021,9.307778068,-113.8814027,0.0772,0.093181818,-1,1
2023/3/11,1426.43,1478.07,1408.4,1471.97,1374859.62,1486.014,1482.94458,1486.014,1591.976265,1380.051735,34.09074767,-42.67650606,0,0,0,0
2023/3/12,1471.93,1594.19,1448.3,1580.33,1002355.093,1489.688,1515.406387,1489.688,1606.633196,1372.742804,63.64533157,82.38304422,0,0,0,0
2023/3/13,1580.33,1693.49,1565,1673.45,1228063.605,1517.902,1568.087591,1517.902,1707.76709,1328.03691,75.46395707,131.1195124,0,0,0,0
2023/3/14,1673.44,1780.02,1655.24,1699.4,1283321.236,1570.318,1611.858394,1570.318,1785.300456,1355.335544,77.95984889,105.7456564,0,0,0,0
2023/3/15,1699.41,1716.9,1611,1649.96,963142.4833,1615.022,1624.558929,1615.022,1778.537263,1451.506737,62.75673104,45.76266875,0,0,0,0
2023/3/16,1649.95,1691.42,1632.18,1673.73,627985.6119,1655.374,1640.949286,1655.374,1736.677808,1574.070192,66.66369872,34.50729278,0,0,0,0
2023/3/17,1673.73,1800,1662.65,1789.27,907528.2825,1697.162,1690.389524,1697.162,1794.43785,1599.88615,79.64058529,119.6462725,-0.05135,-0.145833333,0,1
2023/3/18,1789.26,1841,1747.47,1758.84,711614.731,1714.24,1713.206349,1714.24,1818.592729,1609.887271,70.59370813,108.5209665,0,0,0,0
2023/3/19,1758.84,1841.36,1757.92,1780.68,541131.8908,1730.496,1735.697566,1730.496,1845.333713,1615.658287,73.31339141,77.51339279,0,0,0,0
2023/3/20,1780.67,1803.05,1722,1732.78,682848.1248,1747.06,1734.725044,1747.06,1830.159768,1663.960232,58.48441675,7.320135716,0,0,-1,1
2023/3/21,1732.77,1835,1717.01,1801.23,742348.4999,1772.56,1756.893363,1772.56,1821.039391,1724.080609,69.50313284,46.4145707,0,0,0,0
2023/3/22,1801.23,1819.98,1710.12,1734.33,891287.6009,1761.572,1749.372242,1761.572,1814.611173,1708.532827,52.48482779,-78.70557351,0,0,0,0
2023/3/23,1734.34,1857.16,1729.35,1813.79,732061.103,1772.562,1770.844828,1772.562,1839.684559,1705.439441,65.1529105,82.29318405,0,0,0,0
2023/3/24,1813.78,1818.99,1726.4,1749.57,564770.1417,1766.34,1763.753219,1766.34,1835.047852,1697.632148,51.32794107,-25.54111171,0.3182,0,1,-1
2023/3/25,1749.57,1763.23,1713.09,1741.88,355679.3743,1768.16,1756.462146,1768.16,1833.620933,1702.699067,49.74789017,-103.9847471,0,0,0,0
2023/3/26,1741.88,1801,1739.31,1773.88,354933.2372,1762.69,1762.268097,1762.69,1820.281015,1705.098985,56.68376967,22.34442197,0,0,0,0
2023/3/27,1773.88,1780.48,1686.13,1715.22,570563.5023,1758.868,1746.585398,1758.868,1825.332902,1692.403098,43.06414447,-101.8408829,0,0,0,0
2023/3/28,1715.21,1795.73,1701.13,1772.99,536511.3973,1750.708,1755.386932,1750.708,1794.269964,1707.146036,56.06073743,20.97709905,0,0,0,0
2023/3/29,1773,1827.99,1772.48,1793.07,536865.5972,1759.408,1767.947955,1759.408,1814.448711,1704.367289,60.02534117,125.5355722,0,0,0,-1
2023/3/30,1793.06,1829.69,1763,1793.61,579690.0394,1769.754,1776.50197,1769.754,1827.124357,1712.383643,60.14622176,77.18702232,0,0,0,0
2023/3/31,1793.6,1847.28,1777.91,1821.52,554525.4762,1779.282,1791.50798,1779.282,1850.404307,1708.159693,66.6597558,84.2880474,0,0,0,0
2023/4/1,1821.52,1842.83,1807.81,1820.79,272904.9674,1800.396,1801.268653,1800.396,1837.414347,1763.377653,66.30545715,99.05756391,0,0,0,0
2023/4/2,1820.8,1824.81,1771.7,1794.51,322122.9385,1804.7,1799.015769,1804.7,1831.590617,1777.809383,53.50768308,-54.07479202,0,0,0,0
2023/4/3,1794.51,1839.99,1762.77,1810.51,628503.6619,1808.188,1802.847179,1808.188,1832.54452,1783.83148,59.46224115,-18.92437395,0,0,0,0
2023/4/4,1810.51,1891.91,1802.01,1870.37,622208.6411,1823.54,1825.354786,1823.54,1874.272346,1772.807654,74.6473618,147.2695926,0,0,0,0
2023/4/5,1870.38,1942.98,1864.58,1908.69,548595.5155,1840.974,1853.133191,1840.974,1925.562103,1756.385897,80.49420004,132.4091729,0,0,-1,-1
2023/4/6,1908.68,1909.91,1853.7,1872.41,396241.4352,1851.298,1859.558794,1851.298,1936.112326,1766.483674,63.23541923,53.89309394,0,0,0,0
2023/4/7,1872.41,1882.61,1841.46,1863.72,284256.4873,1865.14,1860.945863,1865.14,1928.152771,1802.127229,59.42083849,3.752216499,0,0,0,0
2023/4/8,1863.73,1879.38,1847,1848.82,197905.5407,1872.802,1856.903908,1872.802,1912.315399,1833.288601,52.61790165,-56.33042756,0,0,0,0
2023/4/9,1848.82,1873.99,1824.01,1858.92,287131.3079,1870.512,1857.575939,1870.512,1911.618794,1829.405206,56.80784063,-77.68359293,0,0,0,0
2023/4/10,1858.91,1918.79,1846.4,1910.2,434739.7984,1870.814,1875.117293,1870.814,1913.045101,1828.582899,72.33428389,116.512611,0,0,0,0
2023/4/11,1910.21,1937.37,1881.11,1889.86,405203.4892,1874.304,1880.031528,1874.304,1919.280747,1829.327253,61.39234615,102.6329477,0,0,0,0
2023/4/12,1889.86,1933,1852.65,1917.39,630844.4186,1885.038,1892.484352,1885.038,1939.421257,1830.654743,69.25962423,63.54383798,0,0,0,0
2023/4/13,1917.4,2023,1899.55,2012.01,676164.5188,1917.676,1932.326235,1917.676,2020.363383,1814.988617,83.60918105,166.6666667,0,0,0,0
2023/4/14,2012,2128.76,2009.22,2099.99,896307.3934,1965.89,1988.214157,1965.89,2124.241638,1807.538362,89.37421069,137.2659855,-0.067833333,0,0.333333333,-0.333333333
2023/4/15,2099.99,2111.85,2071.13,2090.6,321823.7851,2001.97,2022.342771,2001.97,2174.681152,1829.258848,85.36840652,88.55271443,0,0,0,0
2023/4/16,2090.61,2141.54,2072.72,2118.67,319880.4393,2047.732,2054.451847,2047.732,2197.039366,1898.424634,87.46737689,70.99554781,-0.4215,-0.5,0,1
2023/4/17,2118.66,2120.51,2056.25,2074,426972.7071,2079.054,2060.967898,2079.054,2152.05534,2006.05266,68.04875458,27.51166789,0,0,0,0
2023/4/18,2073.99,2125,2051,2103.5,414244.6135,2097.352,2075.145265,2097.352,2126.883265,2067.820735,72.99747353,12.13206682,0,0.0625,0.5,-1
2023/4/19,2103.51,2104.6,1923.03,1933.73,775389.0602,2064.1,2028.006844,2064.1,2197.746824,1930.453176,34.52761771,-166.6666667,0,0.05,0,1
2023/4/20,1933.74,1982.99,1914.43,1942.98,625336.2495,2034.576,1999.664562,2034.576,2194.416704,1874.735296,36.79616056,-105.0471759,0,0,0,0
2023/4/21,1942.98,1957.27,1825,1848.78,688876.6186,1980.598,1949.369708,1980.598,2169.947505,1791.248495,25.53390703,-110.5635388,0,0,0,0
2023/4/22,1848.77,1887.31,1841.64,1874.16,331007.5879,1940.63,1924.299806,1940.63,2118.246334,1763.013666,32.49255975,-84.18432771,0,0,0,0
2023/4/23,1874.17,1882.01,1836.37,1862,344514.3444,1892.33,1903.533204,1892.33,1969.406807,1815.253193,30.77048159,-67.03449311,0,0,0,0
2023/4/24,1862.01,1890,1806,1841.84,447864.0517,1873.952,1882.968802,1873.952,1946.464446,1801.439554,27.72530659,-83.16323497,0,0,0,0
2023/4/25,1841.84,1877.86,1801.66,1866.1,457870.6047,1858.576,1877.345868,1858.576,1882.023827,1835.128173,37.09026963,-74.77334742,0,0,0,0
2023/4/26,1866.1,1964.72,1785,1866.01,897709.7298,1862.022,1873.567246,1862.022,1883.695558,1840.348442,37.06799653,93.83918481,0,0,0,0
2023/4/27,1866.01,1940.96,1861.19,1908.68,727472.9466,1868.926,1885.271497,1868.926,1912.547011,1825.304989,53.58606312,144.1078732,0.2732,0,0,-1
2023/4/28,1908.68,1923.88,1873.94,1890.94,387630.7791,1874.714,1887.160998,1874.714,1920.736888,1828.691112,47.15404064,71.84414265,0,0,1,-1
2023/4/29,1890.93,1918,1883.05,1907.8,182046.1406,1887.906,1894.040665,1887.906,1925.763331,1850.048669,53.74924819,62.42011562,0,0,0,0
2023/4/30,1907.79,1939,1866.16,1870.09,355336.4888,1888.704,1886.05711,1888.704,1924.817113,1852.590887,39.84613976,-11.22773352,0,0,0,0
2023/5/1,1870.08,1886.49,1806.12,1830.73,445519.1779,1881.648,1867.61474,1881.648,1939.801091,1823.494909,29.79195107,-166.6666667,0,0,0,0
2023/5/2,1830.73,1881.87,1822.94,1870.08,373753.2027,1873.928,1868.436493,1873.928,1925.559967,1822.296033,46.62310066,-58.09430925,0,0,0,0
2023/5/3,1870.09,1916.52,1842.64,1905.12,465185.2501,1876.764,1880.664329,1876.764,1933.160052,1820.367948,57.86621698,36.32060377,0,0,0,0
2023/5/4,1905.12,1918.26,1866.71,1877.07,354528.6144,1870.618,1879.466219,1870.618,1918.145988,1823.090012,47.79284202,49.49772979,0,0,0,0
2023/5/5,1877.07,1998.36,1875.65,1993.3,546608.875,1895.26,1917.410813,1895.26,2004.211698,1786.308302,72.54660873,159.3627868,0,0,0,0
2023/5/6,1993.3,2019,1860,1896.33,608106.9915,1908.38,1910.383875,1908.38,1996.988995,1819.771005,48.54335185,49.28180068,0,0,0,0
2023/5/7,1896.33,1933.33,1867.59,1870.4,413268.8357,1908.444,1897.055917,1908.444,1996.942644,1819.945356,43.70939282,-50.69480185,0,0,0,0
2023/5/8,1870.41,1883.97,1810.73,1847.56,625316.6168,1896.932,1880.557278,1896.932,1998.216527,1795.647473,39.39053704,-114.2989881,0,0,0,0
2023/5/9,1847.55,1861.88,1830.99,1846.52,304396.186,1890.822,1869.211519,1890.822,1999.572741,1782.071259,39.17024567,-81.88816533,0,0,0,0
2023/5/10,1846.53,1887.47,1790.51,1840.84,639933.3855,1860.33,1859.754346,1860.33,1901.619747,1819.040253,37.72974184,-66.28856053,0,0,0,0
2023/5/11,1840.83,1842.02,1772.68,1794.3,522096.0725,1839.924,1837.93623,1839.924,1889.827833,1790.020167,27.40678224,-146.6684199,0,0.5,0,-1
2023/5/12,1794.31,1818.63,1740,1807.45,565539.8309,1827.334,1827.774154,1827.334,1871.571761,1783.096239,33.80360234,-103.7550912,0,0,0,0
2023/5/13,1807.45,1817.03,1785.23,1795.11,212895.4373,1816.844,1816.886102,1816.844,1861.791248,1771.896752,30.63686639,-48.97376255,0,0,1,1
2023/5/14,1795.12,1824,1789.82,1799.21,218101.0977,1807.382,1810.994068,1807.382,1842.114863,1772.649137,33.2345103,-13.32176399,0,0,0,0
2023/5/15,1799.2,1846.7,1785.05,1816.2,388171.9261,1802.454,1812.729379,1802.454,1819.063831,1785.844169,44.08185002,137.7615747,0,0,0,0
2023/5/16,1816.21,1832.64,1796.2,1824.21,311238.6786,1808.436,1816.556253,1808.436,1829.842024,1787.029976,48.96796046,89.40406811,-0.3427,0.05,-0.5,0
2023/5/17,1824.21,1837.5,1783.68,1822.12,352097.9913,1811.37,1818.410835,1811.37,1835.303411,1787.436589,47.61107784,40.01554002,0,0,0,0
2023/5/18,1822.12,1831.92,1771.12,1800.56,293755.311,1812.46,1812.460557,1812.46,1833.673924,1791.246076,35.07757827,-99.79333361,0,0,0,0
2023/5/19,1800.56,1829.54,1796.81,1812.32,243116.4676,1815.082,1812.413704,1815.082,1831.877735,1798.286265,44.95706724,6.703446639,0,0.166666667,0,-1
2023/5/20,1812.31,1828.87,1807.06,1819.42,127754.4349,1815.726,1814.749136,1815.726,1832.886781,1798.565219,50.62714542,78.12824433,0,0,0,0
2023/5/21,1819.42,1828.98,1797.21,1804.91,161517.8053,1811.866,1811.469424,1811.866,1828.325043,1795.406957,40.08001275,-16.14479497,0,0,0,0
2023/5/22,1804.91,1828.27,1792.01,1817.35,237498.9423,1810.912,1813.429616,1810.912,1825.306562,1796.517438,51.01620998,22.82244556,0,0,0,0
2023/5/23,1817.36,1872.5,1815.24,1854.05,396869.6097,1821.61,1826.969744,1821.61,1855.556916,1787.663084,70.72194235,166.6666667,0,0,0,0
2023/5/24,1854.06,1854.09,1777.6,1799.89,420846.1445,1819.124,1817.943163,1819.124,1857.019063,1781.228937,40.59578486,-56.52085865,0,0,0,0
2023/5/25,1799.89,1818.81,1761.41,1805.6,350633.0089,1816.36,1813.828775,1816.36,1855.75195,1776.96805,43.75335943,-103.5347761,0,0,0,0
2023/5/26,1805.61,1838.2,1796.99,1827.79,275690.6854,1820.936,1818.482517,1820.936,1859.245275,1782.626725,55.29618533,18.21186581,0,0,0,0
2023/5/27,1827.8,1836.12,1812.18,1829.89,138824.9406,1823.444,1822.285011,1823.444,1862.125935,1784.762065,56.35571934,29.39019959,0,0,0,0
2023/5/28,1829.89,1918.65,1823.6,1908.64,378392.4371,1834.362,1851.070007,1834.362,1912.315744,1756.408256,79.32524359,166.6666667,0,0,0,0
2023/5/29,1908.64,1927.62,1873.65,1892.6,313593.4942,1852.904,1864.913338,1852.904,1933.304496,1772.503504,69.95202461,96.30756599,0.04915,0.15,0,-1
2023/5/30,1892.6,1917,1881.19,1900.59,272665.8402,1871.902,1876.805559,1871.902,1942.962346,1800.841654,72.0112915,67.16287978,0,0,0,0
2023/5/31,1900.58,1907.13,1846.95,1873.63,319255.5681,1881.07,1875.747039,1881.07,1937.275496,1824.864504,55.8636283,-2.359042346,0,0,0,0
2023/6/1,1873.63,1889.2,1840,1861.78,270496.6097,1887.448,1871.091359,1887.448,1922.067526,1852.828474,49.73605026,-116.733897,0,0,0,0
2023/6/2,1861.78,1910,1847.51,1906.68,313004.0658,1887.056,1882.95424,1887.056,1920.738519,1853.373481,66.92104743,16.54247066,0,0,0,0
2023/6/3,1906.69,1907.92,1881.6,1892.06,148818.2427,1886.948,1885.989493,1886.948,1920.562115,1853.333885,58.74613356,55.67743574,0,0,0,0
2023/6/4,1892.05,1914.63,1884.22,1890.01,172683.0119,1884.832,1887.329662,1884.832,1915.986714,1853.677286,57.51468659,77.03477819,0,0,0,-1
2023/6/5,1890,1890.63,1778,1810.5,555361.2683,1872.206,1861.719775,1872.206,1940.417156,1803.994844,28.52511704,-137.5917323,0,0,0,0
2023/6/6,1810.49,1898.29,1797.18,1884.64,491407.2174,1876.778,1869.35985,1876.778,1944.644571,1808.911429,54.97629743,-36.13971331,0,-0.1,0,-1
2023/6/7,1884.65,1897.8,1821.18,1832.13,429196.7064,1861.868,1856.9499,1861.868,1929.662472,1794.073528,41.40917764,-42.15041207,0,0,0,0
2023/6/8,1832.12,1861.28,1828.31,1845.64,189270.4853,1852.584,1853.179933,1852.584,1913.680258,1791.487742,45.71738204,-39.02786613,0,0,0,0
2023/6/9,1845.65,1855,1827,1840.37,198324.3252,1842.656,1848.909955,1842.656,1891.001352,1794.310648,44.13498674,-28.47137637,0,0,0,0
2023/6/10,1840.37,1844.99,1715.03,1751.53,652324.6695,1830.862,1816.44997,1830.862,1918.021801,1743.702199,25.52100325,-166.6666667,0,0,0,0
2023/6/11,1751.52,1778.25,1738.72,1752.76,219956.2434,1804.486,1795.21998,1804.486,1890.394886,1718.577114,26.06068573,-95.15827667,0,0,0,0
2023/6/12,1752.77,1759.33,1720,1742.57,302132.4819,1786.574,1777.669987,1786.574,1879.053717,1694.094283,24.24163234,-79.93496931,0,0,0,0
2023/6/13,1742.57,1770.13,1724.22,1740.12,284268.0018,1765.47,1765.153325,1765.47,1841.010242,1689.929758,23.74354323,-61.42786065,0,0,0,0
2023/6/14,1740.12,1750.03,1630.43,1650.95,415847.327,1727.586,1727.08555,1727.586,1804.847858,1650.324142,12.27198111,-166.6666667,-0.0258,-0.036363636,1,-1
2023/6/15,1650.95,1680.91,1626.01,1666.96,370774.7696,1710.672,1707.0437,1710.672,1796.15193,1625.19207,20.85398423,-100.022279,0,0,0,0
2023/6/16,1666.96,1729.5,1649.86,1717.92,311734.5904,1703.704,1710.669133,1703.704,1779.450375,1627.957625,43.02857187,-10.38686564,0,0,0,0
2023/6/17,1717.91,1770,1714.26,1727.76,210914.9216,1700.742,1716.366089,1700.742,1771.147396,1630.336604,46.63718962,75.08690887,0,0,0,0
2023/6/18,1727.75,1747.84,1712,1720.95,156535.0128,1696.908,1717.894059,1696.908,1760.029396,1633.786604,44.21443262,69.96373126,0,0,0,0
2023/6/19,1720.95,1752.19,1698,1737.11,245162.7589,1714.14,1724.299373,1714.14,1763.12769,1665.15231,51.66283186,50.21265958,0,0,0,0
2023/6/20,1737.1,1796.99,1714.72,1791.99,328855.6846,1739.146,1746.862915,1739.146,1793.610022,1684.681978,69.1489601,145.3040676,0,0,0,0
2023/6/21,1791.99,1901,1787.38,1889.11,613755.8869,1773.384,1794.27861,1773.384,1899.512084,1647.255916,82.86276193,160.2397726,0,0,0,0
2023/6/22,1889.1,1933.17,1865.98,1872.01,416714.5719,1802.234,1820.189073,1802.234,1938.965249,1665.502751,75.478474,99.57944308,0,0,0,0
2023/6/23,1872,1936.42,1861.01,1892.63,401147.9324,1836.57,1844.336049,1836.57,1959.984219,1713.155781,78.38224505,70.74401865,0,0,0,0
2023/6/24,1892.63,1906,1864.77,1874.96,226910.2941,1864.14,1854.544033,1864.14,1938.003727,1790.276273,69.55904024,41.41459843,0,0,0,0
2023/6/25,1874.95,1930,1868.83,1898.8,338757.6158,1885.502,1869.296022,1885.502,1906.16754,1864.83646,74.41592779,76.65982204,0,0,0,0
2023/6/26,1898.8,1909.1,1837.18,1858.97,458743.861,1879.474,1865.854015,1879.474,1908.361037,1850.586963,55.81724546,-129.5737837,0,0,0,0
2023/6/27,1858.97,1912.53,1855.19,1889.58,366634.5707,1882.988,1873.762676,1882.988,1911.662101,1854.313899,64.37141552,-4.554943099,0,0,0,0
2023/6/28,1889.58,1890.19,1816.56,1828.02,337836.5792,1870.066,1858.515118,1870.066,1920.037012,1820.094988,43.29789255,-133.8557616,0,0,0,0
2023/6/29,1828.03,1880,1827.84,1851.99,241844.8281,1865.472,1856.340078,1865.472,1916.997868,1813.946132,51.09102539,-64.05899953,0,0,0,0
2023/6/30,1851.99,1948.6,1825.01,1933.79,716538.1035,1872.47,1882.156719,1872.47,1945.300639,1799.639361,69.16758308,113.3952573,0,0,0,0
2023/7/1,1933.8,1944.56,1909.44,1924.5,178373.3688,1885.576,1896.271146,1885.576,1967.044581,1804.107419,65.71937834,108.833699,0,0,0,0
2023/7/2,1924.5,1959.2,1885.75,1937.48,255852.7832,1895.156,1910.007431,1895.156,1986.875238,1803.436762,68.46506734,73.0621671,0,0,0,0
2023/7/3,1937.49,1976.16,1933.55,1955.54,322102.4295,1920.66,1925.184954,1920.66,1992.226686,1849.093314,72.32081823,100.3867374,0,0,0,0
2023/7/4,1955.55,1967.08,1931.58,1936.2,205525.0984,1937.502,1928.856636,1937.502,1957.698952,1917.305048,62.14897281,60.86894814,0,0,0,0
2023/7/5,1936.19,1942.5,1894.51,1910.36,267633.4783,1932.816,1922.691091,1932.816,1962.789486,1902.842514,50.32714196,-93.56459182,0,0,0,-1
2023/7/6,1910.35,1958,1846,1846.17,456362.741,1917.15,1897.18406,1917.15,1993.74905,1840.55095,31.63920858,-135.7632326,0,0,0,-1
2023/7/7,1846.17,1878,1826,1870.91,232944.3466,1903.836,1888.42604,1903.836,1984.695304,1822.976696,42.01288798,-109.0427858,0,0,0,0
2023/7/8,1870.92,1876,1842.8,1865.24,125819.8273,1885.776,1880.69736,1885.776,1951.248518,1820.303482,40.26255588,-69.58660109,0,0,0,0
2023/7/9,1865.24,1879.36,1856.15,1862.8,135046.3743,1871.096,1874.731573,1871.096,1913.674099,1828.517901,39.38002345,-40.1243671,0,0,0,0
2023/7/10,1862.81,1905.5,1846.63,1880.4,247868.1494,1865.104,1876.621049,1865.104,1887.580664,1842.627336,49.38356422,61.29963827,0,0,-1,1
2023/7/11,1880.41,1891.99,1862.38,1878.3,177771.6117,1871.53,1877.180699,1871.53,1885.405769,1857.654231,48.19731092,83.54086618,0,0,0,0
2023/7/12,1878.31,1902,1864.37,1871.82,264406.8673,1871.712,1875.3938,1871.712,1885.574331,1857.849669,44.11034362,67.51241674,0,0,1,-1
2023/7/13,1871.82,2012.63,1862.59,2004.49,548861.4207,1899.562,1918.425866,1899.562,2005.203671,1793.920329,82.36992605,166.6666667,0,0,0,0
2023/7/14,2004.49,2029.11,1898.39,1937.83,498724.0359,1914.568,1924.893911,1914.568,2016.302157,1812.833843,57.60362316,79.1384871,0,0,0,0
2023/7/15,1937.82,1946.37,1926.23,1931.41,135181.7663,1924.77,1927.065941,1924.77,2020.824547,1828.715453,55.59138344,25.9479951,0,0,0,0
2023/7/16,1931.41,1943.55,1914,1922.11,148667.1051,1933.532,1925.41396,1933.532,2018.369947,1848.694053,52.28419976,-13.53778146,0,0,0,0
2023/7/17,1922.12,1936.18,1873.26,1911.2,277159.0349,1941.408,1920.675974,1941.408,2006.994809,1875.821191,48.08903776,-118.688481,0.3774,0.138392857,0,1
2023/7/18,1911.21,1917.19,1875.73,1897.21,215780.5006,1919.952,1912.853982,1919.952,1948.925943,1890.978057,42.60901075,-102.43006,0,0,0,0
2023/7/19,1897.21,1922.04,1882.17,1888.63,218045.0005,1910.112,1904.779322,1910.112,1941.438391,1878.785609,39.18571824,-68.37198183,0,0,0,0
2023/7/20,1888.64,1929.05,1878,1891.59,292907.5164,1902.148,1900.382881,1902.148,1927.43059,1876.86541,41.22215376,-43.78405591,0,0,0,0
2023/7/21,1891.59,1905.74,1884.64,1891.73,165554.0428,1896.072,1897.498587,1896.072,1912.183513,1879.960487,41.33828957,-96.34763993,0,0,0,0
2023/7/22,1891.73,1897.35,1851.18,1866.52,131901.6487,1887.136,1887.172392,1887.136,1908.48416,1865.78784,28.61293882,-166.6666667,0,0,0,0
2023/7/23,1866.52,1905.25,1857.82,1888.73,153501.0178,1885.44,1887.691594,1885.44,1904.547134,1866.332866,46.68638952,-39.15798786,0,0,0,0
2023/7/24,1888.74,1890.86,1833.19,1850,276504.5547,1877.714,1875.12773,1877.714,1911.224778,1844.203222,30.08411066,-117.6509977,0,0,0,0
2023/7/25,1850,1868.71,1845.45,1857.66,152251.21,1870.928,1869.305153,1870.928,1904.191624,1837.664376,35.73411993,-81.86945619,0,0,0,0
2023/7/26,1857.66,1888,1848.35,1872,272090.5333,1866.982,1870.203435,1866.982,1893.419205,1840.544795,45.95442402,11.0191076,0,0,0,-1
2023/7/27,1871.99,1886.11,1854.84,1861.28,163766.4259,1865.934,1867.228957,1865.934,1892.773748,1839.094252,40.0088347,1.683208544,0,0,0,0
2023/7/28,1861.29,1883.39,1856.52,1874.19,138695.7147,1863.026,1869.549305,1863.026,1881.063444,1844.988556,49.78827863,78.66981503,0,0,0,0
2023/7/29,1874.2,1886.58,1869.54,1880.46,72867.0269,1869.118,1873.186203,1869.118,1885.979603,1852.256397,54.3099577,127.4564851,0,0,0,0
2023/7/30,1880.45,1885.3,1848.17,1861.79,158657.5902,1869.944,1869.387469,1869.944,1884.760059,1855.127941,40.67605382,-95.25505842,0,0,0,0
2023/7/31,1861.79,1877.4,1851.02,1856.14,168204.4534,1866.772,1864.971646,1866.772,1884.891821,1848.652179,37.14833279,-97.48678656,0,0,0,0
2023/8/1,1856.13,1875.62,1813.8,1873.47,358476.0966,1869.21,1867.804431,1869.21,1886.995203,1851.424797,52.83241714,-111.857075,0,0,0,0
2023/8/2,1873.48,1879.74,1821.21,1839.9,254213.0553,1862.352,1858.502954,1862.352,1890.558477,1834.145523,32.93311149,-111.8902502,0.5859,0.1,0,-1
2023/8/3,1839.9,1859.12,1826,1835.81,171148.052,1853.422,1850.938636,1853.422,1881.312648,1825.531352,31.14650564,-110.9926242,0,0,0,0
2023/8/4,1835.81,1851.31,1815.74,1830.23,187699.4552,1847.11,1844.035757,1847.11,1878.618716,1815.601284,28.50896954,-113.1449897,0,0,0,0
2023/8/5,1830.24,1839,1827.5,1836.48,93657.3255,1843.178,1841.517171,1843.178,1874.099214,1812.256786,36.08665323,-68.21281555,0,0,0,0
2023/8/6,1836.48,1838.58,1825.86,1830.28,90403.9915,1834.54,1837.771448,1834.54,1842.067539,1827.012461,31.89462583,-70.93868359,0,0,0,0
2023/8/7,1830.28,1847,1802,1829.1,224092.9059,1832.38,1834.880965,1832.38,1838.600341,1826.159659,31.03688523,-131.1614587,0,0,0,0
2023/8/8,1829.1,1876.51,1826.33,1856.3,236336.03,1836.478,1842.020643,1836.478,1856.967984,1815.988016,61.14494984,166.6666667,0,0,0,0
2023/8/9,1856.3,1871.99,1846.28,1855.35,191926.8343,1841.502,1846.463762,1841.502,1865.430415,1817.573585,60.00130447,96.84039282,0,0,0,0
2023/8/10,1855.36,1865.95,1845.38,1852.47,127321.4553,1844.7,1848.465842,1844.7,1869.352007,1820.047993,56.03002461,52.53585022,0,0,0,0
2023/8/11,1852.47,1857.26,1838.05,1848.84,113209.3103,1848.412,1848.590561,1848.412,1868.411206,1828.412794,50.73904332,0.984841562,0,0,0,0
2023/8/12,1848.84,1854.01,1846.08,1849.93,63292.6476,1852.578,1849.037041,1852.578,1858.411248,1846.744752,52.42529128,-61.22110719,0,0,0,0
2023/8/13,1849.94,1862,1834.51,1840.73,120674.1364,1849.464,1846.268027,1849.464,1859.285215,1839.642785,38.51538556,-92.15515703,0,0,0,0
2023/8/14,1840.73,1856.5,1835,1845.5,150196.1203,1847.494,1846.012018,1847.494,1855.604937,1839.383063,47.53687163,-75.165584,0,0,0,0
2023/8/15,1845.5,1847.36,1814,1828.98,186081.6989,1842.796,1840.334679,1842.796,1858.024545,1827.567455,29.0709099,-166.6666667,0,0,0,0
2023/8/16,1828.98,1831.52,1798.17,1807.81,205430.7368,1834.59,1829.493119,1834.59,1864.798394,1804.381606,17.92016049,-130.6810036,0,0,0,0
2023/8/17,1807.81,1809.99,1550,1681.49,812138.2159,1800.902,1780.158746,1800.902,1923.116799,1678.687201,4.641414544,-166.6666667,-0.08895,-0.05,0,-1
2023/8/18,1681.49,1699.4,1641.02,1661.59,538083.1018,1765.074,1740.635831,1765.074,1920.184044,1609.963956,4.050393011,-89.20850288,0,0,0,0
2023/8/19,1661.6,1696.72,1654.31,1669.67,231919.0485,1729.908,1716.980554,1729.908,1875.576806,1584.239194,9.874998661,-55.77420902,0,0,0,0
2023/8/20,1669.68,1694.75,1662.03,1685.24,195623.5263,1701.16,1706.400369,1701.16,1809.130303,1593.189697,21.3720748,-33.82528587,0,0,0,0
2023/8/21,1685.23,1688.59,1649.4,1667.55,250835.1518,1673.108,1693.450246,1673.108,1690.835242,1655.380758,18.09395474,-72.20790378,0,0,0,0
2023/8/22,1667.56,1669.38,1580,1634.99,402012.045,1663.808,1673.963497,1663.808,1696.587175,1631.028825,13.37425519,-166.6666667,0,0,0,0
2023/8/23,1635,1702.11,1629.05,1679.61,374761.1088,1667.412,1675.845665,1667.412,1702.316813,1632.507187,40.12694501,27.83676484,0,0,0,0
2023/8/24,1679.61,1683.37,1635.28,1661.16,231539.7805,1665.71,1670.950443,1665.71,1700.837623,1630.582377,34.60342012,-7.460123636,0,0,0,0
2023/8/25,1661.16,1677.22,1635.51,1653.8,236261.6898,1659.422,1665.233629,1659.422,1689.156423,1629.687577,32.38082869,-5.448878373,0,0,0,0
2023/8/26,1653.79,1655.59,1644,1647.04,79175.425,1655.32,1659.169086,1655.32,1685.096332,1625.543668,30.1569699,-21.74635582,0.4767,0,0,1
2023/8/27,1647.03,1660.24,1646.32,1658.33,87789.9196,1659.988,1658.889391,1659.988,1681.807028,1638.168972,38.91508204,-34.14641687,0,0,0,0
2023/8/28,1658.33,1664.34,1621.75,1653.08,214351.0143,1654.682,1656.952927,1654.682,1664.357407,1645.006593,36.27129843,-102.1648693,0,0,0,0
2023/8/29,1653.08,1745.84,1640,1729.42,494371.0823,1668.334,1681.108618,1668.334,1729.841304,1606.826696,71.48400292,166.6666667,0,0,0,0
2023/8/30,1729.41,1730.93,1694.34,1705.23,202841.4402,1678.62,1689.149079,1678.62,1744.041735,1613.198265,58.64845012,89.46326866,0,0,0,0
2023/8/31,1705.23,1729,1630,1645.76,330518.2668,1678.364,1674.686052,1678.364,1744.286134,1612.441866,37.79394083,-23.70130341,0,0,0,1
2023/9/1,1645.77,1654.53,1602.33,1629.12,302406.1686,1672.522,1659.497368,1672.522,1748.863995,1596.180005,33.61349583,-99.89079254,0.3182,0.3875,0,1
2023/9/2,1629.13,1645,1628.03,1637.03,102145.9476,1669.312,1652.008246,1669.312,1749.886415,1588.737585,37.70768567,-72.82861369,0,0,0,0
2023/9/3,1637.02,1647.5,1625.14,1635.84,116767.2862,1650.596,1646.61883,1650.596,1706.246735,1594.945265,37.27538018,-49.72543826,0,0,0,0
2023/9/4,1635.84,1644.82,1616.32,1630.51,168010.9056,1635.652,1641.24922,1635.652,1647.423596,1623.880404,35.02707625,-56.23477665,0,0,0,0
2023/9/5,1630.52,1648.02,1609.69,1634.45,204365.4907,1633.39,1638.982813,1633.39,1639.515553,1627.264447,38.45704609,-39.54096289,0,0,0,0
2023/9/6,1634.46,1670,1609.2,1633.15,219541.0193,1634.196,1637.038542,1634.196,1638.710822,1629.681178,37.6375694,71.06177315,0,0.175,0,-1
2023/9/7,1633.15,1660,1623.4,1648.11,228558.2782,1636.412,1640.729028,1636.412,1648.626551,1624.197449,52.26829545,132.0282762,0.1909,0.25,0,1
2023/9/8,1648.11,1658.93,1616.21,1636.44,221570.0458,1636.532,1639.299352,1636.532,1648.733498,1624.330502,42.537213,19.49409428,-0.7351,0.0625,-1,1
2023/9/9,1636.43,1637.52,1629.74,1635.54,58519.6229,1637.538,1638.046235,1637.538,1648.336336,1626.739664,41.78723569,-48.14814815,0,0,0,0
2023/9/10,1635.53,1635.7,1600,1617.42,207957.8428,1634.132,1631.170823,1634.132,1653.788024,1614.475976,28.94422765,-166.6666667,0,0,0,0
2023/9/11,1617.42,1619,1531.01,1551.85,417424.8189,1617.872,1604.730549,1617.872,1686.750875,1548.993125,12.10949624,-159.5572702,0,0,0,0
2023/9/12,1551.84,1626,1549.67,1592.97,329739.9685,1606.844,1600.810366,1606.844,1670.266793,1543.421207,39.63291453,-53.20339289,0,0,0,0
2023/9/13,1592.97,1619.3,1581.88,1607.62,223409.2889,1601.08,1603.080244,1601.08,1657.553879,1544.606121,47.02140004,2.038239036,0,0,0,0
2023/9/14,1607.61,1644.29,1607.05,1626.47,275301.1505,1599.266,1610.876829,1599.266,1651.628821,1546.903179,55.73503035,94.52162804,0,0,0,-1
2023/9/15,1626.48,1654.08,1611.42,1641.29,181340.024,1604.04,1621.014553,1604.04,1665.683003,1542.396997,61.89437621,98.51819249,0,0,0,0
2023/9/16,1641.3,1653.17,1631.31,1634.4,99555.4671,1620.55,1625.476369,1620.55,1656.15739,1584.94261,57.26379428,77.44377248,0,0,0,0
2023/9/17,1634.4,1635,1612,1622.48,120227.4117,1626.452,1624.477579,1626.452,1649.321338,1603.582662,49.28928533,-15.38930094,0,0,0,0
2023/9/18,1622.48,1669.5,1603.88,1636.66,279041.6978,1632.26,1628.538386,1632.26,1645.961182,1618.558818,57.98886438,48.79111305,0,0,0,0
2023/9/19,1636.66,1661.04,1626.32,1643.12,184282.4258,1635.59,1633.398924,1635.59,1650.112369,1621.067631,61.72780194,102.4001263,0,0,0,0
2023/9/20,1643.13,1649.34,1604.51,1622.26,232844.2347,1631.784,1629.685949,1631.784,1648.188749,1615.379251,45.41371919,-73.53827607,0,0,0,0
2023/9/21,1622.27,1625.3,1567.77,1583.94,240627.544,1621.692,1614.4373,1621.692,1662.771019,1580.612981,28.26204197,-161.3607674,0,0,0,-1
2023/9/22,1583.94,1602.68,1576.58,1593.08,124886.091,1615.812,1607.3182,1615.812,1662.754611,1568.869389,35.52241592,-85.81143898,0.0258,0.16,0,1
2023/9/23,1593.07,1598.24,1587.45,1593.86,64537.1341,1607.252,1602.832133,1607.252,1651.391724,1563.112276,36.21108975,-52.0011724,0,0,0,0
2023/9/24,1593.85,1601.12,1570.01,1580.71,137517.8533,1594.77,1595.458089,1594.77,1624.086982,1565.453018,29.55802937,-77.74762017,0,0,0,0
2023/9/25,1580.71,1597.5,1563.01,1588.33,176706.9277,1587.984,1593.082059,1587.984,1598.177383,1577.790617,37.8315296,-91.35850026,0,0,0,-1
2023/9/26,1588.34,1599.78,1580.05,1594.01,125583.0161,1589.998,1593.391373,1589.998,1600.17873,1579.81727,43.96390875,47.72899656,0,0,0,0
2023/9/27,1594.02,1634.1,1583.5,1598.64,274404.4328,1591.11,1595.140915,1591.11,1603.392078,1578.827922,49.08162303,147.4775871,0,0,0,0
2023/9/28,1598.63,1668.21,1598.14,1652.99,331409.7015,1602.936,1614.423943,1602.936,1654.401424,1551.470576,78.24092725,148.6493335,0.4767,0.042045455,0.5,-1
2023/9/29,1653,1688,1648.37,1667.45,251975.6728,1620.284,1632.099296,1620.284,1686.460479,1554.107521,81.72197937,115.5783958,0,0,1,-1
2023/9/30,1667.45,1694.32,1666.19,1670.89,136924.9141,1636.796,1645.02953,1636.796,1704.031921,1569.560079,82.55204938,89.61435797,0,0,0,-1
2023/10/1,1670.89,1751,1668,1733.79,225611.5868,1664.752,1674.616354,1664.752,1751.101712,1578.402288,91.43859347,119.7831144,-0.1027,0,0,-1
2023/10/2,1733.8,1744,1636.79,1662.4,378575.6898,1677.504,1670.544236,1677.504,1735.067938,1619.940062,53.08238587,15.90833917,0,0.034090909,0,-0.5
2023/10/3,1662.41,1670.65,1643,1656.88,198287.1164,1678.282,1665.98949,1678.282,1734.591115,1621.972885,51.01411146,-100.9298453,0.4767,-0.05,0,-1
2023/10/4,1656.88,1657.66,1625,1646.58,222861.7167,1674.108,1659.51966,1674.108,1735.842714,1612.373286,46.76420438,-106.1067355,0,0,0,1
2023/10/5,1646.58,1655.47,1606.73,1611.79,237378.7449,1662.288,1643.609774,1662.288,1741.98033,1582.59567,34.59567421,-96.08139021,0,0,0,-1
2023/10/6,1611.79,1662,1611.68,1645.03,220507.9286,1644.536,1644.083182,1644.536,1679.729401,1609.342599,50.10241969,-39.65476828,0,0,0,0
2023/10/7,1645.03,1647.71,1630.03,1633.57,101241.5732,1638.77,1640.578788,1638.77,1669.535126,1608.004874,45.45774124,-27.02347031,0,0,0,0
2023/10/8,1633.56,1641.4,1616.17,1632.84,149424.6635,1633.962,1637.999192,1633.962,1658.857376,1609.066624,45.12465317,-52.9691106,0,0,0,0
2023/10/9,1632.85,1636,1546,1580.13,340141.0988,1620.672,1618.709461,1620.672,1666.543773,1574.800227,27.16143579,-166.6666667,0.2263,0.3,1,-1
2023/10/10,1580.13,1594.9,1550.55,1567.63,240659.3287,1611.84,1601.682974,1611.84,1674.926082,1548.753918,24.29457524,-103.4642396,0,0,0,0
2023/10/11,1567.62,1578.43,1544.26,1566.87,260253.9671,1596.208,1590.07865,1596.208,1657.355329,1535.060671,24.10124185,-80.37070093,0,0,0,0
2023/10/12,1566.86,1568.56,1521,1539.61,237221.4977,1577.416,1573.255766,1577.416,1638.835626,1515.996374,17.76335141,-100.3914989,0,0,0,0
2023/10/13,1539.61,1575.36,1537.76,1552.16,192205.8736,1561.28,1566.223844,1561.28,1589.275091,1533.284909,28.57265472,-48.37452561,0.0772,0.7,0,-1
2023/10/14,1552.16,1561.72,1544.55,1554.94,100314.6754,1556.242,1562.462563,1556.242,1576.9808,1535.5032,31.08097231,-29.36053046,0,0,0,0
2023/10/15,1554.94,1567.62,1547.44,1557.77,120311.2738,1554.27,1560.898375,1554.27,1571.952231,1536.587769,34.02894268,41.71190735,0,0,0,0
2023/10/16,1557.78,1639.43,1555.06,1599.42,418510.8644,1560.78,1573.738917,1560.78,1601.362643,1520.197357,63.08083495,166.6666667,-0.4404,0.136363636,0,1
2023/10/17,1599.41,1600.53,1551.08,1565.01,234817.0699,1565.86,1570.829278,1565.86,1600.493863,1531.226137,43.36110381,22.90708947,0,0,0,0
2023/10/18,1565.01,1585.42,1555.88,1563.44,177750.2253,1568.116,1568.366185,1568.116,1600.266886,1535.965114,42.6015579,-9.400994061,0.3612,0,0,-1
2023/10/19,1563.45,1574.45,1541.61,1566.57,216217.6675,1570.442,1567.767457,1570.442,1600.023495,1540.860505,45.00233929,-63.87152736,-0.128,0.375,-1,1
2023/10/20,1566.57,1630.4,1561.19,1603.89,315995.792,1579.666,1579.808305,1579.666,1615.739362,1543.592638,66.12171989,84.50109189,0,0,0,0
2023/10/21,1603.88,1644.53,1592.36,1628.94,176419.4092,1585.57,1596.185536,1585.57,1638.409605,1532.730395,74.37716145,121.1096076,0,0,0,0
2023/10/22,1628.94,1667.8,1621.1,1663.7,228650.9225,1605.308,1618.690358,1605.308,1681.327313,1529.288687,81.98960693,116.5147747,0,0,0,0
2023/10/23,1663.69,1800,1657.07,1765.46,610931.9663,1645.712,1667.613572,1645.712,1781.231703,1510.192297,91.37097345,144.541617,0,0,0,0
2023/10/24,1765.47,1854.38,1756.21,1784.98,674055.1375,1689.394,1706.735714,1689.394,1835.129436,1543.658564,92.32905898,110.7845228,0,0,0,0
2023/10/25,1784.98,1817.69,1760,1787.15,354410.8294,1726.046,1733.540476,1726.046,1858.942885,1593.149115,92.44561416,67.90103787,0,0,0,0
2023/10/26,1787.15,1865.54,1762.21,1803.38,431169.0453,1760.934,1756.820318,1760.934,1861.102207,1660.765793,93.3852606,70.78504307,0,0,0,0
2023/10/27,1803.39,1803.91,1744.66,1779.4,274532.6921,1784.074,1764.346878,1784.074,1808.590631,1759.557369,75.94002906,-23.28066195,0,0,0,-1
2023/10/28,1779.41,1803.23,1770,1776.2,122919.7382,1786.222,1768.297919,1786.222,1805.064099,1767.379901,73.64518298,-51.30765212,0,0,0,0
2023/10/29,1776.21,1811.3,1762.66,1795.14,144110.6508,1788.254,1777.245279,1788.254,1808.276466,1768.231534,78.46080399,1.597039942,0,0,0,0
2023/10/30,1795.14,1829.84,1777.77,1809.04,277686.192,1792.632,1787.84352,1792.632,1818.495155,1766.768845,81.55297478,69.93604832,0,0,0,0
2023/10/31,1809.03,1819.41,1780.99,1814.67,258074.5796,1794.89,1796.78568,1794.89,1825.624861,1764.155139,82.80292356,81.69633977,0,0,0,0
2023/11/1,1814.67,1857.66,1783.19,1846.99,471921.6184,1808.408,1813.520453,1808.408,1855.240278,1761.575722,88.42903582,138.2575366,0,0,0,0
2023/11/2,1846.99,1875,1785.01,1800.8,368738.2193,1813.328,1809.280302,1813.328,1849.56138,1777.09462,55.81088653,57.98504047,0,0,0,0
2023/11/3,1800.79,1834.58,1777.11,1832.71,315000.2678,1820.842,1817.090201,1820.842,1854.351758,1787.332242,66.48613137,-1.571845244,0.6249,0,0,-1
2023/11/4,1832.7,1869.9,1824.03,1855.54,171538.0364,1830.142,1829.906801,1830.142,1870.498847,1789.785153,72.44035672,137.8110614,0,0,0,0
2023/11/5,1855.54,1912.67,1846.11,1891.71,383106.7628,1845.55,1850.507867,1845.55,1904.879907,1786.220093,79.61333483,135.0569769,0,0,0,0
2023/11/6,1891.71,1914.23,1868.48,1900.95,328746.2394,1856.342,1867.321912,1856.342,1930.55681,1782.12719,81.17767985,95.97715345,0.3818,0.5,0,-1
2023/11/7,1900.95,1906.99,1850.32,1885.27,332419.4406,1873.236,1873.304608,1873.236,1923.908886,1822.563114,69.81413532,41.55305174,0,0,0,-1
2023/11/8,1885.26,1904.69,1872.51,1888.12,247881.0997,1884.318,1878.243072,1884.318,1914.974808,1853.661192,70.74458369,50.68629879,-0.7414,-0.21875,-1,1
2023/11/9,1888.11,2132,1882.07,2121.32,1100330.324,1937.474,1959.268715,1937.474,2121.623446,1753.324554,92.95508199,166.6666667,0.5106,0,0,-1
2023/11/10,2121.33,2136.99,2064.61,2077.72,555573.6495,1974.676,1998.752476,1974.676,2180.672943,1768.679057,78.94763191,101.7235969,0,0,0,-1
2023/11/11,2077.72,2089.6,2030.3,2053.17,370966.0372,2005.12,2016.891651,2005.12,2203.382503,1806.857497,71.37720292,49.69822399,0,0,0,0
2023/11/12,2053.16,2066.5,2012.1,2044.68,281907.559,2037.002,2026.154434,2037.002,2195.125209,1878.878791,68.53622556,19.51591553,0,0,0,0
2023/11/13,2044.69,2118,2028.49,2053.65,529143.5815,2070.108,2035.319623,2070.108,2125.857126,2014.358874,70.10754539,25.94654143,0,0,0,0
2023/11/14,2053.65,2064.96,1936.6,1979.39,481909.733,2041.722,2016.676415,2041.722,2107.832319,1975.611681,46.22055471,-143.0934698,-0.296,-0.1,-1,1
2023/11/15,1979.4,2062.4,1967.01,2058.48,421870.8032,2037.874,2030.610943,2037.874,2097.029097,1978.718903,63.00259038,-26.67649976,0.4767,0,0,1
2023/11/16,2058.49,2090.4,1939.1,1961.77,545286.1297,2019.594,2007.663962,2019.594,2100.88959,1938.29841,42.65674134,-78.58698692,-0.29295,0,0,0
2023/11/17,1961.77,1991.5,1904,1960.82,401100.5069,2002.822,1992.049308,2002.822,2090.821054,1914.822946,42.48826125,-115.2945433,0,0,0,0
2023/11/18,1960.82,1971.22,1916,1962.6,279368.2208,1984.612,1982.232872,1984.612,2059.74439,1909.47961,43.01539988,-86.03680043,0,0,0,0
2023/11/19,1962.59,2015.75,1942.89,2011.47,251132.6192,1991.028,1991.978581,1991.028,2068.716366,1913.339634,56.65113193,16.17829109,0,0,0,0
2023/11/20,2011.47,2066.4,1990,2021.4,421717.679,1983.612,2001.785721,1983.612,2037.59017,1929.63383,59.13478895,111.7569848,0.1806,0,0,0
2023/11/21,2021.41,2034.6,1931.43,1933.01,490163.9863,1977.86,1978.860481,1977.86,2044.55402,1911.16598,36.11292688,-28.19353525,0,0,0,0
2023/11/22,1933.01,2092.46,1928.41,2063.21,466120.5109,1998.338,2006.976987,1998.338,2089.804426,1906.871574,62.78773717,85.83086761,0,0,0,0
2023/11/23,2063.22,2088.94,2040.35,2062.2,250960.6958,2018.258,2025.384658,2018.258,2113.230637,1923.285363,62.5345575,111.42495,0.27225,0.171590909,0,0
2023/11/24,2062.21,2133.02,2059.37,2080.84,426932.5402,2032.132,2043.869772,2032.132,2138.650515,1925.613485,65.72308572,110.1020184,0,0,0,0
2023/11/25,2080.84,2090.54,2065.3,2083.09,138847.393,2044.47,2056.943181,2044.47,2157.264161,1931.675839,66.15766236,58.05908794,0,0,0,0
2023/11/26,2083.1,2094.99,2036.42,2062.33,241262.9136,2070.334,2058.738788,2070.334,2089.393253,2051.274747,57.71790331,-3.559919268,0,0,0,0
2023/11/27,2062.34,2071.24,1985.78,2027.5,326073.2298,2063.192,2048.325858,2063.192,2103.021921,2023.362079,45.53542982,-156.1498431,0.5267,0,0,-1
2023/11/28,2027.5,2075,1995.15,2048.14,283775.9279,2060.38,2048.263906,2060.38,2102.036406,2018.723594,52.8994818,-65.8185726,0,0,0,0
2023/11/29,2048.14,2075.7,2019.31,2028.81,254843.7319,2049.974,2041.77927,2049.974,2091.98066,2007.96734,45.67059235,-36.24143725,0,0,0,0
2023/11/30,2028.8,2054.75,2020.85,2051.96,243680.0921,2043.748,2045.172847,2043.748,2070.864913,2016.631087,54.89738996,-5.263376667,0,0,0,0
2023/12/1,2051.95,2110.87,2045.04,2087.24,372645.586,2048.73,2059.195231,2048.73,2092.008821,2005.451179,65.92227775,166.6666667,0,0,0,0
2023/12/2,2087.24,2186.6,2086.25,2164.74,320979.9768,2076.178,2094.376821,2076.178,2172.435837,1979.920163,79.60890029,145.5160874,0,0,0,0
2023/12/3,2164.75,2217.27,2149,2192.95,257879.1136,2105.14,2127.234547,2105.14,2232.38008,1977.89992,82.75946171,108.6555709,0,0,0,0
2023/12/4,2192.96,2274.28,2191,2243.37,565307.7134,2148.052,2165.946365,2148.052,2287.512712,2008.591288,87.18355781,106.3661027,0,0,0,0
2023/12/5,2243.36,2309.72,2188.33,2293.33,529829.7214,2196.326,2208.407577,2196.326,2336.416662,2056.235338,90.27463171,97.68351732,0,0,0,0
2023/12/6,2293.33,2312.23,2220,2232.7,408338.9056,2225.418,2216.505051,2225.418,2313.614745,2137.221255,66.09353321,60.93792966,-0.3715,-0.05,-1,0
2023/12/7,2232.7,2382.8,2222,2355.73,485190.0609,2263.616,2262.913367,2263.616,2375.78478,2151.44722,79.8107115,137.9244,0,0,0,0
2023/12/8,2355.74,2392,2336.34,2358.72,378569.8126,2296.77,2294.848912,2296.77,2403.662255,2189.877745,80.05582571,116.0213287,0,0,0,0
2023/12/9,2358.71,2403,2328.01,2340.49,287771.0664,2316.194,2310.062608,2316.194,2411.926386,2220.461614,73.27576867,72.44437364,0,0,0,0
2023/12/10,2340.48,2377.47,2320,2352.39,200037.2102,2328.006,2324.171738,2328.006,2424.112746,2231.899254,75.00317893,42.37943989,0,0,0,0
2023/12/11,2352.39,2355,2156.62,2225.12,640414.9166,2326.49,2291.154492,2326.49,2428.61321,2224.36679,40.23493866,-153.7059538,0,0,0,0
2023/12/12,2225.11,2244.12,2166,2203.46,361588.9087,2296.036,2261.922995,2296.036,2430.737478,2161.334522,36.62331028,-105.0236417,-0.3818,0,-1,1
2023/12/13,2203.47,2284.02,2144.32,2260.16,418916.6154,2276.324,2261.33533,2276.324,2396.642241,2156.005759,51.01207157,-52.31422357,0,0,0,0
2023/12/14,2260.16,2332.11,2228.2,2315.32,409508.0931,2271.29,2279.33022,2271.29,2382.185647,2160.394353,61.61080699,40.60049171,0.1204,0.022222222,0,-0.333333333
2023/12/15,2315.32,2317.81,2200,2220.5,333552.6328,2244.912,2259.720147,2244.912,2324.388916,2165.435084,42.05830162,8.130848174,0,0,0,0
2023/12/16,2220.51,2263.4,2210,2228.96,199285.923,2245.68,2249.466764,2245.68,2324.448111,2166.911889,44.03896944,-21.3260659,0,0,0,0
2023/12/17,2228.96,2248.68,2191.5,2196.52,225925.7675,2244.292,2231.817843,2244.292,2326.170269,2162.413731,37.83911013,-97.02978687,0,0,0,0
2023/12/18,2196.53,2224,2116.6,2219.43,364103.1181,2236.146,2227.688562,2236.146,2318.192829,2154.099171,44.710458,-113.8451318,0.4019,0.214285714,0,-1
2023/12/19,2219.44,2255,2135.55,2177.91,383551.4049,2208.664,2211.095708,2208.664,2246.200228,2171.127772,35.75638574,-76.54249249,0,0,0,0
2023/12/20,2177.9,2266,2156,2202.17,416841.6272,2204.998,2208.120472,2204.998,2240.731389,2169.264611,43.954199,8.97428788,0,0,0,0
2023/12/21,2202.17,2279.31,2182.98,2239.61,453069.7252,2207.128,2218.616981,2207.128,2249.053863,2165.202137,55.02531176,129.0696885,0,0,0,0
2023/12/22,2239.6,2343.15,2230.59,2324.54,591357.488,2232.732,2253.924654,2232.732,2333.101105,2132.362895,71.1723466,146.5079292,0,0,0,0
2023/12/23,2324.54,2330.65,2265,2308.2,255626.9352,2250.486,2272.016436,2250.486,2365.498694,2135.473306,65.51555731,84.76831156,0,0,0,0
2023/12/24,2308.2,2326.19,2245,2264.05,307951.076,2267.714,2269.360957,2267.714,2357.011642,2178.416358,51.6504938,27.34992634,0,0,0,0
2023/12/25,2264.04,2304.8,2253.1,2271.35,286277.1616,2281.55,2270.023972,2281.55,2343.048723,2220.051277,53.67667961,-5.44799816,0,0,0,0
2023/12/26,2271.36,2274.99,2178.45,2230.88,410413.1591,2279.804,2256.975981,2279.804,2346.262161,2213.345839,41.59669437,-165.6017692,0,0,0,0
2023/12/27,2230.88,2392.44,2211.88,2378.35,541537.3574,2290.566,2297.433987,2290.566,2391.171209,2189.960791,71.16011807,117.4744094,0,0,0,0
2023/12/28,2378.35,2445.8,2335,2344.15,580459.982,2297.756,2313.005992,2297.756,2407.13083,2188.38117,62.05425156,119.8099973,0.23835,0,0,1
2023/12/29,2344.15,2385.41,2255.34,2299.2,450201.2069,2304.786,2308.403994,2304.786,2408.987547,2200.584453,51.27468653,14.86182502,0.3612,0,1,-1
2023/12/30,2299.2,2322.84,2268,2291.68,210539.1327,2308.852,2302.82933,2308.852,2409.026217,2208.677783,49.47733051,-24.1176808,0,0,0,0
2023/12/31,2291.68,2321.34,2258.88,2281.87,222175.8779,2319.05,2295.842886,2319.05,2392.108835,2245.991165,46.80212092,-84.1826214,0,0,0,0
2024/1/1,2281.87,2352.37,2265.24,2352.04,216702.6914,2313.788,2314.575258,2313.788,2371.096978,2256.479022,64.13887918,12.5891022,0,0,0,0
2024/1/2,2352.05,2431.3,2341,2355.34,458041.6642,2316.026,2328.163505,2316.026,2378.540466,2253.511534,64.81298561,154.6735302,0,0,0,0
2024/1/3,2355.35,2385.45,2100,2209.72,798729.4869,2298.13,2288.682337,2298.13,2405.093883,2191.166117,31.81998997,-125.2345448,0,0,0,-1
2024/1/4,2209.72,2294.69,2201.91,2267.11,448844.055,2293.216,2281.491558,2293.216,2403.130481,2183.301519,45.48980577,-60.57933771,0,0,0,0
2024/1/5,2267.11,2277.21,2206.17,2268.78,405568.0006,2290.598,2277.254372,2290.598,2402.081122,2179.114878,45.88446099,-48.80494601,0,-0.1,0,-1
2024/1/6,2268.78,2270,2216.4,2240.78,194067.8656,2268.346,2265.096248,2268.346,2365.367912,2171.324088,39.83935413,-45.57538446,0,0,0,0
2024/1/7,2240.77,2258.01,2203.46,2221.42,207138.6927,2241.562,2250.537499,2241.562,2289.006658,2194.117342,35.76672504,-97.87262257,0,0,0,0
2024/1/8,2221.42,2358.2,2166.38,2330.44,539407.5547,2265.706,2277.171666,2265.706,2339.378066,2192.033934,62.64574705,154.8843711,0,0,0,0
2024/1/9,2330.43,2371.72,2226.78,2344.29,551454.9931,2281.142,2299.544444,2281.142,2378.164018,2184.119982,64.97333346,117.5446146,0,0,0,0
2024/1/10,2344.3,2643.1,2339.59,2584.38,1038388.666,2344.262,2394.489629,2344.262,2602.945411,2085.578589,85.09634268,166.6666667,0.23835,-0.25,0,-1
2024/1/11,2584.37,2689.39,2566.01,2618.01,838712.2577,2419.708,2468.996419,2419.708,2728.790943,2110.625057,86.45848983,107.1468994,0.7096,-0.1,1,-1
2024/1/12,2618.01,2717.32,2458,2522.54,887457.7627,2479.932,2486.84428,2479.932,2720.825289,2239.038711,65.2849189,53.00943702,0,0,0,0
2024/1/13,2522.55,2590,2497.5,2578.19,422061.232,2529.482,2517.292853,2529.482,2724.556826,2334.407174,70.54152036,31.9625745,0,0,0,0
2024/1/14,2578.18,2578.69,2470,2472.87,306207.7463,2555.198,2502.485235,2555.198,2657.84307,2452.55293,51.93697023,-99.03037728,0,0,0,0
2024/1/15,2472.87,2553.82,2470.92,2511.78,315247.8819,2540.678,2505.58349,2540.678,2643.242691,2438.113309,57.1553036,-78.53728097,0,0,0,0
2024/1/16,2511.79,2614.43,2500.05,2587.4,381077.6247,2534.556,2532.85566,2534.556,2620.181731,2448.930269,66.09739657,67.23150258,0,0,0,0
2024/1/17,2587.41,2592.97,2506.75,2530.19,366281.3477,2536.086,2531.967107,2536.086,2621.069201,2451.102799,55.20201741,19.08689931,-0.0663,-0.1,0,0
2024/1/18,2530.2,2550,2428.56,2470.81,452090.1074,2514.61,2511.581405,2514.61,2600.446109,2428.773891,45.47630499,-100.6983046,-0.2732,-0.1,-1,1
2024/1/19,2470.81,2504.2,2415.2,2492,424209.0029,2518.436,2505.05427,2518.436,2597.96255,2438.90945,49.44909988,-93.28303311,0,0,0,0
2024/1/20,2491.99,2492,2454.2,2472.01,136620.9577,2510.482,2494.039513,2510.482,2598.574364,2422.389636,45.53652552,-60.26116418,0,0,0,0
2024/1/21,2472.02,2482.18,2452.13,2457.05,122572.1687,2484.412,2481.709675,2484.412,2535.329235,2433.494765,42.39831803,-67.39864202,0,0,0,0
2024/1/22,2457.06,2466.1,2303.59,2314.2,526337.6492,2441.214,2425.873117,2441.214,2570.169402,2312.258598,23.26274702,-166.6666667,0.2023,-0.2,0,1
2024/1/23,2314.19,2352.23,2168.07,2242.6,700105.3314,2395.572,2364.782078,2395.572,2593.445711,2197.698289,18.13475555,-129.4276317,0,0,0,0
2024/1/24,2242.6,2264.6,2196.12,2235.02,359851.1496,2344.176,2321.528052,2344.176,2548.554762,2139.797238,17.62073956,-91.53718362,0,0,0,0
2024/1/25,2235.02,2242.89,2171.3,2218.64,330426.6061,2293.502,2287.232035,2293.502,2469.66518,2117.33882,16.3675861,-72.0861434,-0.2732,-0.1,-1,1
2024/1/26,2218.64,2282.36,2195.84,2267.68,363566.4255,2255.628,2280.71469,2255.628,2322.192017,2189.063983,33.94747504,-21.34102251,0,0,0,0
2024/1/27,2267.67,2282.94,2251.4,2267.94,145109.3836,2246.376,2276.45646,2246.376,2284.652563,2208.099437,34.03936313,97.36123987,0,0,0,0
2024/1/28,2267.94,2308.24,2239.89,2256.9,209326.9087,2249.236,2269.93764,2249.236,2288.089237,2210.382763,31.69880998,79.4145263,0,0,0,0
2024/1/29,2256.9,2322.34,2233.8,2317.6,305528.0776,2265.752,2285.825093,2265.752,2328.963506,2202.540494,53.61771492,102.6954167,0,0,0,0
2024/1/30,2317.61,2391.98,2297,2343.01,372879.5791,2290.626,2304.886729,2290.626,2357.858711,2223.393289,60.28660535,148.5656718,0.4364,0.009090909,1,-1
2024/1/31,2343,2351.6,2263.57,2283.14,397116.1859,2293.718,2297.637819,2293.718,2357.793054,2229.642946,42.35205378,16.12773488,-0.0258,-0.1,-1,-1
2024/2/1,2283.15,2311.72,2240,2304.28,310997.4538,2300.986,2299.851879,2300.986,2359.739363,2242.232637,49.04288755,-42.75950981,0,0,0,0
2024/2/2,2304.28,2324.74,2281.94,2309.06,238230.511,2311.418,2302.921253,2311.418,2350.327414,2272.508586,50.66140038,0.828947294,0.4767,0,0,1
2024/2/3,2309.07,2329.98,2292.75,2296.49,133232.845,2307.196,2300.777502,2307.196,2347.075115,2267.316885,45.87204732,-7.784316273,0,0,0,0
2024/2/4,2296.5,2311,2266,2289.79,171232.0444,2296.552,2297.115001,2296.552,2315.351623,2277.752377,43.15392201,-68.25524589,0,0,0,0
2024/2/5,2289.79,2338.41,2269.11,2301.83,236610.412,2300.29,2298.686668,2300.29,2313.553321,2287.026679,49.83143479,41.45199063,0,0,0,0
2024/2/6,2301.84,2392.4,2299,2372.64,368942.7498,2313.962,2323.337778,2313.962,2373.987855,2253.936145,73.07917393,166.6666667,0.4939,0,0,-1
2024/2/7,2372.63,2444.44,2354,2425.1,342791.7013,2337.17,2357.258519,2337.17,2443.52205,2230.81795,81.16283752,128.4810442,0,0,0,0
2024/2/8,2425.09,2463.15,2411.01,2419.55,338040.0539,2361.782,2378.022346,2361.782,2475.769008,2247.794992,78.06299406,98.95674695,0,0.136363636,0,-1
2024/2/9,2419.56,2525,2419.16,2486.56,492384.385,2401.136,2414.201564,2401.136,2524.048366,2278.223634,86.08429023,103.9459721,0,0,0,0
2024/2/10,2486.56,2516.45,2471.57,2500.24,185099.59,2440.818,2442.881043,2440.818,2534.502268,2347.133732,87.27193379,98.3707151,0,0,0,0
2024/2/11,2500.24,2539.63,2493.45,2507.21,219975.1471,2467.732,2464.324028,2467.732,2543.1443,2392.3197,87.92809887,88.39812017,0,0,0,0
2024/2/12,2507.22,2665.58,2472,2659.99,449501.776,2514.71,2529.546019,2514.71,2672.747356,2356.672644,94.99614348,150.8311296,0.24695,0.08,1,-1
2024/2/13,2659.99,2686.12,2590,2639.99,502447.745,2558.798,2566.360679,2558.798,2708.839731,2408.756269,86.69058137,105.5568054,0,0.15,0,-1
2024/2/14,2639.99,2786,2618.4,2774.81,461670.6944,2616.448,2635.843786,2616.448,2822.29434,2410.60166,92.33642472,121.8836377,0.2294,0,0.5,-1
2024/2/15,2774.8,2867.65,2759.25,2822.59,481689.1874,2680.918,2698.092524,2680.918,2902.140449,2459.695551,93.54874127,116.6700216,-0.1531,0,-1,1
2024/2/16,2822.58,2857.4,2740,2801.8,378070.8037,2739.836,2732.661683,2739.836,2890.18373,2589.48827,86.13743284,71.7280325,0,0,0,0
2024/2/17,2801.81,2804.21,2719.01,2785.93,243302.8759,2765.024,2750.417789,2765.024,2894.121316,2635.926684,80.08356692,24.02548135,0,0,0,0
2024/2/18,2785.92,2895,2764.25,2881.2,367987.8833,2813.266,2794.011859,2813.266,2888.41681,2738.11519,86.96046128,104.6743324,0,0,0,0
2024/2/19,2881.2,2984.52,2856.93,2944.8,446451.0401,2847.264,2844.274573,2847.264,2964.234302,2730.293698,89.87717333,144.8662797,0.368866667,0.060416667,0.333333333,-1
2024/2/20,2944.8,3033.09,2874.56,3014.81,634681.7471,2885.708,2901.119715,2885.708,3058.16255,2713.25345,92.25955036,104.9249327,0,0,0,0
2024/2/21,3014.81,3017.15,2868,2967.9,595955.0033,2918.928,2923.37981,2918.928,3077.352354,2760.503646,77.06811539,55.27397154,0,0,1,-1
2024/2/22,2967.91,3036.02,2906.51,2971.4,563525.9936,2956.022,2939.38654,2956.022,3043.465073,2868.578927,77.41494899,65.95151966,0.2182,-0.087878788,-0.333333333,-0.333333333
2024/2/23,2971.4,2993.8,2906.05,2922.24,428826.5787,2964.23,2933.671027,2964.23,3025.964264,2902.495736,61.17131849,-53.24385932,0,0,0,-1
2024/2/24,2922.25,3007.48,2906.4,2992.62,243854.0783,2973.794,2953.320684,2973.794,3035.340834,2912.247166,71.77114814,41.44220465,0,0,0,0
2024/2/25,2992.62,3122,2983.61,3112.59,412306.2237,2993.35,3006.410456,2993.35,3121.114933,2865.585067,82.15254732,166.6666667,0,0,0,0
2024/2/26,3112.6,3196,3036.59,3175.94,546722.7747,3034.958,3062.920304,3034.958,3223.510645,2846.405355,85.63866125,113.8919395,0,0,0,0
2024/2/27,3175.95,3288.14,3160.02,3242.36,625939.1221,3089.15,3122.733536,3089.15,3323.640479,2854.659521,88.56574675,116.3114151,0,0,0,-1
2024/2/28,3242.35,3488,3176.16,3383.1,947538.766,3181.322,3209.522357,3181.322,3441.785429,2920.858571,92.57441337,119.1775504,0,0,0,0
2024/2/29,3383.11,3522.81,3300,3340.09,759698.1123,3250.816,3253.044905,3250.816,3451.321861,3050.310139,81.64085371,95.39128491,0,0,0,0
2024/3/1,3340.1,3450,3338.54,3433.43,412788.5773,3314.984,3313.17327,3314.984,3502.402323,3127.565677,86.09566413,73.76045781,0,0,0,0
2024/3/2,3433.42,3460.04,3390.01,3421.4,283984.9448,3364.076,3349.248847,3364.076,3502.200708,3225.951292,82.85665635,76.46596485,0,0,0,0
2024/3/3,3421.39,3491.8,3360,3487.81,341631.531,3413.166,3395.435898,3413.166,3512.33947,3313.99253,86.38987614,105.3934349,0,0,0,0
2024/3/4,3487.8,3640.94,3423.78,3627.76,715360.6361,3462.098,3472.877265,3462.098,3652.821126,3271.374874,91.17890218,165.7658819,-0.2732,-0.077777778,0,1
2024/3/5,3627.75,3822.04,3200,3553.65,1392904.864,3504.81,3499.80151,3504.81,3659.324415,3350.295585,73.95387297,60.57736523,0,-0.033333333,-0.666666667,0.333333333
2024/3/6,3553.66,3900,3499.4,3818.59,969494.71,3581.842,3606.06434,3581.842,3855.391293,3308.292707,85.87674884,148.541305,0,0,0,0
2024/3/7,3818.58,3933.81,3735,3868.76,540780.675,3671.314,3693.62956,3671.314,3968.084118,3374.543882,87.25745317,109.6954735,0.1779,-0.1,0,1
2024/3/8,3868.76,3993.75,3820,3883.36,646399.2589,3750.424,3756.87304,3750.424,4018.883988,3481.964012,87.69504072,90.33529837,0,0,0,0
2024/3/9,3883.37,3942,3870.01,3905.21,254839.1386,3805.914,3806.318693,3805.914,4064.533419,3547.294581,88.4378156,67.82436683,0,0,0,0
2024/3/10,3905.2,3964.67,3791.26,3878.47,356664.68,3870.878,3830.369129,3870.878,3928.362926,3813.393074,80.96169037,33.47480309,0,0,0,0
2024/3/11,3878.47,4086.23,3722.95,4064.8,721554.5139,3920.12,3908.512753,3920.12,4066.758277,3773.481723,89.03528888,142.9262789,0.4767,-0.05,0,1
2024/3/12,4064.8,4093.92,3828.98,3979.96,632787.3941,3942.36,3932.328502,3942.36,4084.763281,3799.956719,71.72394381,93.09225288,0,0,0,0
2024/3/13,3979.97,4083,3932.23,4004.79,482305.7766,3966.646,3956.482334,3966.646,4101.748403,3831.543597,73.60166557,103.0654727,-0.034233333,-0.097222222,0.333333333,-1
2024/3/14,4004.79,4010.98,3723,3881.7,648237.5245,3961.944,3931.55489,3961.944,4106.572409,3817.315591,52.14433813,-87.56446142,0,0,0,0
2024/3/15,3881.69,3934.02,3570,3742.19,947537.4071,3934.688,3868.43326,3934.688,4160.530751,3708.845249,36.90252458,-134.5112836,0,0,0,0
2024/3/16,3742.19,3781.12,3468.8,3523.09,548288.1569,3826.346,3753.31884,3826.346,4181.36715,3471.32485,23.44772468,-122.6137871,0,0,0,0
2024/3/17,3523.09,3678.68,3412,3644.71,517790.9936,3759.296,3717.115893,3759.296,4099.255862,3419.336138,38.9040492,-83.77856986,0,0,0,0
2024/3/18,3644.7,3645.02,3454.09,3520.46,570901.2851,3662.43,3651.563929,3662.43,3937.131446,3387.728554,30.92926215,-72.83017648,0,0,0,-1
2024/3/19,3520.47,3548.09,3150.88,3158.64,1049629.694,3517.818,3487.255953,3517.818,3913.280245,3122.355755,17.71275684,-161.1921485,0,0,0,0
2024/3/20,3158.65,3535.24,3056.56,3516.53,1207322.82,3472.686,3497.013968,3472.686,3801.273719,3144.098281,46.1590978,-59.36275275,0.2194,-0.1,-0.333333333,0.333333333
2024/3/21,3516.53,3587.32,3412,3492.85,602755.2072,3466.638,3495.625979,3466.638,3792.393115,3140.882885,44.8760275,28.43804547,0.106066667,-0.051767677,0,-1
2024/3/22,3492.84,3542.52,3250,3336.35,558848.888,3404.966,3442.533986,3404.966,3686.239733,3123.692267,36.49544101,-29.78763988,0.05795,0,-0.5,0
2024/3/23,3336.35,3435.48,3270.08,3329.53,323675.9448,3366.78,3404.865991,3366.78,3625.939433,3107.620567,36.1279193,-39.99691932,0,0,0,0
2024/3/24,3329.53,3471.22,3298.76,3454.98,260824.1408,3426.048,3421.57066,3426.048,3583.141643,3268.954357,48.1367432,14.04231573,0,0,0,0
2024/3/25,3454.99,3666,3420.12,3590.42,548577.6942,3440.826,3477.853774,3440.826,3637.980216,3243.671784,58.63290907,111.4904696,0,0,0,0
2024/3/26,3590.43,3678.86,3542.62,3587.33,499013.8384,3459.722,3514.345849,3459.722,3688.735297,3230.708703,58.29644822,98.31684433,0.34,-0.1,0,1
2024/3/27,3587.32,3665.84,3460.02,3501.19,443195.3297,3492.69,3509.960566,3492.69,3685.818687,3299.561313,48.5818741,36.90747488,0.1909,0.068181818,-0.5,0
2024/3/28,3501.2,3611.78,3465,3560.49,404654.0311,3538.882,3526.803711,3538.882,3644.449087,3433.314913,55.03040111,19.07562677,0.3291,-0.025,0.5,-1
2024/3/29,3560.49,3584.37,3445.91,3509.74,323086.179,3549.834,3521.115807,3549.834,3625.414375,3474.253625,48.52067812,-115.9646907,0,-0.1,0,-1
2024/3/30,3509.74,3565.81,3485,3505.64,216025.2634,3532.878,3515.957205,3532.878,3602.211097,3463.544903,47.94789893,-72.43978157,0,0,0,0
2024/3/31,3505.65,3655.32,3505.09,3645.29,243464.9877,3544.47,3559.068137,3544.47,3654.045227,3434.894773,65.35877729,162.913279,0,0,0,0
2024/4/1,3645.29,3645.95,3413.71,3503.8,408854.1225,3544.992,3540.645424,3544.992,3653.759426,3436.224574,45.91024454,-47.17308359,-0.2553,0,0.5,1
2024/4/2,3503.8,3505.6,3212,3278.96,623264.6476,3488.686,3453.41695,3488.686,3724.429844,3252.942156,28.85490387,-166.6666667,0,0,0,0
2024/4/3,3278.96,3367.4,3202.79,3310.83,410484.1933,3448.904,3405.887966,3448.904,3721.294012,3176.513988,33.24859671,-94.74542173,-0.0215,0,0.5,0
2024/4/4,3310.83,3443.93,3250.92,3327.4,356338.5716,3413.256,3379.725311,3413.256,3693.164195,3133.347805,35.82435681,-44.79218414,0.23835,-0.025,0.5,0
2024/4/5,3327.39,3350,3210,3317.85,344556.7983,3347.768,3359.100207,3347.768,3507.154032,3188.381968,34.85539666,-64.07030779,-0.4404,0.4,-1,1
2024/4/6,3317.85,3398.42,3306.68,3351.59,183312.2125,3317.326,3356.596805,3317.326,3364.569452,3270.082548,41.80649952,85.59872216,0,0,0,0
2024/4/7,3351.59,3459.94,3344.08,3454.2,210459.0752,3352.374,3389.131203,3352.374,3457.865839,3246.882161,58.59969749,142.5033328,0,0,0,0
2024/4/8,3454.2,3730.71,3406.36,3694.61,496841.3532,3429.13,3490.957469,3429.13,3711.764489,3146.495511,77.56258812,154.5291388,0,0,0,1
2024/4/9,3694.61,3727.34,3450.46,3506.39,457592.252,3464.928,3496.101646,3464.928,3731.859375,3197.996625,53.55592478,68.56811522,0,0,0,-1
2024/4/10,3506.4,3562.95,3411.82,3545.64,389404.9055,3510.486,3512.614431,3510.486,3735.999247,3284.972753,57.02326778,13.36709476,0,-0.3,-1,1
2024/4/11,3545.64,3618.3,3474.52,3502.52,338139.5534,3540.672,3509.24962,3540.672,3705.182975,3376.161025,51.72076915,7.673700745,0,0,0,0
2024/4/12,3502.52,3552.4,3100,3237.43,697327.1174,3497.318,3418.64308,3497.318,3792.492909,3202.143091,30.16520626,-166.6666667,0,0,0,0
2024/4/13,3237.42,3301.9,2852,3007.01,994971.2354,3359.798,3281.432054,3359.798,3775.325937,2944.270063,20.76312572,-130.4382779,0,0,0,0
2024/4/14,3007.01,3174.23,2906.73,3155.11,737580.4666,3289.542,3239.324702,3289.542,3700.937448,2878.146552,36.63160399,-78.74159485,0,0,0,0
2024/4/15,3155.11,3277.85,3023.19,3101.99,605430.8863,3200.812,3193.546468,3200.812,3537.599495,2864.024505,33.61349679,-36.14926619,0,0,0,0
2024/4/16,3102,3128.01,2986,3084.22,526113.855,3117.152,3157.104312,3117.152,3270.392387,2963.911613,32.49400393,-55.60928913,0,0,0,0
2024/4/17,3084.21,3123.75,2914.47,2985.41,491897.5661,3066.748,3099.872875,3066.748,3191.774753,2941.721247,26.38593868,-130.7737723,0,0,0,0
2024/4/18,2985.41,3094.4,2950.98,3064.4,389060.7133,3078.226,3088.048583,3078.226,3188.924774,2967.527226,38.02681067,-55.16714662,0.0772,0,0,1
2024/4/19,3064.4,3128.89,2865.18,3056.46,607850.4019,3058.496,3077.519055,3058.496,3138.165408,2978.826592,37.2859637,-61.8137289,0,0,1,-1
2024/4/20,3056.45,3171.88,3018.75,3155.79,242577.6371,3069.256,3103.60937,3069.256,3178.542868,2959.969132,51.93056546,132.1030169,0,0,0,0
2024/4/21,3155.79,3197.18,3116.49,3147.67,219970.5072,3081.946,3118.296247,3081.946,3208.592526,2955.299474,50.7203011,106.6296909,0,0,0,0
2024/4/22,3147.66,3235,3129.15,3200.2,290879.9569,3124.904,3145.597498,3124.904,3236.212719,3013.595281,58.53481826,94.94511677,0,0,0,0
2024/4/23,3200.19,3263.61,3152,3219.46,253914.2263,3155.916,3170.218332,3155.916,3268.905985,3042.926015,61.34418136,87.42476936,0,0,0,0
2024/4/24,3219.46,3293.56,3104.9,3140.8,393314.3414,3172.784,3160.412221,3172.784,3235.219703,3110.348297,45.5790595,23.6952287,0,-0.1,-1,1
2024/4/25,3140.79,3191.64,3072.2,3155.8,352288.5502,3172.786,3158.874814,3172.786,3235.219526,3110.352474,48.72040615,-104.1561803,0.05685,-0.05,-0.5,0
2024/4/26,3155.81,3167.7,3102,3131.3,252522.655,3169.512,3149.683209,3169.512,3238.267281,3100.756719,43.58397474,-90.98190604,-0.1366,0.0125,-0.5,0
2024/4/27,3131.3,3285,3066.74,3255.56,323811.1919,3180.584,3184.975473,3180.584,3277.57336,3083.59464,66.18522216,65.71237462,0,0,0,0
2024/4/28,3255.55,3357.4,3250.45,3263.45,304766.009,3189.382,3211.133649,3189.382,3305.06113,3073.70287,67.22729454,147.4358974,0,0,0,0
2024/4/29,3263.44,3286.95,3115.13,3216.73,421831.2912,3204.568,3212.999099,3204.568,3310.253215,3098.882785,54.7408515,16.92730875,0.190375,-0.096969697,-0.25,-0.5
2024/4/30,3216.74,3250.95,2921,3014.05,561717.4866,3176.218,3146.682733,3176.218,3363.539934,2988.896066,27.27238861,-120.1410403,0.34,-0.05,0,1
2024/5/1,3014.04,3023.24,2817,2972.46,624963.7773,3144.45,3088.608488,3144.45,3394.754695,2894.145305,24.16245001,-120.3783534,0,0,0,0
2024/5/2,2972.46,3016.72,2893.26,2986.19,365939.7191,3090.576,3054.468992,3090.576,3337.969301,2843.182699,27.57072334,-67.8023497,0,0,0,0
2024/5/3,2986.19,3126.99,2958.32,3102.61,355825.8391,3058.408,3070.515995,3058.408,3240.813708,2876.002292,50.93998056,13.875043,0,0,0,0
2024/5/4,3102.61,3168,3092.85,3117.23,196263.9488,3038.508,3086.08733,3038.508,3158.521082,2918.494918,53.30498039,100.2170447,0,0,0,0
2024/5/5,3117.24,3171.93,3072.99,3136.41,218760.2662,3062.98,3102.861553,3062.98,3201.532918,2924.427082,56.72589866,75.29066792,0,0,0,0
2024/5/6,3136.4,3221.4,3046.35,3062.6,355135.3027,3081.008,3089.441036,3081.008,3187.506334,2974.509666,41.94429254,41.32831755,0,0,0,0
2024/5/7,3062.59,3129.85,2998,3005.69,298796.6829,3084.908,3061.524024,3084.908,3177.789287,2992.026713,33.52473936,-101.9800188,0.233333333,-0.033333333,0,-0.333333333
2024/5/8,3005.69,3038.15,2936.48,2974.21,266934.8125,3059.228,3032.419349,3059.228,3183.894086,2934.561914,29.4387958,-123.159006,0,-0.1,0,1
2024/5/9,2974.2,3059,2950.77,3036.23,238561.7462,3043.028,3033.689566,3043.028,3153.588453,2932.467547,45.72828741,-54.13285914,0,0,0,0
2024/5/10,3036.24,3053.89,2878.03,2909.99,327855.8758,2997.744,2992.456377,2997.744,3103.593801,2891.894199,28.80745619,-105.8383823,0,0,0,0
2024/5/11,2909.98,2945.67,2886.46,2912.45,138163.1087,2967.714,2965.787585,2967.714,3067.97361,2867.45439,29.4434055,-110.4183781,0,0,0,1
2024/5/12,2912.45,2955.2,2901.17,2929.29,107670.6323,2952.434,2953.621723,2952.434,3048.065886,2856.802114,34.45359188,-58.95325023,0,0,0,0
2024/5/13,2929.3,2996.4,2864.76,2950.99,368664.7648,2947.79,2952.744482,2947.79,3040.964585,2854.615415,41.18119172,-28.26681338,0,0,0,0
2024/5/14,2950.99,2960.6,2862,2881.93,269675.3037,2916.93,2929.139655,2916.93,2962.590374,2871.269626,29.24160463,-114.6943301,0,0,0,0
2024/5/15,2881.93,3041.36,2863.75,3032.55,350254.3188,2941.442,2963.60977,2941.442,3043.114877,2839.769123,60.47938527,150.38873,0,0,0,0
2024/5/16,3032.55,3041.24,2922.8,2944.7,293874.1513,2947.892,2957.306513,2947.892,3045.395983,2850.388017,45.75313472,70.43901325,-0.231666667,-0.033333333,0,0.333333333
2024/5/17,2944.7,3120,2933.06,3092.01,357724.7731,2980.436,3002.207675,2980.436,3127.43855,2833.43345,64.08372868,141.5776863,0,0,0,0
2024/5/18,3092,3146.98,3083.61,3122.94,199976.5456,3014.826,3042.451784,3014.826,3194.912978,2834.739022,67.00955021,119.6159191,0,0,0,0
2024/5/19,3122.94,3136.64,3053.38,3071.19,166145.0102,3052.678,3052.031189,3052.678,3175.611588,2929.744412,57.25493849,58.89659769,0,0,0,0
2024/5/20,3071.2,3694,3047.67,3661.78,847107.8828,3178.524,3255.280793,3178.524,3676.764797,2680.283203,86.10652967,166.6666667,0,0.016666667,0,-1
2024/5/21,3661.79,3841.54,3624.28,3789.6,952437.2694,3347.504,3433.387195,3347.504,3971.217959,2723.790041,88.25178273,120.8703826,0.3788,-0.027272727,0,-0.333333333
2024/5/22,3789.59,3813.69,3653.15,3737.73,574938.3099,3476.648,3534.834797,3476.648,4102.671745,2850.624255,81.84161449,76.6438388,-0.070233333,0,0,-0.333333333
2024/5/23,3737.72,3949.29,3498,3783.61,1127866.076,3608.782,3617.759865,3608.782,4154.090362,3063.473638,83.19148601,55.61549711,0.281325,-0.05,0.25,-1
2024/5/24,3783.6,3829.61,3626.1,3728.28,479418.4318,3740.2,3654.59991,3740.2,3832.385343,3648.014657,74.80824515,32.79179495,0.13245,0.15,0,0
2024/5/25,3728.28,3779.43,3709.03,3749.26,158711.8992,3757.696,3686.153273,3757.696,3806.885502,3708.506498,75.95661934,44.85363551,0,0,0,0
2024/5/26,3749.25,3884.2,3731.17,3826.47,292208.2937,3765.07,3732.925515,3765.07,3836.984546,3693.155454,80.12454656,166.6666667,0,0.5,0,-1
2024/5/27,3826.47,3977,3823.37,3894.22,363717.6473,3796.368,3786.690344,3796.368,3914.686385,3678.049615,83.29988374,133.3851377,0.1468,0.282727273,0.666666667,-1
2024/5/28,3894.21,3931.09,3773.9,3844.69,416249.8344,3808.584,3806.023562,3808.584,3931.629182,3685.538818,72.68774241,50.66861564,0,-0.0375,0,-1
2024/5/29,3844.69,3888.55,3742.59,3767.43,334759.6348,3816.414,3793.159042,3816.414,3921.726947,3711.101053,58.22463013,-34.83873014,0,0,0,-1
2024/5/30,3767.44,3825.35,3702.58,3747.91,277034.2894,3816.144,3778.076028,3816.144,3922.148886,3710.139114,54.78212517,-109.0130262,0.107866667,0.020833333,0,-0.333333333
2024/5/31,3747.9,3849.94,3723.75,3762.29,273406.766,3803.308,3772.814018,3803.308,3916.502018,3690.113982,57.11689027,-55.95306936,0,0,0,0
2024/6/1,3762.29,3833.3,3752.67,3815.82,132687.2006,3787.628,3787.149346,3787.628,3860.721659,3714.534341,65.42409592,9.0772054,0,0,0,-1
2024/6/2,3815.82,3838.59,3752.62,3780.91,210295.4407,3774.872,3785.069564,3774.872,3820.948768,3728.795232,56.50149892,24.95911024,0,0,0,0
2024/6/3,3780.92,3849.99,3758.43,3767.06,248848.702,3774.798,3779.066376,3774.798,3820.923501,3728.672499,52.9221737,41.7961668,0,0,0,0
2024/6/4,3767.07,3831.65,3730,3810.23,232063.7468,3787.262,3789.454251,3787.262,3831.217959,3743.306041,62.24173568,2.020486796,0,0,0,0
2024/6/5,3810.23,3887.47,3777.33,3865.99,273738.6035,3808.002,3814.966167,3808.002,3876.347692,3739.656308,71.38695151,166.6666667,0.032125,-0.025,0.25,-0.5
2024/6/6,3866,3878.6,3760,3813.46,237504.1905,3807.53,3814.464111,3807.53,3875.685539,3739.374461,55.54463451,37.10358564,0,0,0,0
2024/6/7,3813.47,3841.39,3600,3678.32,362223.3594,3787.012,3769.082741,3787.012,3912.513012,3661.510988,32.41302185,-166.6666667,0,0,0,0
2024/6/8,3678.31,3709.5,3660.08,3681.57,140550.8394,3769.914,3739.911827,3769.914,3922.088518,3617.739482,33.24868848,-96.33662285,0,0,0,0
2024/6/9,3681.58,3721.52,3666.36,3706.4,103451.102,3749.148,3728.741218,3749.148,3901.984827,3596.311173,40.29822618,-53.52242168,0,0,0,0
2024/6/10,3706.4,3713.67,3642.74,3667.85,156363.1846,3709.52,3708.444145,3709.52,3816.493976,3602.546024,33.44376039,-68.05193437,0,0,0,0
2024/6/11,3667.85,3673,3432,3497.33,439568.5978,3646.294,3638.072764,3646.294,3797.390596,3495.197404,17.23480529,-166.6666667,0,0,0,0
2024/6/12,3497.33,3659.01,3462.07,3560.12,387043.774,3622.654,3612.088509,3622.654,3783.013027,3462.294973,32.33064072,-70.12912567,0,0,0,-1
2024/6/13,3560.13,3561.65,3428,3469.4,300230.8299,3580.22,3564.525673,3580.22,3766.029028,3394.410972,24.31960733,-90.91864486,0,-0.1,0,-1
2024/6/14,3469.4,3532.61,3362.26,3481.8,322316.4214,3535.3,3536.950448,3535.3,3681.812295,3388.787705,27.39342999,-93.75018599,0.2023,0.375,1,1
2024/6/15,3481.8,3594.39,3473.1,3568.74,246649.5894,3515.478,3547.546966,3515.478,3597.534022,3433.421978,46.45382341,53.24762076,0,0,0,0
2024/6/16,3568.75,3653.79,3541.05,3624.41,149839.982,3540.894,3573.167977,3540.894,3656.560603,3425.227397,55.75135237,106.0515985,0,0,0,0
2024/6/17,3624.41,3638.37,3463.39,3511.46,337805.6402,3531.162,3552.598651,3531.162,3646.908675,3415.415325,38.70637032,16.52926358,0,0,0,0
2024/6/18,3511.47,3517.2,3355,3483.42,449913.3014,3533.966,3529.539101,3533.966,3644.136987,3423.795013,35.35238154,-87.85314665,0,0,0,0
2024/6/19,3483.42,3590.01,3465.65,3560.51,321500.0027,3549.708,3539.862734,3549.708,3647.345278,3452.070722,50.1863558,5.328517072,0,0,0,0
2024/6/20,3560.51,3625.96,3486,3513.08,329117.8453,3538.576,3530.935156,3538.576,3637.676287,3439.475713,42.6584356,12.77440324,-0.2263,-0.1,0,1
2024/6/21,3513.08,3547.55,3446.82,3518.5,342155.102,3517.394,3526.790104,3517.394,3566.938068,3467.849932,43.86127614,-23.95194205,0,0,0,0
2024/6/22,3518.5,3521.19,3475.09,3495.75,115774.6157,3514.252,3516.443403,3514.252,3566.804129,3461.699871,39.5125171,-23.53570918,0,0,0,0
2024/6/23,3495.76,3521.45,3406.38,3420.91,133411.4304,3501.75,3484.598935,3501.75,3593.107647,3410.392353,28.06874002,-139.5762615,0,0,0,0
2024/6/24,3420.91,3435.76,3240,3352.73,543370.4229,3460.194,3440.642623,3460.194,3588.420337,3331.967663,21.10728167,-146.0333272,-0.1027,0,-1,1
2024/6/25,3352.74,3430.88,3336.76,3394.91,240036.2236,3436.56,3425.398416,3436.56,3560.575269,3312.544731,33.80343986,-57.1598818,0,0,0,-1
2024/6/26,3394.91,3426.75,3325.01,3371.44,206949.3418,3407.148,3407.412277,3407.148,3506.850982,3307.445018,30.40065232,-47.43561988,0,0.15,1,-1
2024/6/27,3371.77,3477,3361.74,3450.44,201041.6609,3398.086,3421.754851,3398.086,3467.593636,3328.578364,51.10837782,64.02495954,0.4767,0,0,-1
2024/6/28,3450.44,3487.7,3365.22,3380.15,221634.3435,3389.934,3407.886568,3389.934,3456.312484,3323.555516,38.40121355,58.41602097,0,-0.038888889,0,0
2024/6/29,3380.15,3408.32,3371.86,3378.8,88329.7651,3395.148,3398.191045,3395.148,3452.499745,3337.796255,38.17335407,-42.34522878,0,0,0,0
2024/6/30,3378.8,3460,3352.66,3438.16,141221.6185,3403.798,3411.51403,3403.798,3470.655408,3336.940592,53.37818171,47.37230799,-0.31245,-0.091666667,-0.5,1
2024/7/1,3438.16,3524.94,3423.78,3442.2,224273.2122,3417.95,3421.742687,3417.95,3481.281946,3354.618054,54.33361406,139.5139772,0.4767,0,0,1
2024/7/2,3442.2,3464.12,3402,3421.35,137932.7014,3412.132,3421.611791,3412.132,3467.270977,3356.993023,47.98923311,25.817399,0,0,0,0
2024/7/3,3421.35,3432.1,3251,3295.48,310408.451,3395.198,3379.567861,3395.198,3504.564988,3285.831012,25.5106655,-135.3251622,0,0,0,0
2024/7/4,3295.49,3313.45,3050.34,3059.7,450402.5692,3331.378,3272.945241,3331.378,3623.783847,3038.972153,12.16659073,-146.6614278,0,0,0,-1
2024/7/5,3059.7,3110,2810,2981.78,886994.3753,3240.102,3175.89016,3240.102,3615.373954,2864.830046,10.00474501,-117.6303841,0,0,0,0
2024/7/6,2981.79,3081.78,2955.06,3066.83,214487.9713,3165.028,3139.536774,3165.028,3496.129623,2833.926377,27.5652874,-61.07017582,0,0,0,0
2024/7/7,3066.83,3073.08,2922.24,2931,179892.7612,3066.958,3070.024516,3066.958,3316.781728,2817.134272,19.83773711,-65.33000819,0,0,0,0
2024/7/8,2930.99,3097.06,2822.8,3019.01,500445.0105,3011.664,3053.019677,3011.664,3112.874446,2910.453554,34.67085986,-48.82118705,0,0,0,-1
2024/7/9,3019.01,3115.2,3004,3066.65,280358.1424,3013.054,3057.563118,3013.054,3117.018553,2909.089447,41.94009457,108.9898248,0,-0.2,0,-1
2024/7/10,3066.65,3151.51,3024,3101.05,270827.0844,3036.908,3072.058745,3036.908,3154.995939,2918.820061,47.23905878,103.2079692,-0.2202,-0.020833333,0,-1
2024/7/11,3101.06,3217.24,3054.76,3099.57,289229.32,3043.456,3081.229164,3043.456,3170.728213,2916.183787,47.00832947,93.18387627,0.4019,0,0,-1
2024/7/12,3099.57,3157.89,3045.58,3133.88,185745.1825,3084.032,3098.779442,3084.032,3161.728122,3006.335878,53.57867327,60.17764696,0,0,0,0
2024/7/13,3133.89,3201.8,3113.37,3175.93,119302.4769,3115.416,3124.496295,3115.416,3189.380661,3041.451339,60.98879216,130.5065445,0,0,0,0
2024/7/14,3175.93,3268.72,3163.67,3245.08,165430.7716,3151.102,3164.690863,3151.102,3260.301418,3041.902582,70.62693053,133.9306076,0,0,0,0
2024/7/15,3245.2,3493.63,3233.22,3483.39,314296.8452,3227.57,3270.923909,3227.57,3501.181371,2953.958629,85.77092638,151.3631762,0,0,0,0
2024/7/16,3483.2,3498.59,3346.55,3444.13,376128.7869,3296.482,3328.659273,3296.482,3579.817692,3013.146308,77.53852175,90.67263395,0,0,0,0
2024/7/17,3444.14,3517,3376,3387.05,297812.5162,3347.116,3348.122848,3347.116,3582.561171,3111.670829,66.02205343,59.70775224,0,0,0,0
2024/7/18,3387.05,3489.98,3367.2,3426.5,241950.3457,3397.23,3374.248566,3397.23,3561.505728,3232.954272,69.88609612,47.99449865,0,0,0,0
2024/7/19,3426.49,3540.27,3377,3503.53,299511.6422,3448.92,3417.342377,3448.92,3531.49811,3366.34189,76.42870706,166.6666667,0,0,0,0
2024/7/20,3503.53,3539.65,3480,3517.5,147510.8165,3455.742,3450.728251,3455.742,3552.927462,3358.556538,77.53516229,124.8448003,0,0,0,0
2024/7/21,3517.5,3547,3411.4,3535.92,218890.9656,3474.1,3479.125501,3474.1,3588.694449,3359.505551,79.14838169,62.58155795,0,0,0,0
2024/7/22,3535.93,3562.82,3422.34,3439.6,207859.5043,3484.61,3465.950334,3484.61,3571.673686,3397.546314,53.86505882,-7.359069141,0,0,0,0
2024/7/23,3439.61,3541,3389,3482.51,500568.7811,3495.812,3471.470223,3495.812,3561.995507,3429.628493,60.83245513,-65.42214998,0.211871429,-0.027380952,0,-1
2024/7/24,3482.51,3487.82,3300,3335.81,275479.0506,3462.268,3426.250148,3462.268,3604.789278,3319.746722,36.97145317,-166.6666667,0.113333333,-0.083333333,0.333333333,-1
2024/7/25,3335.82,3342.5,3087.53,3175.48,494282.6398,3393.864,3342.660099,3393.864,3648.723397,3139.004603,24.0722147,-145.4444496,0.3515,0.15,-0.5,0
2024/7/26,3175.47,3286.36,3171,3274.61,260237.4641,3341.602,3319.976733,3341.602,3563.550943,3119.653057,40.19778689,-69.85499758,0,0,0,-1
2024/7/27,3274.6,3327.59,3191.01,3249.01,231991.9037,3303.484,3296.321155,3303.484,3509.942572,3097.025428,37.61871621,-39.39195976,0,0,0,0
2024/7/28,3249,3284.3,3198.11,3270.16,103529.8329,3261.014,3287.60077,3261.014,3364.253928,3157.774072,41.49515853,-22.24177185,0,0,0,0
2024/7/29,3270.16,3396.77,3258,3317.66,318471.5055,3257.384,3297.620513,3257.384,3350.642979,3164.125021,50.18535014,165.3910502,0,0,0,0
2024/7/30,3317.66,3366.4,3233.18,3279.21,197277.1641,3278.13,3291.483676,3278.13,3322.740967,3233.519033,43.62816771,46.15194023,0,0,0,0
2024/7/31,3279.2,3350,3213.75,3232.74,233711.3352,3269.756,3271.90245,3269.756,3327.617319,3211.894681,36.43603406,-33.58252202,-0.11315,0,0.5,0
2024/8/1,3232.74,3242.57,3080.02,3203.4,323285.6105,3260.634,3249.0683,3260.634,3339.331309,3181.936691,32.24133131,-148.0080928,0,0,0,0
2024/8/2,3203.4,3218.6,2967,2989.61,385704.0395,3204.524,3162.5822,3204.524,3433.195269,2975.852731,15.73827258,-129.1248671,0.118666667,-0.030952381,0,0.333333333
2024/8/3,2989.61,3018.02,2859,2903.64,344595.3157,3121.72,3076.268133,3121.72,3416.761829,2826.678171,12.51762639,-119.5843523,0,0,0,0
2024/8/4,2903.65,2935.46,2630,2688.92,512064.2612,3003.662,2947.152089,3003.662,3405.295051,2602.028949,7.63789976,-120.561458,0,0,0,0
2024/8/5,2688.91,2697.44,2111,2419.59,2670604.1,2841.032,2771.298059,2841.032,3376.238256,2305.825744,4.740452446,-133.547193,-0.1953,0,0,-0.333333333
2024/8/6,2419.76,2556.23,2414.19,2461.33,642283.8038,2692.618,2667.975373,2692.618,3149.377574,2235.858426,11.26169633,-73.27744844,0,0.1,0,-1
2024/8/7,2461.33,2551.32,2309.04,2342.8,630115.4228,2563.256,2559.583582,2563.256,2974.383606,2152.128394,9.060087441,-65.09658628,0.4767,0,1,-1
2024/8/8,2342.79,2724.1,2320.4,2682.5,586502.8754,2519.028,2600.555721,2519.028,2801.672185,2236.383815,46.51686891,31.24036925,0,0,0,0
2024/8/9,2682.5,2707.98,2552.61,2598.78,406739.9611,2501,2599.963814,2501,2747.14096,2254.85904,41.27906257,101.5166451,0,0,0,-1
2024/8/10,2598.79,2644.7,2576.49,2609.92,171012.3619,2539.066,2603.282543,2539.066,2781.920017,2296.211983,42.3586043,62.74592779,0,0,0,0
2024/8/11,2609.92,2720,2540,2555.38,297098.9145,2557.876,2587.315029,2557.876,2787.966021,2327.785979,38.07484949,44.13372889,0,0,0,0
2024/8/12,2555.38,2750,2510.05,2722.3,483414.2506,2633.776,2632.310019,2633.776,2754.27592,2513.27608,55.34959396,149.1814233,0.1421,0.079545455,0.5,0
2024/8/13,2722.3,2738.4,2611.37,2702.44,325668.6964,2637.764,2655.686679,2637.764,2765.549709,2509.978291,53.14471124,109.9902927,0,0,0,0
2024/8/14,2702.44,2780,2632.2,2661.45,338808.7141,2650.298,2657.607786,2650.298,2772.501937,2528.094063,48.19187917,80.08013887,0,0,0,0
2024/8/15,2661.45,2675.6,2515.71,2569.89,356546.8059,2642.292,2628.368524,2642.292,2778.47375,2506.11025,38.24101422,-98.51817472,0.17,0.068181818,0,-1
2024/8/16,2569.9,2630.97,2550.04,2592.73,270684.1373,2649.762,2616.489016,2649.762,2769.111999,2530.412001,41.97685666,-80.0912137,0,0,0,0
2024/8/17,2592.72,2629.69,2587.5,2614.51,89348.676,2628.204,2615.829344,2628.204,2723.965091,2532.442909,45.87919092,-33.85432504,0,0,0,0
2024/8/18,2614.51,2689.16,2594.53,2612.15,174074.0585,2610.146,2614.602896,2610.146,2670.670531,2549.621469,45.46503404,20.29033603,0,0,0,0
2024/8/19,2612.15,2648.08,2563.58,2636.36,224867.1336,2605.128,2621.855264,2605.128,2649.9226,2560.3334,51.12283811,39.53871499,0,0,0,0
2024/8/20,2636.36,2695,2555,2572.82,281315.8751,2605.714,2605.510176,2605.714,2648.689049,2562.738951,38.14119674,-25.78254146,0,-0.3,0,1
2024/8/21,2572.81,2663.74,2536.22,2630.71,245286.6218,2613.31,2613.910117,2613.31,2657.818769,2568.801231,52.01725446,-48.30270546,0,0,0,0
2024/8/22,2630.71,2644.69,2584.2,2622.88,199063.1196,2614.984,2616.900078,2614.984,2660.171801,2569.796199,50.11655261,6.76229793,0,0,0,0
2024/8/23,2622.89,2799.13,2621.4,2762.48,401786.4447,2645.05,2665.426719,2645.05,2770.842332,2519.257668,72.50585212,166.6666667,-0.128,-0.15,0,1
2024/8/24,2762.49,2820,2731.26,2768,263542.9441,2671.378,2699.617813,2671.378,2829.757309,2512.998691,73.10255583,106.0754159,0,0,0,0
2024/8/25,2768.01,2792.28,2733.21,2746.13,154527.2352,2706.04,2715.121875,2706.04,2836.337867,2575.742133,66.00785911,60.10694032,0,0,0,0
2024/8/26,2746.12,2762,2666.66,2680.49,211708.1247,2715.996,2703.577917,2715.996,2828.083472,2603.908528,48.38900176,-18.9246976,0,0,0,0
2024/8/27,2680.49,2699.98,2392.96,2457.33,412660.7197,2682.886,2621.495278,2682.886,2916.912753,2448.859247,22.67173964,-166.6666667,0,0.4,0,1
2024/8/28,2457.33,2554.6,2418.8,2528.33,451266.634,2636.056,2590.440185,2636.056,2881.082952,2391.029048,36.16428289,-88.09881733,0,0,0,-1
2024/8/29,2528.33,2595.4,2505.88,2527.61,237002.9632,2587.978,2569.49679,2587.978,2803.090258,2372.865742,36.08447238,-40.43568847,0,0,0,0
2024/8/30,2527.6,2552.17,2431.14,2526,338379.1941,2543.952,2554.99786,2543.952,2690.865249,2397.038751,35.86324787,-55.85232669,0,0,0,0
2024/8/31,2525.99,2533.95,2491.92,2513.01,97946.1147,2510.456,2541.001907,2510.456,2564.745965,2456.166035,33.77491173,-13.20720227,0,0,0,0
2024/9/1,2513,2516.28,2400,2425.72,223127.776,2504.134,2502.574604,2504.134,2583.34122,2424.92678,22.68110922,-164.2040415,0,0,0,0
2024/9/2,2425.71,2564.83,2423.52,2538.01,262632.8385,2506.07,2514.386403,2506.07,2587.975439,2424.164561,49.40422373,17.22844649,0,0,0,0
2024/9/3,2538,2553.6,2411.12,2425.29,224793.1299,2485.606,2484.687602,2485.606,2585.017012,2386.194988,34.45968123,-62.34414401,0,0,0,0
2024/9/4,2425.28,2490,2306.65,2450.71,384179.3854,2470.548,2473.361735,2470.548,2563.523374,2377.572626,39.60927933,-108.8416951,0,0,0,0
2024/9/5,2450.71,2466,2348.04,2368.81,278549.0969,2441.708,2438.511156,2441.708,2551.960062,2331.455938,30.08831359,-105.2556459,0,0,0,0
2024/9/6,2368.81,2408.83,2150.55,2225.23,643027.111,2401.61,2367.417438,2401.61,2608.998055,2194.221945,19.70743324,-151.7571929,0,0,-0.5,1
2024/9/7,2225.24,2311.27,2220.98,2273.58,219453.2076,2348.724,2336.138292,2348.724,2522.077587,2175.370413,29.88941822,-80.25166834,0,0,0,0
2024/9/8,2273.58,2333.58,2240.94,2297.3,192775.6493,2323.126,2323.192195,2323.126,2480.784162,2165.467838,34.94818598,-37.57010452,0,0,0,0
2024/9/9,2297.3,2381.41,2272.8,2359.5,321698.99,2304.884,2335.294796,2304.884,2412.407609,2197.360391,47.39072938,41.01007311,0,0,0,0
2024/9/10,2359.51,2400,2320.41,2388.52,224382.1729,2308.826,2353.036531,2308.826,2426.409701,2191.242299,52.67032119,110.8205164,0,0,-1,-1
2024/9/11,2388.52,2389.32,2277.68,2340.55,282898.3125,2331.89,2348.874354,2331.89,2415.032234,2248.747766,43.62445079,31.21834511,-0.2023,0.3,0,1
2024/9/12,2340.54,2391.93,2315.39,2361.76,202611.1308,2349.526,2353.169569,2349.526,2410.042491,2289.009509,48.51179687,61.13139093,0.1779,0.068181818,0,-1
2024/9/13,2361.75,2464.82,2337.35,2439.19,253888.616,2377.904,2381.843046,2377.904,2446.392425,2309.415575,63.10687333,146.7438146,0,0,0,0
2024/9/14,2439.19,2440.6,2376.72,2417.79,122931.2302,2389.562,2393.825364,2389.562,2461.31698,2317.80702,57.47807864,80.87260266,-0.3182,0,0,1
2024/9/15,2417.8,2430.32,2283.75,2316.1,174364.1946,2375.078,2367.916909,2375.078,2467.954778,2282.201222,37.57224479,-59.27735419,0,0,0,0
2024/9/16,2316.09,2335.7,2252.39,2295.68,330555.232,2366.104,2343.83794,2366.104,2477.429886,2254.778114,34.56733439,-118.5209482,0,0,0,-1
2024/9/17,2295.67,2393.63,2263.29,2341.8,274206.2588,2362.112,2343.158626,2362.112,2475.192325,2249.031675,46.62007741,-41.09599004,0,0,0,0
2024/9/18,2341.79,2376.14,2277.34,2374.75,292917.6008,2349.224,2353.689084,2349.224,2435.813367,2262.634633,54.16067301,-5.81094826,0,0,0,-1
2024/9/19,2374.74,2494.95,2372.6,2465.21,326746.032,2358.708,2390.862723,2358.708,2477.61594,2239.80006,69.12705782,166.6666667,0,0,0,0
2024/9/20,2465.21,2571.93,2437.31,2561.4,340754.5912,2407.768,2447.708482,2407.768,2597.310734,2218.225266,78.47033603,117.6444795,0,0,0,0
2024/9/21,2561.4,2623.34,2528.97,2612.4,154757.8773,2471.112,2502.605655,2471.112,2679.258648,2262.965352,82.06716976,107.9368025,0,0,0,0
2024/9/22,2612.4,2632.57,2524.58,2581,214266.3257,2518.952,2528.737103,2518.952,2693.460991,2344.443009,72.71759034,68.33375217,0,0,0,0
2024/9/23,2580.99,2702.82,2539.49,2646.97,333282.0149,2573.396,2568.148069,2573.396,2696.165315,2450.626685,79.00047335,92.4795572,0,0,0,0
2024/9/24,2646.98,2670.96,2591.56,2653.2,288600.0402,2610.994,2596.498712,2610.994,2682.753603,2539.234397,79.55623516,92.02155626,0,0,0,0
2024/9/25,2653.2,2673.5,2554.05,2579.95,220343.4293,2614.704,2590.982475,2614.704,2677.135693,2552.272307,57.27741458,-16.33764751,0,0,0,0
2024/9/26,2580.09,2666.22,2559.2,2632.26,278686.3573,2618.676,2604.74165,2618.676,2682.526864,2554.825136,65.82138187,19.38525007,0,0,0,0
2024/9/27,2632.25,2728.6,2615.21,2694.43,281826.9792,2641.362,2634.637767,2641.362,2715.346218,2567.377782,73.65005171,151.1324196,0,0,0,0
2024/9/28,2694.43,2704.35,2650,2675.21,137230.0342,2647.01,2648.161844,2647.01,2725.987559,2568.032441,67.66104616,79.86111111,0,0,0,0
2024/9/29,2675.21,2683.7,2629.73,2657.62,160554.3146,2647.894,2651.314563,2647.894,2727.227057,2568.560943,61.90250649,23.28984007,0,0,0,0
2024/9/30,2657.62,2663.5,2575,2602.23,282475.7961,2652.35,2634.953042,2652.35,2717.075274,2587.624726,46.36880121,-90.521848,0,0,0,0
2024/10/1,2602.24,2659,2414,2447.79,502828.6804,2615.456,2572.565361,2615.456,2794.055106,2436.856894,24.73541592,-150.2169107,0,0,0,0
2024/10/2,2447.78,2499,2352,2364.1,317484.735,2549.39,2503.076908,2549.39,2794.324955,2304.455045,18.79554167,-119.9867051,-0.296,0,-1,1
2024/10/3,2364.09,2403.38,2310,2349.8,314635.9263,2484.308,2451.984605,2484.308,2733.817242,2234.798758,17.87855518,-99.67988811,-0.4939,0,0,-1
2024/10/4,2349.8,2441.64,2339.15,2414.41,239383.017,2435.666,2439.459737,2435.666,2616.41342,2254.91858,35.61820002,-45.62935577,0,0,0,0
2024/10/5,2414.41,2428.23,2390.05,2414.66,103740.2316,2398.152,2431.193158,2398.152,2470.253164,2326.050836,35.68539676,-7.567393504,0,0,0,0
2024/10/6,2414.66,2457.8,2407,2440.03,105752.7096,2396.6,2434.138772,2396.6,2464.576552,2328.623448,43.20485855,117.0042887,0,0,0,0
2024/10/7,2440.02,2521,2403,2422.71,300459.5407,2408.322,2430.329181,2408.322,2469.73516,2346.90884,39.28523834,99.06052739,0,0,0,0
2024/10/8,2422.7,2466.66,2401.18,2440.89,201358.3312,2426.54,2433.849454,2426.54,2450.049025,2403.030975,45.74354708,40.67366744,0,0,0,-1
2024/10/9,2440.88,2473.61,2351.42,2370.47,242082.2725,2417.752,2412.722969,2417.752,2469.143875,2366.360125,30.19306482,-107.891754,0,0,0,0
2024/10/10,2370.47,2421.36,2330.66,2386.49,257862.9619,2412.118,2403.978646,2412.118,2469.462213,2354.773787,36.34643781,-109.1858916,0,0,0,0
2024/10/11,2386.49,2471.45,2381.86,2439.5,235441.2197,2412.012,2415.819098,2412.012,2469.151034,2354.872966,53.35377948,33.87294525,0,0,0,0
2024/10/12,2439.49,2490.51,2434.35,2476.4,139637.5062,2422.75,2436.012732,2422.75,2500.39499,2345.10501,62.15266394,111.1847372,0,0,0,0
2024/10/13,2476.4,2484.92,2436.4,2468.91,120022.8179,2428.354,2446.978488,2428.354,2514.053907,2342.654093,59.31387617,76.12630761,0,0,0,0
2024/10/14,2468.92,2654,2443.39,2629.79,435900.1619,2480.218,2507.915659,2480.218,2642.593182,2317.842818,81.72493464,161.1725499,0,0,0,0
2024/10/15,2629.79,2688.6,2537.36,2607.41,416285.6663,2524.402,2541.080439,2524.402,2680.834381,2367.969619,74.581378,100.9397611,0,0,0,0
2024/10/16,2607.41,2647.79,2588.67,2611.1,260322.4242,2558.722,2564.420293,2558.722,2700.165258,2417.278742,75.03119306,70.86447562,0,0,0,0
2024/10/17,2611.1,2648.37,2575.4,2605.8,221624.5434,2584.602,2578.213528,2584.602,2701.557712,2467.646288,72.72072632,51.68101974,0,0,0,-1
2024/10/18,2605.79,2675.58,2596.49,2642.17,292444.1153,2619.254,2599.532352,2619.254,2647.874671,2590.633329,78.42069809,134.3613605,-0.7964,-0.1875,-1,1
2024/10/19,2642.17,2663.49,2631.02,2648.2,105413.7646,2622.936,2615.754902,2622.936,2659.629395,2586.242605,79.31637342,104.907399,0,0,0,0
2024/10/20,2648.2,2759,2635.54,2746.91,256910.7448,2650.836,2659.473268,2650.836,2752.499966,2549.172034,88.8154997,160.7431089,0,0,0,0
2024/10/21,2746.91,2769.48,2655.01,2666.7,310674.7232,2661.956,2661.882178,2661.956,2755.652947,2568.259053,60.563672,67.52687036,0,0,0,0
2024/10/22,2666.71,2671.92,2606.56,2622.81,265747.713,2665.358,2648.858119,2665.358,2751.589977,2579.126023,49.74130949,-68.33891974,0,0,0,0
2024/10/23,2622.81,2628.2,2450,2524.61,352647.7086,2641.846,2607.442079,2641.846,2785.521155,2498.170845,33.16607002,-150.9827386,0,0,0,0
2024/10/24,2524.6,2562.65,2507.31,2535.82,290851.7842,2619.37,2583.568053,2619.37,2785.450641,2453.289359,36.19974567,-82.86495413,0.3612,-0.2,1,-1
2024/10/25,2535.82,2566.33,2382.59,2440.62,514799.8822,2558.112,2535.918702,2558.112,2716.607103,2399.616897,24.42872184,-98.45401352,0,0,0,0
2024/10/26,2440.63,2508,2430.12,2482.51,248724.8313,2521.274,2518.115801,2521.274,2643.060665,2399.487335,35.89413948,-76.0933352,0,0,0,0
2024/10/27,2482.51,2527.99,2464.13,2507.8,137580.8836,2498.272,2514.677201,2498.272,2566.192654,2430.351346,42.47983593,-3.162322617,0,0,0,0
2024/10/28,2507.8,2589.67,2471.67,2567.48,360605.327,2506.846,2532.278134,2506.846,2594.001074,2419.690926,55.85680532,92.19252752,0,0,0,0
2024/10/29,2567.49,2681.86,2561.2,2638.8,451915.7025,2527.442,2567.785423,2527.442,2665.851243,2389.032757,67.23824709,138.4803281,0,0,0,1
2024/10/30,2638.8,2722.3,2599.66,2659.19,460627.126,2571.156,2598.253615,2571.156,2710.328713,2431.983287,70.00224773,99.94619101,0,0,0,0
2024/10/31,2659.19,2669,2503,2518.61,403427.2017,2578.376,2571.705743,2578.376,2701.188481,2455.563519,40.53193783,-19.59582908,0,0,0,0
2024/11/1,2518.61,2586.8,2467.67,2511.49,430249.1073,2579.114,2551.633829,2579.114,2700.254163,2457.973837,39.47970209,-84.20184243,0,0,0,0
2024/11/2,2511.49,2523.45,2470,2494.23,145961.13,2564.464,2532.499219,2564.464,2704.007555,2424.920445,36.60049161,-92.74326003,0,0,0,0
2024/11/3,2494.23,2496.39,2411,2457.73,276009.1197,2528.25,2507.576146,2528.25,2665.798658,2390.701342,30.6850352,-96.80589229,0,0,0,0
2024/11/4,2457.73,2491.39,2357.59,2398.21,306316.9645,2476.054,2471.120764,2476.054,2564.564101,2387.543899,23.0811065,-113.0853269,0,0,0,0
2024/11/5,2398.21,2480,2380.74,2422.55,331619.2545,2456.842,2454.930509,2456.842,2541.688721,2371.995279,31.72908848,-64.82955154,0,0,0,0
2024/11/6,2422.6,2744.7,2420.3,2721.87,1002141.362,2498.918,2543.91034,2498.918,2731.125141,2266.710859,74.97631233,154.6442582,0,0,0,0
2024/11/7,2721.88,2916.11,2699.49,2895.47,730845.9524,2579.166,2661.096893,2579.166,2971.526038,2186.805962,82.85164608,131.4735567,0,0,0,1
2024/11/8,2895.47,2981.69,2886.4,2961.75,568864.435,2679.97,2761.314595,2679.97,3147.516432,2212.423568,85.09093826,101.8113911,0.6335,0.113636364,0.5,-1
2024/11/9,2961.75,3157.4,2953.71,3126.21,526719.4212,2825.57,2882.946397,2825.57,3304.731119,2346.408881,89.38871677,96.74386628,0,0,0,0
2024/11/10,3126.2,3248.52,3069,3183.21,865536.7322,2977.702,2983.034265,2977.702,3308.464446,2646.939554,90.5668033,99.23268865,0,0,0,0
2024/11/11,3183.2,3387.61,3105,3371.59,1000093.966,3107.646,3112.552843,3107.646,3444.721983,2770.570017,93.53291641,108.6449868,0,0,0,0
2024/11/12,3371.59,3442.5,3207.67,3243.8,973215.7285,3177.312,3156.301895,3177.312,3447.538234,2907.085766,73.84420377,82.77846252,0,0,0.333333333,-1
2024/11/13,3243.79,3331,3116.69,3187.16,919686.3747,3222.394,3166.58793,3222.394,3389.117353,3055.670647,66.13164387,2.798201582,0.1027,0,0,-1
2024/11/14,3187.16,3240.4,3028.56,3058.82,605780.6662,3208.916,3130.665287,3208.916,3411.583521,3006.248479,51.03449969,-112.3489182,0.3182,0,0,-1
2024/11/15,3058.81,3131.06,3014.5,3090.01,519623.6317,3190.276,3117.113525,3190.276,3414.923716,2965.628284,54.21005006,-95.7432033,0,0,0,0
2024/11/16,3090.01,3219.97,3072,3132.87,423639.1573,3142.532,3122.365683,3142.532,3275.517653,3009.546347,58.79966606,-25.08288379,0,0,0,0
2024/11/17,3132.88,3162.11,3034.99,3076,449818.9575,3108.972,3106.910455,3108.972,3201.260292,3016.683708,50.41795835,-58.71847135,0,0,0,0
2024/11/18,3075.99,3224.94,3050.01,3207.8,640658.4357,3113.1,3140.540304,3113.1,3219.738902,3006.461098,64.90890524,106.3163376,0,0,0,0
2024/11/19,3207.81,3221.2,3065.4,3107.44,500112.0194,3122.824,3129.506869,3122.824,3215.894965,3029.753035,50.78224473,24.73891854,0,0,0,-1
2024/11/20,3107.45,3159.2,3029.41,3069.97,503607.8336,3118.816,3109.661246,3118.816,3218.672786,3018.959214,46.09985228,-89.33400779,0,0,0,0
2024/11/21,3069.97,3386.73,3032.59,3355.81,974923.3035,3163.404,3191.710831,3163.404,3379.723051,2947.084949,71.31804595,146.7112337,0,0,0,0
2024/11/22,3355.88,3425.92,3257.54,3327.78,603273.7093,3213.76,3237.06722,3213.76,3442.134764,2985.385236,67.44979398,115.188055,0,0,1,-1
2024/11/23,3327.78,3497.51,3312.72,3393.91,721024.0009,3250.982,3289.348147,3250.982,3520.329219,2981.634781,71.93841515,98.49512986,0,0,0,0
2024/11/24,3393.91,3450,3281.4,3361.2,479098.0921,3301.734,3313.298765,3301.734,3537.275554,3066.192446,66.28673142,53.17042361,0,0,0,0
2024/11/25,3361.21,3546.66,3300.01,3414.49,949330.37,3370.638,3347.029176,3370.638,3431.369129,3309.906871,70.93658075,91.22554349,0,0,0,0
2024/11/26,3414.49,3462.49,3252,3324.73,672367.1503,3364.422,3339.596118,3364.422,3435.442105,3293.401895,54.97287804,-61.91317198,0.2023,0.5,1,-1
2024/11/27,3324.74,3684.92,3302.4,3653.28,754573.6485,3429.522,3444.157412,3429.522,3661.403137,3197.640863,77.81538892,161.086412,0,0,0,0
2024/11/28,3653.27,3661.92,3529.76,3578.79,560976.425,3466.498,3489.034941,3466.498,3721.664887,3211.331113,68.03396759,99.03062828,0,0,0,0
2024/11/29,3578.8,3647.98,3534.28,3592.21,425493.2449,3512.7,3523.426627,3512.7,3758.350792,3267.049208,68.91393538,66.59240986,0,0,0,0
2024/11/30,3592.22,3738.98,3568.4,3703.6,503684.7485,3570.522,3583.484418,3570.522,3832.072878,3308.971122,75.82009151,98.68353958,0,0,0,0
2024/12/1,3703.59,3746.8,3659.2,3707.61,429089.2633,3647.098,3624.859612,3647.098,3755.064923,3539.131077,76.05943042,104.6858642,0,0,0,0
2024/12/2,3707.61,3760,3554.32,3643.42,737130.569,3645.126,3631.046408,3645.126,3752.929292,3537.322708,63.48561691,17.58680646,0,0,0,0
2024/12/3,3643.43,3670,3500,3614.51,678400.2032,3652.27,3625.534272,3652.27,3745.258723,3559.281277,58.08015921,-80.52142428,0,0,0,0
2024/12/4,3614.51,3887.24,3614.51,3837.8,968744.0399,3701.388,3696.289515,3701.388,3855.166843,3547.609157,76.99279804,134.1377859,0,0,0,0
2024/12/5,3837.8,3956,3677,3785.2,946493.276,3717.708,3725.926343,3717.708,3885.631226,3549.784774,67.96385354,96.12679401,0,0,0,0
2024/12/6,3785.21,4087.73,3777.26,3998.87,803855.1146,3775.96,3816.907562,3775.96,4054.859818,3497.060182,79.92046903,122.6383698,0,0,0,0
2024/12/7,3998.87,4024.46,3968,3996.22,283920.02,3846.52,3876.678375,3846.52,4133.971468,3559.068532,79.46070737,94.96024383,0,0,0,0
2024/12/8,3996.22,4015.58,3923.5,4004.15,251362.1685,3924.448,3919.168916,3924.448,4111.936974,3736.959026,79.89337191,58.3950368,0,0,0,0
2024/12/9,4004.15,4006.17,3509,3712,939642.2001,3899.288,3850.112611,3899.288,4149.729679,3648.846321,40.55331891,-105.1080174,-0.2846,0.091666667,1,1
2024/12/10,3712,3780.76,3515.89,3628.25,942206.0337,3867.898,3776.158407,3867.898,4195.214554,3540.581446,34.47102592,-107.8586965,-0.4215,0,0,1
2024/12/11,3628.24,3848.64,3562.34,3831.81,461818.7801,3834.486,3794.708938,3834.486,4134.468704,3534.503296,54.9838976,-37.04946654,0,0.068181818,0,-1
2024/12/12,3831.82,3987.41,3796.8,3881.61,572098.6343,3811.564,3823.675959,3811.564,4073.743668,3549.384332,58.91672647,54.70435401,0,0,1,-1
2024/12/13,3881.6,3968.47,3852.94,3906.8,387765.6873,3792.094,3851.383973,3792.094,4003.768933,3580.419067,61.06732921,90.99636341,0,0,0,-1
2024/12/14,3906.8,3945,3825.03,3870.29,265538.9479,3823.752,3857.685982,3823.752,4025.13972,3622.36428,55.77743073,46.72199116,0,0,0,0
2024/12/15,3870.3,3974.61,3831.5,3959.09,253833.2141,3889.92,3891.487321,3889.92,3974.302882,3805.537118,64.99606231,71.43443138,0,0,0,0
2024/12/16,3959.09,4107.8,3884,3986.24,673351.0723,3920.806,3923.071547,3920.806,4010.390078,3831.221922,67.57901017,159.7173175,0,0,0,-1
2024/12/17,3986.24,4041.82,3847.96,3893.01,450825.9861,3923.086,3913.051032,3923.086,4009.071733,3837.100267,51.3232083,3.183813943,0.45425,0.132727273,0.5,-1
2024/12/18,3893.01,3907.19,3617.42,3626.8,722505.0618,3867.086,3817.634021,3867.086,4121.773405,3612.398595,27.61436618,-159.4343394,0,0,0,0
2024/12/19,3626.8,3720,3326.8,3417.01,1078153.485,3776.43,3684.092681,3776.43,4216.927611,3335.932389,18.97818624,-129.4953596,0,0,0,0
2024/12/20,3417.01,3497.84,3101.9,3472.21,1332783.731,3679.054,3613.46512,3679.054,4130.117089,3227.990911,26.53488443,-103.2032404,-0.17515,0,0,0
2024/12/21,3472.2,3555.18,3293.11,3338.92,475275.82,3549.59,3521.95008,3549.59,3941.350795,3157.829205,20.70590172,-61.64754114,0,0,0,0
2024/12/22,3338.92,3403,3221.1,3281.83,361920.2495,3427.354,3441.910054,3427.354,3665.506175,3189.201825,18.52693035,-83.07201006,0,0,0,0
2024/12/23,3281.83,3466.99,3216.97,3422.53,488253.41,3386.5,3435.450036,3386.5,3521.54041,3251.45959,38.47334168,-18.95586741,0,0,0,0
2024/12/24,3422.53,3539.65,3358.19,3493.18,315723.6763,3401.734,3454.693357,3401.734,3561.944559,3241.523441,46.66858545,137.5629277,0,0,0,0
2024/12/25,3493.17,3547.95,3440.93,3497,219846.0452,3406.692,3468.795571,3406.692,3576.562808,3236.821192,47.14441417,101.0461107,0,0,0,0
2024/12/26,3497,3514.94,3304.63,3335.05,310170.1719,3405.918,3424.213714,3405.918,3577.047544,3234.788456,32.00964017,-19.65497122,0.4215,0,0,-1
2024/12/27,3335.04,3444.16,3306.6,3333.51,342529.6038,3416.254,3393.979143,3416.254,3560.247259,3272.260741,31.88795933,-68.81054741,0,0,0,1
2024/12/28,3333.51,3428.68,3322.23,3404,175963.613,3412.548,3397.319429,3412.548,3556.658162,3268.437838,44.0557947,-44.86553452,0,0,0,0
2024/12/29,3404.01,3413.78,3326.17,3356.48,156256.8819,3385.208,3383.706286,3385.208,3508.055537,3262.360463,38.29144727,-56.64847805,0,0,0,0
2024/12/30,3356.48,3437.59,3305,3361.84,420794.6476,3358.176,3376.417524,3358.176,3409.239597,3307.112403,39.40921624,-33.72589512,0,0,0,0
2024/12/31,3361.83,3451,3315.59,3337.78,303053.1685,3358.722,3363.538349,3358.722,3408.834338,3308.609662,35.77335571,-16.33788129,0,0,0,0
2025/1/1,3337.78,3374.85,3313.88,3360.38,190238.5861,3364.096,3362.485566,3364.096,3407.563346,3320.628654,42.05075859,-151.1348006,0.5719,0.2,0,-1
2025/1/2,3360.39,3509.99,3354.5,3455.67,338632.8874,3374.43,3393.547044,3374.43,3457.478291,3291.381709,61.75286262,166.6666667,0,0,0.5,0
2025/1/3,3455.68,3630,3423.44,3609.01,334041.0604,3424.936,3465.368029,3424.936,3626.077874,3223.794126,77.28637035,141.976527,0,0,0,0
2025/1/4,3609,3671.6,3572.42,3656.88,229266.3133,3483.944,3529.205353,3483.944,3741.594555,3226.293445,80.39368084,109.8789577,0,0,0,0
2025/1/5,3656.88,3675.25,3593.7,3635.99,155444.1741,3543.586,3564.800235,3543.586,3775.012863,3312.159137,74.81093066,73.44134017,0,0,0,0
2025/1/6,3636,3744.83,3610.63,3687.45,329642.3648,3609,3605.68349,3609,3770.704535,3447.295465,79.24826413,83.83975774,0,0,0,0
2025/1/7,3687.44,3700.86,3356.31,3381.31,541543.2874,3594.128,3530.892327,3594.128,3813.056685,3375.199315,34.30665451,-122.3029093,-0.4939,0,-1,1
2025/1/8,3381.31,3415.1,3208.2,3327.29,584749.9627,3537.784,3463.024885,3537.784,3841.125423,3234.442577,30.49251459,-128.2062885,0,0,0,0
2025/1/9,3327.29,3357.27,3158,3219.2,501818.4247,3450.248,3381.749923,3450.248,3812.48458,3088.01142,23.85819026,-99.08327911,0,0,0,0
2025/1/10,3219.2,3322.49,3193.97,3267.04,454142.1333,3376.458,3343.513282,3376.458,3706.135946,3046.780054,32.03870736,-61.5105486,0,0,0,0
2025/1/11,3267.05,3320.18,3217.56,3282.83,151679.7487,3295.534,3323.285521,3295.534,3405.683516,3185.384484,34.92329723,-41.81575527,0,0,0,0
2025/1/12,3282.83,3300,3224.49,3267.3,164879.9709,3272.732,3304.623681,3272.732,3342.049389,3203.414611,33.19130435,-29.29323496,0,0,0,0
2025/1/13,3267.3,3339,2920,3137.51,845907.5669,3234.776,3248.919121,3234.776,3341.025705,3128.526295,21.86376461,-166.6666667,0,0,0,0
2025/1/14,3137.51,3256.67,3125.65,3225.63,374308.4517,3236.062,3241.15608,3236.062,3341.680249,3130.443751,39.41224154,-33.79275054,0,0,0,0
2025/1/15,3225.63,3473.75,3186.36,3451.52,464188.034,3272.958,3311.277387,3272.958,3478.09202,3067.82398,64.76732668,125.2567157,0,0,0,0
2025/1/16,3451.51,3460.79,3265.44,3308.05,471282.6787,3278.002,3310.201591,3278.002,3485.089884,3070.914116,48.61529329,71.58347368,0.2023,0,0,-1
2025/1/17,3308.04,3525.72,3307.5,3473.63,518550.1813,3319.268,3364.677728,3319.268,3577.334825,3061.201175,62.21080747,88.94121657,0,0,0,0
2025/1/18,3473.64,3494.39,3227,3307.71,634197.1281,3353.308,3345.688485,3353.308,3542.098077,3164.517923,46.72558695,4.527509764,0,0,0,0
2025/1/19,3307.71,3448.99,3130.48,3215.12,1342301.522,3351.206,3302.165657,3351.206,3545.780975,3156.631025,39.81284795,-141.1172459,0.4019,0,1,-1
2025/1/20,3215.2,3453.69,3142.78,3284,1158354.781,3317.702,3296.110438,3317.702,3487.797112,3147.606888,47.09163189,-62.4718219,0,0,0,0
2025/1/21,3283.99,3368,3204.6,3327.54,548706.0513,3321.6,3306.586959,3321.6,3491.524894,3151.675106,51.7064003,-36.82916543,0,0,0,0
2025/1/22,3327.55,3365.99,3222.85,3242.6,349240.7498,3275.394,3285.257972,3275.394,3358.078915,3192.709085,42.63756036,-59.92272477,0,0,0,0
2025/1/23,3242.61,3347.97,3185,3338.21,605592.7225,3281.494,3302.908648,3281.494,3376.410679,3186.577321,53.99150001,30.58434589,0,0,0,0
2025/1/24,3338.22,3428,3275.9,3310.09,451524.2752,3300.488,3305.302432,3300.488,3369.014392,3231.961608,50.32914428,165.6600892,0,0,0,0
2025/1/25,3310.1,3350.68,3268.66,3318.77,208559.0415,3307.442,3309.791621,3307.442,3374.913,3239.971,51.59601038,34.75060696,0,0,0,0
2025/1/26,3318.76,3362,3230,3232.61,272165.469,3288.456,3284.064414,3288.456,3373.703768,3203.208232,39.19286008,-74.05467425,0,0,0,0
2025/1/27,3232.61,3253.91,3020.01,3182.44,753004.7529,3276.424,3250.18961,3276.424,3394.734615,3158.113385,33.35646906,-166.6666667,0.20095,-0.083333333,0,0
2025/1/28,3182.44,3223.01,3040.03,3077.72,350959.7173,3224.326,3192.69974,3224.326,3402.295691,3046.356309,24.02273504,-98.5660192,0,0,0,0
2025/1/29,3077.72,3182.52,3054.06,3113.9,409737.2576,3185.088,3166.43316,3185.088,3356.509932,3013.666068,32.21422421,-64.48020243,0,0,0,0
2025/1/30,3113.9,3283.43,3091.06,3247.39,350639.4823,3170.812,3193.418773,3170.812,3302.640645,3038.983355,54.7262943,42.01255216,0,0,0,0
2025/1/31,3247.38,3437.31,3213.8,3300.99,648681.6561,3184.488,3229.275849,3184.488,3349.207503,3019.768497,61.1946582,140.0314826,0,0,0,0
2025/2/1,3300.99,3331.98,3101.7,3117.54,354065.2525,3171.508,3192.030566,3171.508,3344.831009,2998.184991,37.97986706,-4.495564039,0,0,0,0
2025/2/2,3117.54,3163.2,2750.71,2869.68,1050805.93,3129.9,3084.580377,3129.9,3428.160163,2831.639837,23.14867317,-144.7139218,0,0,0,0
2025/2/3,2869.68,2921,2125.01,2879.9,2807979.021,3083.1,3016.353585,3083.1,3443.645926,2722.554074,24.66493534,-127.3337109,0,0,0,0
2025/2/4,2879.89,2888.5,2632.6,2731.19,1259594.392,2979.86,2921.299057,2979.86,3385.863608,2573.856392,18.15122809,-62.18491766,0,0,0,0
2025/2/5,2731.19,2826.95,2699.13,2788.25,686593.0429,2877.312,2876.949371,2877.312,3141.21822,2613.40578,27.35292632,-34.76803497,0,0,0,0
2025/2/6,2788.25,2857.64,2655.28,2686.64,719459.9571,2791.132,2813.512914,2791.132,2942.312616,2639.951384,21.87800146,-31.3786981,0,0,0,0
2025/2/7,2686.63,2797.5,2562.51,2622.1,695467.3612,2741.616,2749.708609,2741.616,2917.598569,2565.633431,18.87793201,-70.38378588,0,0,1,-1
2025/2/8,2622.11,2667.3,2588.8,2632.46,379685.1509,2692.128,2710.62574,2692.128,2816.255637,2568.000363,21.05021023,-103.6312825,0,0,0,0
2025/2/9,2632.46,2698.9,2520.02,2627.18,387166.7911,2671.326,2682.810493,2671.326,2797.146109,2545.505891,20.69713212,-79.0716575,0,0,0,0
2025/2/10,2627.18,2693.79,2559.85,2661.19,398173.2716,2645.914,2675.603662,2645.914,2694.830604,2596.997396,30.13275718,-34.37718193,0,0.08,1,-1
2025/2/11,2661.19,2725.04,2558.24,2602.59,484196.1435,2629.104,2651.265775,2629.104,2667.014675,2591.193325,23.98606139,-32.65445275,0,0.25,0,-1
2025/2/12,2602.59,2795.45,2546.92,2738.27,646295.8959,2652.338,2680.267183,2652.338,2745.999475,2558.676525,52.20389165,166.6666667,0,0,0,0
2025/2/13,2738.27,2757.28,2612.76,2675.87,443769.2853,2661.02,2678.801455,2661.02,2753.744644,2568.295356,43.02256484,70.00905422,0,0,0,-1
2025/2/14,2675.87,2791.78,2664.46,2725.95,419895.7862,2680.774,2694.517637,2680.774,2778.209029,2583.338971,51.56784162,109.9121262,0.6486,0,1,-1
2025/2/15,2725.95,2739,2662.28,2693.04,202971.4295,2687.144,2694.025091,2687.144,2782.772524,2591.515476,45.91170101,33.12984243,0,0,0,0
2025/2/16,2693.04,2727.31,2651.26,2661.41,191231.5314,2698.908,2683.153394,2698.908,2757.230686,2640.585314,40.56621657,-81.62292451,0,0,0,0
2025/2/17,2661.41,2849.7,2637.71,2744.05,639739.8197,2700.064,2703.452263,2700.064,2761.602093,2638.525907,56.93972139,106.6478901,0.23835,0,-0.5,-1
2025/2/18,2744.05,2756.93,2605.44,2671.99,604863.8737,2699.288,2692.964842,2699.288,2762.111308,2636.464692,43.79045102,-75.71498659,0.12675,-0.2,0.5,0
2025/2/19,2672,2736.7,2656.03,2715.5,326154.0202,2697.198,2700.476561,2697.198,2756.954749,2637.441251,52.13346787,8.018579636,0.1806,0.113636364,0.5,0
2025/2/20,2715.51,2770.59,2707.18,2738.04,336735.2544,2706.198,2712.997707,2706.198,2773.78123,2638.61477,56.33070972,76.65673496,0,0,0,0
2025/2/21,2738.04,2845.32,2616.72,2663,890440.0604,2706.516,2696.331805,2706.516,2773.263062,2639.768938,41.2707625,-18.53573864,0,0,0,1
2025/2/22,2663,2798.07,2653.33,2763.22,444989.6669,2710.35,2718.62787,2710.35,2786.7804,2633.9196,59.39412237,82.67749516,0,0,0,0
2025/2/23,2763.23,2857.34,2745.41,2819.69,611002.1222,2739.89,2752.315247,2739.89,2843.515077,2636.264923,66.64401431,166.6666667,-0.4939,0,0,1
2025/2/24,2819.7,2839.95,2470.33,2513.52,876876.3707,2699.494,2672.716831,2699.494,2910.987766,2488.000234,30.15520178,-150.843723,0,0,0,0
2025/2/25,2513.52,2533.49,2313.49,2495.7,1322016.872,2651.026,2613.711221,2651.026,2910.583287,2391.468713,29.00001584,-133.1416863,0,0.033143939,0,-1
2025/2/26,2495.69,2507.5,2253.77,2336.37,863087.2133,2585.7,2521.264147,2585.7,2945.411075,2225.988925,20.30609139,-101.5630022,0,0,0,0
2025/2/27,2336.38,2381.6,2230.57,2307.72,637583.9106,2494.6,2450.082765,2494.6,2859.021242,2130.178758,19.02417267,-83.27379271,0,0,0,0
2025/2/28,2307.72,2314.18,2076.26,2237.59,1291539.056,2378.18,2379.251843,2378.18,2594.70917,2161.65083,15.94432334,-105.817761,0.17,-0.05,-0.5,1
2025/3/1,2237.59,2281.14,2142.73,2217.39,446430.7271,2318.954,2325.297895,2318.954,2516.142265,2121.765735,15.06614375,-80.60898525,0,0,0,0
2025/3/2,2217.4,2550.58,2172.04,2518.11,1266684.775,2323.436,2389.568597,2323.436,2536.841786,2110.030214,58.05610057,103.1325568,-0.128,-0.5,0,-1
2025/3/3,2518.12,2523.56,2097.91,2149.01,1109565.2,2285.964,2309.382398,2285.964,2539.205267,2032.722733,32.67884642,-24.14263434,0,0.068181818,0,0
