date,open,close,high,low,volume
2020/1/1,7195.24,7200.85,7255,7175.15,16792.38817
2020/1/2,7200.77,6965.71,7212.5,6924.74,31951.48393
2020/1/3,6965.49,7344.96,7405,6871.04,68428.50045
2020/1/4,7345,7354.11,7404,7272.21,29987.97498
2020/1/5,7354.19,7358.75,7495,7318,38331.0856
2020/1/6,7357.64,7758,7795.34,7346.76,54635.69532
2020/1/7,7758.9,8145.28,8207.68,7723.71,91171.68466
2020/1/8,8145.92,8055.98,8455,7870,112622.6426
2020/1/9,8054.72,7817.76,8055.96,7750,64239.51983
2020/1/10,7817.74,8197.02,8199,7672,82406.77745
2020/1/11,8198.86,8020.01,8286.34,8003.16,54810.03267
2020/1/12,8020.01,8184.98,8197,7960,38131.49434
2020/1/13,8184.97,8110.34,8196,8055.89,31159.75568
2020/1/14,8110.34,8810.01,8880,8105.54,120399.1267
2020/1/15,8814.64,8821.41,8916.48,8564,84816.29761
2020/1/16,8820.01,8720.01,8859.81,8586,51991.07428
2020/1/17,8720.15,8913.28,9041.65,8672.44,70897.73738
2020/1/18,8913.27,8915.96,8988.88,8806.38,38294.74655
2020/1/19,8915.09,8701.7,9198.98,8466,70676.88926
2020/1/20,8701.72,8642.35,8746.99,8521.28,38896.63975
2020/1/21,8642.35,8736.03,8789,8488,36494.68766
2020/1/22,8736.04,8682.36,8818,8590,29080.55714
2020/1/23,8682.77,8404.52,8691.81,8306.39,48165.9446
2020/1/24,8404.52,8439,8528.02,8238,41687.52953
2020/1/25,8438.99,8340.58,8451.26,8254.9,25521.15793
2020/1/26,8340.01,8615,8618.13,8293.66,31130.48516
2020/1/27,8614.39,8907.57,9000,8535,53973.543
2020/1/28,8907.57,9374.21,9400,8862.4,74584.85377
2020/1/29,9375.34,9301.53,9449.24,9216,53864.06512
2020/1/30,9301.57,9513.21,9578,9204.44,60626.74426
2020/1/31,9511.52,9352.89,9530.22,9210.01,45552.02235
2020/2/1,9351.71,9384.61,9464.53,9281,28578.06735
2020/2/2,9384.41,9331.51,9477.03,9120,45690.91254
2020/2/3,9331.59,9292.24,9618.79,9234,50892.13345
2020/2/4,9291.35,9197.02,9350,9093.01,53308.17527
2020/2/5,9197.02,9612.04,9744.45,9177.22,64870.41562
2020/2/6,9612.03,9772,9862.57,9526.35,64949.70659
2020/2/7,9772,9813.73,9885,9730,43966.11463
2020/2/8,9813.87,9895.05,9940,9667.11,43600.84367
2020/2/9,9895.04,10151.75,10166,9880.75,43408.47562
2020/2/10,10151.72,9851.83,10188,9756,59573.08462
2020/2/11,9851.74,10223.08,10323.59,9700,62422.39522
2020/2/12,10223.08,10326.46,10450,10223.08,61008.06393
2020/2/13,10325.33,10229.63,10500,10080,79344.35876
2020/2/14,10227.78,10344.36,10381.56,10111.37,47038.48017
2020/2/15,10344.36,9904.72,10375,9801,57657.20295
2020/2/16,9904.46,9917.27,10050,9638.12,60023.99954
2020/2/17,9910.7,9706,9964.16,9452.67,70261.0119
2020/2/18,9706,10164.71,10250,9576.01,70604.12402
2020/2/19,10164.78,9593.79,10250,9350,55162.5869
2020/2/20,9594.65,9596.42,9699,9400,60152.34291
2020/2/21,9597.21,9677.05,9755.51,9550.21,42181.55452
2020/2/22,9677.05,9650.86,9709.17,9560.02,24636.75762
2020/2/23,9650.85,9936.4,9990,9645,37702.08984
2020/2/24,9936.4,9656.13,9990,9473.56,55796.59612
2020/2/25,9655.52,9315.84,9675,9250,54379.34455
2020/2/26,9316.48,8785.25,9377.44,8633.63,92130.34548
2020/2/27,8786,8823.21,8971.77,8531,72483.57876
2020/2/28,8823.25,8692.91,8900,8445,71155.20898
2020/2/29,8690.8,8523.61,8790,8523.55,36748.18304
2020/3/1,8523.61,8531.88,8750,8411,43892.20178
2020/3/2,8530.3,8915.24,8965.75,8498,60401.31773
2020/3/3,8911.18,8760.07,8919.65,8651,55154.99728
2020/3/4,8760.07,8750.87,8848.29,8660,38696.48258
2020/3/5,8750.99,9054.68,9159.42,8746.54,58201.86636
2020/3/6,9054.64,9131.88,9170,8985.5,43782.94804
2020/3/7,9130.89,8886.66,9188,8835,45422.20453
2020/3/8,8885.25,8033.31,8886.76,8000,77537.31517
2020/3/9,8034.76,7929.87,8179.31,7632.01,116968.8633
2020/3/10,7929.87,7894.56,8149,7728.01,86783.44388
2020/3/11,7894.57,7934.52,7980,7590,79942.41117
2020/3/12,7934.58,4800,7966.17,4410,261505.6087
2020/3/13,4800.01,5578.6,5955,3782.13,402201.6738
2020/3/14,5576.05,5172.06,5640.52,5055.13,136910.136
2020/3/15,5172.48,5361.3,5940,5093.1,139916.1465
2020/3/16,5360.33,5028.97,5365.42,4442.12,227276.9228
2020/3/17,5028.86,5312.64,5525,4921.45,150089.9263
2020/3/18,5312.64,5393.04,5436.17,5009.37,137127.6349
2020/3/19,5393.26,6162.37,6400,5252.53,199020.8734
2020/3/20,6162.05,6208.36,6900,5670,219298.3295
2020/3/21,6204.57,6186.98,6456.98,5860.02,128913.6684
2020/3/22,6187.04,5816.19,6407.87,5734.01,119115.9905
2020/3/23,5816.05,6467.31,6600,5688,164674.2158
2020/3/24,6465.25,6744.72,6833,6371.33,151138.0099
2020/3/25,6744.69,6677.43,6957.96,6450,132155.735
2020/3/26,6677.42,6737.36,6780,6510,83026.55521
2020/3/27,6737.27,6359.11,6842.59,6261,82914.96835
2020/3/28,6359.11,6236.65,6360,6024,93159.69343
2020/3/29,6236.65,5881.42,6266,5866.56,63311.62771
2020/3/30,5880.5,6394.38,6599,5857.76,118889.55
2020/3/31,6394.45,6410.44,6523.23,6321.4,72337.59526
2020/4/1,6412.14,6642.92,6679.94,6150.11,97500.7524
2020/4/2,6643.36,6794.09,7198,6551,149299.9069
2020/4/3,6793.86,6734.1,7048,6602.1,104080.2769
2020/4/4,6732.97,6856.99,6990.41,6650.01,72990.86114
2020/4/5,6857.41,6772.78,6895.54,6677.52,49685.35698
2020/4/6,6772.78,7329.9,7355.14,6765,118052.0008
2020/4/7,7329.9,7197.32,7459.69,7077,103585.1689
2020/4/8,7197.32,7361.28,7420,7150,76059.14584
2020/4/9,7360.26,7283.54,7371.92,7108.08,61094.87242
2020/4/10,7283.54,6858.92,7295.75,6739.98,104674.6234
2020/4/11,6858.92,6876.83,6944.3,6760,45470.29321
2020/4/12,6876.84,6903.79,7177,6780,73868.6665
2020/4/13,6903.79,6837.91,6903.79,6575,96415.47657
2020/4/14,6838.04,6868.7,6978,6754.28,69068.62329
2020/4/15,6868.57,6621.24,6933,6605,61571.38499
2020/4/16,6621.25,7101.94,7190,6468.27,125009.8575
2020/4/17,7101.99,7027.55,7148.12,6972.98,54126.50976
2020/4/18,7026.78,7248.6,7293.08,7014.4,49488.54282
2020/4/19,7248.6,7120.74,7266.15,7055.6,45664.86393
2020/4/20,7121.4,6826.83,7220,6751,90149.49137
2020/4/21,6828.98,6841.37,6940,6762,60109.71081
2020/4/22,6841.36,7125.14,7156.38,6818,61486.37733
2020/4/23,7125.12,7482.39,7738,7020,102773.5696
2020/4/24,7483.96,7505,7615.96,7388,60182.11994
2020/4/25,7505,7538.67,7705,7431.07,43874.42773
2020/4/26,7539.03,7693.1,7700,7480,50522.61621
2020/4/27,7693.1,7774.62,7792.02,7606,65441.33958
2020/4/28,7773.51,7738.98,7780,7659.12,46302.75264
2020/4/29,7738.58,8778.57,8952.89,7710.05,183546.8875
2020/4/30,8778.58,8620,9460,8401,206277.2141
2020/5/1,8620,8826.96,9059.18,8613.56,91468.81506
2020/5/2,8825.67,8972.05,9010,8753,59002.08755
2020/5/3,8972.58,8894.16,9200,8712,90126.06564
2020/5/4,8894.15,8871.96,8950,8522,84418.51233
2020/5/5,8871.92,9021.83,9118.58,8760,76480.76534
2020/5/6,9021.36,9142.92,9395,8906.21,105925.3024
2020/5/7,9143.4,9986.4,10067,9021,147154.6114
2020/5/8,9986.3,9800.01,10035.96,9705,100683.7964
2020/5/9,9800.02,9539.4,9914.25,9520,81950.67957
2020/5/10,9539.1,8722.77,9574.83,8117,183865.182
2020/5/11,8722.77,8561.52,9168,8200,168807.2518
2020/5/12,8562.04,8810.79,8978.26,8528.78,86522.78007
2020/5/13,8810.99,9309.37,9398,8792.99,92466.27402
2020/5/14,9309.35,9791.98,9939,9256.76,129565.3775
2020/5/15,9791.97,9316.42,9845.62,9150,115890.7615
2020/5/16,9315.96,9381.27,9588,9220,59587.62786
2020/5/17,9380.81,9680.04,9888,9322.1,68647.76432
2020/5/18,9681.11,9733.93,9950,9464.23,82006.60358
2020/5/19,9733.93,9775.53,9897.21,9474,78539.76045
2020/5/20,9775.13,9511.43,9842,9326,74923.73809
2020/5/21,9511.43,9068.65,9578.47,8815,108928.781
2020/5/22,9067.51,9170,9271,8933.52,58943.13102
2020/5/23,9170,9179.15,9307.85,9070,43526.29697
2020/5/24,9179.01,8720.34,9298,8700,70379.86645
2020/5/25,8718.14,8900.35,8979.66,8642.72,62833.91095
2020/5/26,8900.35,8841.18,9017.67,8700,58299.77014
2020/5/27,8841,9204.07,9225,8811.73,68910.35551
2020/5/28,9204.07,9575.89,9625.47,9110,74110.78766
2020/5/29,9575.87,9427.07,9605.26,9330,57374.36296
2020/5/30,9426.6,9697.72,9740,9331.23,55665.27254
2020/5/31,9697.72,9448.27,9700,9381.41,48333.7864
2020/6/1,9448.27,10200.77,10380,9421.67,76649.12696
2020/6/2,10202.71,9518.04,10228.99,9266,108970.7732
2020/6/3,9518.02,9666.24,9690,9365.21,46252.64494
2020/6/4,9666.32,9789.06,9881.63,9450,57456.10097
2020/6/5,9788.14,9621.16,9854.75,9581,47788.05005
2020/6/6,9621.17,9666.3,9735,9531.05,32752.95089
2020/6/7,9666.85,9746.99,9802,9372.46,57952.84839
2020/6/8,9746.99,9782.01,9800,9633,40664.66413
2020/6/9,9782,9772.43,9877,9570,46024.00129
2020/6/10,9772.44,9885,9992.72,9704.18,47130.76298
2020/6/11,9885.22,9280.4,9964,9113,94418.98473
2020/6/12,9278.88,9465.13,9557.12,9232.51,50119.06693
2020/6/13,9464.96,9473.34,9494.73,9351,27759.78485
2020/6/14,9473.34,9342.1,9480.99,9245,30055.50661
2020/6/15,9342.1,9426.02,9495,8910.45,86107.92471
2020/6/16,9426.05,9525.59,9589,9373.09,52052.44693
2020/6/17,9526.97,9465.14,9565,9236.61,48046.41115
2020/6/18,9465.13,9386.32,9489,9280,37381.95377
2020/6/19,9386.32,9310.23,9438.3,9215.79,45330.98367
2020/6/20,9310.23,9358.95,9395,9170.95,30329.06538
2020/6/21,9358.95,9294.69,9422,9281.54,24316.92623
2020/6/22,9294.69,9685.69,9780,9277.09,57895.46834
2020/6/23,9685.69,9624.89,9720,9577.03,41031.02938
2020/6/24,9624.33,9296.49,9670,9208,61571.56146
2020/6/25,9298.33,9249.49,9340,9009.69,55831.61916
2020/6/26,9249.49,9162.21,9298,9045.45,50292.29828
2020/6/27,9162.21,9012,9196.24,8833,46290.93011
2020/6/28,9012,9116.35,9191,8948.06,30688.17642
2020/6/29,9116.16,9192.56,9238,9024.67,42120.29326
2020/6/30,9192.93,9138.55,9205,9064.89,31463.1628
2020/7/1,9138.08,9232,9292,9080.1,38488.5287
2020/7/2,9231.99,9086.54,9261.96,8940,45725.16808
2020/7/3,9086.54,9058.26,9125,9037.47,28943.42018
2020/7/4,9057.79,9135.46,9190,9040.04,26441.96848
2020/7/5,9135,9069.41,9145.24,8893.03,34073.65363
2020/7/6,9069.41,9344.2,9375,9055.92,54463.13228
2020/7/7,9342.47,9257.39,9379.42,9203,34587.33668
2020/7/8,9257.4,9436.06,9470,9231,56140.51778
2020/7/9,9436.06,9232.43,9440.79,9160,48044.45065
2020/7/10,9232.42,9288.34,9317.48,9125,38295.49401
2020/7/11,9288.34,9234.03,9299.28,9178.25,22561.366
2020/7/12,9234.02,9302.75,9345,9157.5,30872.70229
2020/7/13,9303.31,9242.62,9343.82,9200.89,42740.06912
2020/7/14,9242.61,9255.85,9279.54,9113,45772.55251
2020/7/15,9255.85,9197.6,9276.49,9160.57,39053.57967
2020/7/16,9197.6,9133.72,9226.15,9047.25,43375.57119
2020/7/17,9133.72,9154.32,9186.83,9089.81,28054.35874
2020/7/18,9154.31,9170.28,9219.3,9121.1,22554.54146
2020/7/19,9170.3,9208.99,9232.27,9101.35,26052.01942
2020/7/20,9208.99,9160.78,9221.52,9131,35458.76408
2020/7/21,9160.78,9390,9437.73,9152.8,60413.58249
2020/7/22,9390,9518.16,9544,9261,48815.00411
2020/7/23,9518.16,9603.27,9664,9440.33,51856.2335
2020/7/24,9603.27,9537.8,9637,9463.44,43931.13621
2020/7/25,9538.1,9700.42,9732.9,9513,40679.54542
2020/7/26,9700.42,9931.54,10111,9650,65279.26932
2020/7/27,9931.54,11029.96,11394.86,9917.21,150188.9331
2020/7/28,11029.96,10906.27,11242.23,10565,97267.73419
2020/7/29,10906.27,11100.53,11342.82,10812,76838.09423
2020/7/30,11100.52,11099.61,11170,10831,60794.82646
2020/7/31,11099.79,11335.46,11444,10960,70063.66097
2020/8/1,11335.46,11801.17,11861,11220,85087.48513
2020/8/2,11801.17,11071.35,12123.46,10518.5,97553.0776
2020/8/3,11071.36,11219.81,11473,10936,56931.84148
2020/8/4,11219.68,11191.97,11414.98,11000,58629.11371
2020/8/5,11191.99,11744.91,11780.93,11093,74970.25685
2020/8/6,11744.91,11762.46,11900,11562.5,63529.08502
2020/8/7,11762.47,11594.23,11909.94,11322,65755.92602
2020/8/8,11594.36,11761.41,11808.27,11512,41858.16104
2020/8/9,11761.02,11681.68,11797.11,11521.97,41493.06734
2020/8/10,11681.69,11892.92,12067.35,11450,84952.33789
2020/8/11,11892.9,11392.08,11935,11125,90748.28463
2020/8/12,11392.09,11564.33,11617.52,11150,64909.61364
2020/8/13,11564.34,11780,11792.96,11270.36,70132.4915
2020/8/14,11779.77,11760.54,11850,11634.03,59818.8527
2020/8/15,11760.55,11852.4,11980,11680,56237.90505
2020/8/16,11852.4,11911,11931.72,11686,41368.23691
2020/8/17,11910.99,12281.13,12468,11769.78,84734.21154
2020/8/18,12281.15,11945.01,12387.77,11817.93,75923.83553
2020/8/19,11945.1,11754.59,12020.08,11561,73940.16961
2020/8/20,11754.38,11853.55,11888,11668,46085.25435
2020/8/21,11853.54,11531.34,11878,11485.81,64448.30614
2020/8/22,11531.23,11662.96,11686,11376.81,43678.70165
2020/8/23,11663.51,11648.13,11718.07,11514.13,37900.00469
2020/8/24,11648.12,11748.2,11824.9,11585.09,46212.39187
2020/8/25,11748.19,11318.42,11767.85,11117.64,69590.92327
2020/8/26,11318.42,11461.43,11539.32,11244,53998.23123
2020/8/27,11461.42,11330.38,11592.2,11125,63246.03638
2020/8/28,11330.38,11526.91,11542.65,11276.89,45953.90837
2020/8/29,11526.9,11465.84,11580.02,11417.04,32973.7992
2020/8/30,11465.84,11711.16,11719,11458,43177.87905
2020/8/31,11711.17,11649.51,11800.77,11570,55353.61774
2020/9/1,11649.51,11921.97,12050.85,11515,78148.19367
2020/9/2,11921.97,11388.54,11954.57,11160.1,87221.8456
2020/9/3,11388.54,10140.85,11462.6,9960.8,121950.106
2020/9/4,10138.29,10446.25,10627.05,9875.5,92733.59911
2020/9/5,10446.25,10166.69,10565.68,9825,90001.60557
2020/9/6,10166.69,10256.2,10347.14,9994.86,56368.78882
2020/9/7,10255.89,10373.44,10410.75,9875,62620.23068
2020/9/8,10373.45,10126.65,10438,9850,73491.87842
2020/9/9,10126.66,10219.2,10343,9981.01,49347.11378
2020/9/10,10219.29,10336.87,10483.35,10070.83,58253.75375
2020/9/11,10336.86,10387.89,10397.6,10200,43830.25447
2020/9/12,10387.89,10440.92,10477.97,10269.25,35379.1531
2020/9/13,10440.67,10332.83,10580.11,10200,43837.60987
2020/9/14,10332.84,10671.77,10750,10212.34,67059.29136
2020/9/15,10671.77,10785.31,10930.04,10606.48,61822.45279
2020/9/16,10785.23,10954.01,11093,10661.22,64991.51244
2020/9/17,10954.01,10939.99,11045.46,10745.83,55601.61453
2020/9/18,10940,10933.39,11038.03,10812.84,47266.72828
2020/9/19,10933.4,11080.65,11179.79,10887.37,38440.03686
2020/9/20,11080.64,10920.28,11080.64,10723,39157.92257
2020/9/21,10920.28,10417.22,10988.86,10296.35,70683.43118
2020/9/22,10417.22,10529.61,10572.71,10353,43991.23548
2020/9/23,10529.61,10241.46,10537.15,10136.82,51876.56808
2020/9/24,10241.46,10736.32,10795.24,10190.93,57676.61943
2020/9/25,10736.33,10686.67,10760.53,10556.24,48101.11701
2020/9/26,10686.57,10728.6,10820.94,10644.68,28420.83666
2020/9/27,10728.59,10774.25,10799,10594.82,30549.48325
2020/9/28,10774.26,10696.12,10950,10626,50095.25173
2020/9/29,10696.11,10840.48,10867.54,10635.87,41874.8984
2020/9/30,10840.58,10776.59,10849.34,10665.13,39596.02732
2020/10/1,10776.59,10619.13,10920,10437,60866.33289
2020/10/2,10619.13,10570.4,10664.64,10374,50130.39371
2020/10/3,10570.4,10542.06,10603.56,10496.46,22298.22134
2020/10/4,10542.07,10666.63,10696.87,10517.87,23212.0016
2020/10/5,10666.62,10792.21,10798,10615.64,34025.76165
2020/10/6,10792.2,10599.66,10800,10525,48674.74047
2020/10/7,10599.65,10666.39,10681.87,10546.17,32811.99028
2020/10/8,10666.4,10925.57,10950,10530.41,51959.69157
2020/10/9,10925.44,11050.64,11104.64,10829,48240.07324
2020/10/10,11050.64,11293.22,11491,11050.51,43648.03694
2020/10/11,11293.22,11369.02,11445,11221,29043.85134
2020/10/12,11369.02,11528.25,11720.01,11172,52825.28371
2020/10/13,11528.24,11420.56,11557,11300,42205.28371
2020/10/14,11420.57,11417.89,11547.98,11280,41415.10602
2020/10/15,11417.89,11505.12,11617.34,11250.83,48760.71768
2020/10/16,11505.13,11319.32,11541.15,11200,48797.7495
2020/10/17,11319.24,11360.2,11402.42,11255,22368.91524
2020/10/18,11360.31,11503.14,11505,11346.22,23284.04119
2020/10/19,11503.14,11751.47,11823.99,11407.96,47414.53469
2020/10/20,11751.46,11909.99,12038.38,11677.59,62134.75066
2020/10/21,11910,12780.96,13217.68,11886.95,114584.4568
2020/10/22,12780.75,12968.52,13185,12678.08,70038.82414
2020/10/23,12968.84,12923.07,13027.69,12720.08,50386.99984
2020/10/24,12923.06,13111.73,13166.73,12870,35952.20907
2020/10/25,13111.73,13028.83,13350,12888,38481.5795
2020/10/26,13029.64,13052.19,13238.81,12765,60951.67299
2020/10/27,13052.15,13636.17,13789.29,13019.87,80796.554
2020/10/28,13636.16,13266.4,13859.48,12888,94440.56123
2020/10/29,13266.4,13455.7,13642.91,12920.77,74872.60213
2020/10/30,13455.69,13560.1,13669.98,13115,70657.77888
2020/10/31,13560.1,13791,14100,13411.5,67339.23852
2020/11/1,13791,13761.5,13895,13603,36285.64853
2020/11/2,13761.49,13549.37,13830,13195.05,64566.42191
2020/11/3,13549.63,14023.53,14066.11,13284.99,74115.63079
2020/11/4,14023.53,14144.01,14259,13525,93016.98826
2020/11/5,14144.01,15590.02,15750,14093.56,143741.5227
2020/11/6,15590.02,15579.92,15960,15166,122618.1977
2020/11/7,15579.93,14818.3,15753.52,14344.22,101431.2066
2020/11/8,14818.3,15475.1,15650,14703.88,65547.17857
2020/11/9,15475.1,15328.41,15840,14805.54,108976.3341
2020/11/10,15328.41,15297.21,15460,15072.46,61681.91961
2020/11/11,15297.21,15684.24,15965,15272.68,78469.74646
2020/11/12,15684.25,16291.86,16340.7,15440.64,102196.3566
2020/11/13,16291.85,16320.7,16480,15952.35,75691.88101
2020/11/14,16320.04,16070.45,16326.99,15670,59116.34718
2020/11/15,16069.56,15957,16180,15774.72,43596.84151
2020/11/16,15957,16713.57,16880,15864,81300.67592
2020/11/17,16713.08,17659.38,17858.82,16538,115221.4031
2020/11/18,17659.38,17776.12,18476.93,17214.45,149019.7881
2020/11/19,17777.75,17802.82,18179.8,17335.65,93009.56101
2020/11/20,17802.81,18655.67,18815.22,17740.04,88423.01849
2020/11/21,18655.66,18703.8,18965.9,18308.58,75577.45839
2020/11/22,18703.8,18414.43,18750,17610.86,81645.73778
2020/11/23,18413.88,18368,18766,18000,82961.50609
2020/11/24,18368.01,19160.01,19418.97,18018,113581.5092
2020/11/25,19160,18719.11,19484.21,18500.27,93266.57689
2020/11/26,18718.83,17149.47,18915.03,16188,181005.2467
2020/11/27,17149.47,17139.52,17457.62,16438.08,85297.02479
2020/11/28,17139.53,17719.85,17880.49,16865.56,64910.69997
2020/11/29,17719.84,18184.99,18360.05,17517,55329.0163
2020/11/30,18185,19695.87,19863.16,18184.99,115463.4669
2020/12/1,19695.87,18764.96,19888,18001.12,127698.7627
2020/12/2,18764.96,19204.09,19342,18330,75911.01348
2020/12/3,19204.08,19421.9,19598,18867.2,66689.39128
2020/12/4,19422.34,18650.52,19527,18565.31,71283.6682
2020/12/5,18650.51,19147.66,19177,18500,42922.74857
2020/12/6,19147.66,19359.4,19420,18857,37043.09186
2020/12/7,19358.67,19166.9,19420.91,18902.88,41372.29629
2020/12/8,19166.9,18324.11,19294.84,18200,61626.94761
2020/12/9,18324.11,18541.28,18639.57,17650,79585.5538
2020/12/10,18541.29,18254.63,18557.32,17911.12,52890.67509
2020/12/11,18254.81,18036.53,18292.73,17572.33,72610.72426
2020/12/12,18036.53,18808.69,18948.66,18020.7,49519.97843
2020/12/13,18808.69,19174.99,19411,18711.12,56560.82174
2020/12/14,19174.99,19273.14,19349,19000,47257.20129
2020/12/15,19273.69,19426.43,19570,19050,61834.36601
2020/12/16,19426.43,21335.52,21560,19278.6,114306.3356
2020/12/17,21335.52,22797.16,23800,21230,184882.4767
2020/12/18,22797.15,23107.39,23285.18,22350,79646.13432
2020/12/19,23107.39,23821.61,24171.47,22750,86045.06468
2020/12/20,23821.6,23455.52,24295,23060,76690.14569
2020/12/21,23455.54,22719.71,24102.77,21815,88030.29724
2020/12/22,22719.88,23810.79,23837.1,22353.4,87033.12616
2020/12/23,23810.79,23232.76,24100,22600,119047.2597
2020/12/24,23232.39,23729.2,23794.43,22703.42,69013.83425
2020/12/25,23728.99,24712.47,24789.86,23433.6,79519.94357
2020/12/26,24712.47,26493.39,26867.03,24500,97806.51339
2020/12/27,26493.4,26281.66,28422,25700,148455.5862
2020/12/28,26281.54,27079.41,27500,26101,79721.7425
2020/12/29,27079.42,27385,27410,25880,69411.59261
2020/12/30,27385,28875.54,28996,27320,95356.05783
2020/12/31,28875.55,28923.63,29300,27850,75508.50515
2021/1/1,28923.63,29331.69,29600,28624.57,54182.92501
2021/1/2,29331.7,32178.33,33300,28946.53,129993.8734
2021/1/3,32176.45,33000.05,34778.11,31962.99,120957.5668
2021/1/4,33000.05,31988.71,33600,28130,140899.8857
2021/1/5,31989.75,33949.53,34360,29900,116049.997
2021/1/6,33949.53,36769.36,36939.21,33288,127139.2013
2021/1/7,36769.36,39432.28,40365,36300,132825.7004
2021/1/8,39432.48,40582.81,41950,36500,139789.9575
2021/1/9,40586.96,40088.22,41380,38720,75785.97968
2021/1/10,40088.22,38150.02,41350,35111.11,118209.5445
2021/1/11,38150.02,35404.47,38264.74,30420,251156.1383
2021/1/12,35410.37,34051.24,36628,32531,133948.152
2021/1/13,34049.15,37371.38,37850,32380,124477.9149
2021/1/14,37371.38,39144.5,40100,36701.23,102950.3894
2021/1/15,39145.21,36742.22,39747.76,34408,118300.9209
2021/1/16,36737.43,35994.98,37950,35357.8,86348.43151
2021/1/17,35994.98,35828.61,36852.5,33850,80157.72738
2021/1/18,35824.99,36631.27,37469.83,34800,70698.11875
2021/1/19,36622.46,35891.49,37850,35844.06,79611.30777
2021/1/20,35901.94,35468.23,36415.31,33400,89368.42292
2021/1/21,35468.23,30850.13,35600,30071,135004.0767
2021/1/22,30851.99,32945.17,33826.53,28850,142971.684
2021/1/23,32950,32078,33456,31390.16,64595.28768
2021/1/24,32078,32259.9,33071,30900,57978.03797
2021/1/25,32259.45,32254.2,34875,31910,88499.22692
2021/1/26,32254.19,32467.77,32921.88,30837.37,84972.20691
2021/1/27,32464.01,30366.15,32557.29,29241.72,95911.96171
2021/1/28,30362.19,33364.86,33783.98,29842.1,92621.14562
2021/1/29,33368.18,34252.2,38531.9,31915.4,231827.0056
2021/1/30,34246.28,34262.88,34933,32825,84889.68134
2021/1/31,34262.89,33092.98,34342.69,32171.67,68742.28038
2021/2/1,33092.97,33526.37,34717.27,32296.16,82718.27688
2021/2/2,33517.09,35466.24,35984.33,33418,78056.65988
2021/2/3,35472.71,37618.87,37662.63,35362.38,80784.33366
2021/2/4,37620.26,36936.66,38708.27,36161.95,92080.7359
2021/2/5,36936.65,38290.24,38310.12,36570,66681.33428
2021/2/6,38289.32,39186.94,40955.51,38215.94,98757.31118
2021/2/7,39181.01,38795.69,39700,37351,84363.67976
2021/2/8,38795.69,46374.87,46794.45,37988.89,138597.5369
2021/2/9,46374.86,46420.42,48142.19,44961.09,115499.8617
2021/2/10,46420.42,44807.58,47310,43727,97154.1822
2021/2/11,44807.58,47969.51,48678.9,43994.02,89561.08145
2021/2/12,47968.66,47287.6,48985.8,46125,85870.0357
2021/2/13,47298.15,47153.69,48150,46202.53,63768.0974
2021/2/14,47156.78,48577.79,49707.43,47014.17,73735.47553
2021/2/15,48580.47,47911.1,49010.92,45570.79,79398.15678
2021/2/16,47911.1,49133.45,50689.18,47003.62,88813.2663
2021/2/17,49133.45,52119.71,52618.74,48947,85743.63782
2021/2/18,52117.67,51552.6,52530,50901.9,60758.04695
2021/2/19,51552.61,55906,56368,50710.2,79659.77802
2021/2/20,55906,55841.19,57700.46,53863.93,80948.20531
2021/2/21,55841.19,57408.57,58352.8,55477.59,58166.70851
2021/2/22,57412.35,54087.67,57508.47,47622,134019.4349
2021/2/23,54087.67,48891,54183.59,44892.56,169375.0251
2021/2/24,48891,49676.2,51374.99,46988.69,91881.20925
2021/2/25,49676.21,47073.73,52041.73,46674.34,83310.67312
2021/2/26,47073.73,46276.87,48424.11,44106.78,109423.2007
2021/2/27,46276.88,46106.43,48394,45000,66060.83429
2021/2/28,46103.67,45135.66,46638.46,43000,83055.36904
2021/3/1,45134.11,49587.03,49790,44950.53,85086.11165
2021/3/2,49595.76,48440.65,50200,47047.6,64221.06214
2021/3/3,48436.61,50349.37,52640,48100.71,81035.91371
2021/3/4,50349.37,48374.09,51773.88,47500,82649.71683
2021/3/5,48374.09,48751.71,49448.93,46300,78192.49637
2021/3/6,48746.81,48882.2,49200,47070,44399.23424
2021/3/7,48882.2,50971.75,51450.03,48882.2,55235.02803
2021/3/8,50959.11,52375.17,52402.78,49274.67,66987.35966
2021/3/9,52375.18,54884.5,54895,51789.41,71656.73708
2021/3/10,54874.67,55851.59,57387.69,53005,84749.23894
2021/3/11,55851.59,57773.16,58150,54272.82,81914.81286
2021/3/12,57773.15,57221.72,58081.51,54962.84,73405.40605
2021/3/13,57221.72,61188.39,61844,56078.23,83245.09135
2021/3/14,61188.38,58968.31,61724.79,58966.78,52601.05275
2021/3/15,58976.08,55605.2,60633.43,54600,102771.4273
2021/3/16,55605.2,56900.75,56938.29,53271.34,77986.69436
2021/3/17,56900.74,58912.97,58974.73,54123.69,70421.62084
2021/3/18,58912.97,57648.16,60129.97,57023,66580.40668
2021/3/19,57641,58030.01,59468,56270.74,52392.65296
2021/3/20,58030.01,58102.28,59880,57820.17,44476.94178
2021/3/21,58100.02,57351.56,58589.1,55450.11,48564.47027
2021/3/22,57351.56,54083.25,58430.73,53650,62581.62617
2021/3/23,54083.25,54340.89,55830.9,53000,59789.36543
2021/3/24,54342.8,52303.65,57200,51700,83537.46502
2021/3/25,52303.66,51293.78,53287,50427.56,87400.53454
2021/3/26,51293.78,55025.59,55073.46,51214.6,63813.77469
2021/3/27,55025.59,55817.14,56700.36,53950,50105.47506
2021/3/28,55817.14,55777.63,56559.75,54691.84,39050.38751
2021/3/29,55777.65,57635.47,58405.82,54800.01,67857.9374
2021/3/30,57635.46,58746.57,59368,57071.35,55122.44312
2021/3/31,58746.57,58740.55,59800,56769,60975.54267
2021/4/1,58739.46,58720.44,59490,57935.45,47415.61722
2021/4/2,58720.45,58950.01,60200,58428.57,47382.41878
2021/4/3,58950.01,57051.94,59791.72,56880,47409.85211
2021/4/4,57051.95,58202.01,58492.85,56388,41314.08197
2021/4/5,58202.01,59129.99,59272,56777.77,54258.01579
2021/4/6,59129.99,57991.15,59495.24,57413.02,54201.00073
2021/4/7,57990.03,55953.45,58655,55473,71228.40566
2021/4/8,55953.44,58077.52,58153.31,55700,44283.14702
2021/4/9,58077.52,58142.54,58894.9,57654,40831.88491
2021/4/10,58142.55,59769.13,61500,57900.01,69906.42412
2021/4/11,59769.13,60002.43,60699,59232.52,41156.71539
2021/4/12,59998.8,59860,61300,59350.59,56375.03712
2021/4/13,59860.01,63575,63777.77,59805.15,82848.68875
2021/4/14,63575.01,62959.53,64854,61301,82616.34399
2021/4/15,62959.53,63159.98,63800,62020,51649.70034
2021/4/16,63158.74,61334.8,63520.61,60000,91764.13988
2021/4/17,61334.81,60006.66,62506.05,59580.91,58912.25613
2021/4/18,60006.67,56150.01,60499,50931.3,124882.1318
2021/4/19,56150.01,55633.14,57526.81,54221.58,78229.04227
2021/4/20,55633.14,56425,57076.24,53329.96,72744.48215
2021/4/21,56425,53787.63,56757.91,53536.02,66984.75691
2021/4/22,53787.62,51690.96,55521.48,50500,104656.6313
2021/4/23,51690.95,51125.14,52131.85,47500,132230.7807
2021/4/24,51110.56,50047.84,51166.22,48657.14,55361.51257
2021/4/25,50047.84,49066.77,50567.91,46930,58255.645
2021/4/26,49066.76,54001.39,54356.62,48753.44,86310.80212
2021/4/27,54001.38,55011.97,55460,53222,54064.03468
2021/4/28,55011.97,54846.22,56428,53813.16,55130.45902
2021/4/29,54846.23,53555,55195.84,52330.94,52486.01946
2021/4/30,53555,57694.27,57963,53013.01,68578.91005
2021/5/1,57697.25,57800.37,58458.07,56956.14,42600.35184
2021/5/2,57797.35,56578.21,57911.02,56035.25,36812.87886
2021/5/3,56578.21,57169.39,58981.44,56435,57649.93129
2021/5/4,57169.39,53200.01,57200,53046.69,85324.6259
2021/5/5,53205.05,57436.11,58069.82,52900,77263.92344
2021/5/6,57436.11,56393.68,58360,55200,70181.67191
2021/5/7,56393.68,57314.75,58650,55241.63,74542.74783
2021/5/8,57315.49,58862.05,59500,56900,69709.90603
2021/5/9,58866.53,58240.84,59300,56235.66,69806.11991
2021/5/10,58240.83,55816.14,59500,53400,89586.34925
2021/5/11,55816.14,56670.02,56862.43,54370,64329.54055
2021/5/12,56670.02,49631.32,58000.01,48600,99842.78984
2021/5/13,49537.15,49670.97,51367.19,46000,147332.0021
2021/5/14,49671.92,49841.45,51483,48799.75,80082.20431
2021/5/15,49844.16,46762.99,50700,46555,89437.44936
2021/5/16,46762.99,46431.5,49795.89,43825.39,114269.8128
2021/5/17,46426.83,43538.04,46686,42001,166657.1727
2021/5/18,43538.02,42849.78,45799.29,42250.02,116979.8608
2021/5/19,42849.78,36690.09,43584.9,30000,354347.2432
2021/5/20,36671.23,40526.64,42451.67,34850,203017.5969
2021/5/21,40525.39,37252.01,42200,33488,202100.8883
2021/5/22,37263.35,37449.73,38829,35200.62,126542.2437
2021/5/23,37458.51,34655.25,38270.64,31111.01,217136.0466
2021/5/24,34681.44,38796.29,39920,34031,161630.894
2021/5/25,38810.99,38324.72,39791.77,36419.62,111996.2284
2021/5/26,38324.72,39241.91,40841,37800.44,104780.7734
2021/5/27,39241.92,38529.98,40411.14,37134.27,86547.15879
2021/5/28,38529.99,35663.49,38877.83,34684,135377.6297
2021/5/29,35661.79,34605.15,37338.58,33632.76,112663.0927
2021/5/30,34605.15,35641.27,36488,33379,73535.38697
2021/5/31,35641.26,37253.81,37499,34153.84,94160.73529
2021/6/1,37253.82,36693.09,37894.81,35666,81234.66377
2021/6/2,36694.85,37568.68,38225,35920,67587.3725
2021/6/3,37568.68,39246.79,39476,37170,75889.10601
2021/6/4,39246.78,36829,39289.07,35555.15,91317.79925
2021/6/5,36829.15,35513.2,37925,34800,70459.62149
2021/6/6,35516.07,35796.31,36480,35222,47650.20664
2021/6/7,35796.31,33552.79,36900,33300,77574.95257
2021/6/8,33556.96,33380.81,34068.01,31000,123251.189
2021/6/9,33380.8,37388.05,37534.79,32396.82,136607.5975
2021/6/10,37388.05,36675.72,38491,35782,109527.2849
2021/6/11,36677.83,37331.98,37680.4,35936.77,78466.0053
2021/6/12,37331.98,35546.11,37463.63,34600.36,87717.54999
2021/6/13,35546.12,39020.57,39380,34757,86921.02556
2021/6/14,39020.56,40516.29,41064.05,38730,108522.3919
2021/6/15,40516.28,40144.04,41330,39506.4,80679.62284
2021/6/16,40143.8,38349.01,40527.14,38116.01,87771.97694
2021/6/17,38349,38092.97,39559.88,37365,79541.30712
2021/6/18,38092.97,35819.84,38202.84,35129.29,95228.04294
2021/6/19,35820.48,35483.72,36457,34803.52,68712.44946
2021/6/20,35483.72,35600.16,36137.72,33336,89878.17085
2021/6/21,35600.17,31608.93,35750,31251.23,168778.8732
2021/6/22,31614.12,32509.56,33298.78,28805,204208.1798
2021/6/23,32509.56,33678.07,34881,31683,126966.1006
2021/6/24,33675.07,34663.09,35298,32286.57,86625.80426
2021/6/25,34663.08,31584.45,35500,31275,116061.1304
2021/6/26,31576.09,32283.65,32730,30151,107820.3753
2021/6/27,32283.65,34700.34,34749,31973.45,96613.24421
2021/6/28,34702.49,34494.89,35297.71,33862.72,82222.26782
2021/6/29,34494.89,35911.73,36600,34225.43,90788.79622
2021/6/30,35911.72,35045,36100,34017.55,77152.19763
2021/7/1,35045,33504.69,35057.57,32711,71708.26611
2021/7/2,33502.33,33786.55,33977.04,32699,56172.18138
2021/7/3,33786.54,34669.13,34945.61,33316.73,43044.57864
2021/7/4,34669.12,35286.51,35967.85,34357.15,43703.47579
2021/7/5,35288.13,33690.14,35293.78,33125.55,64123.87425
2021/7/6,33690.15,34220.01,35118.88,33532,58210.59635
2021/7/7,34220.02,33862.12,35059.09,33777.77,53807.52168
2021/7/8,33862.11,32875.71,33929.64,32077,70136.48032
2021/7/9,32875.71,33815.81,34100,32261.07,47153.9399
2021/7/10,33815.81,33502.87,34262,33004.78,34761.17547
2021/7/11,33502.87,34258.99,34666,33306.47,31572.64745
2021/7/12,34259,33086.63,34678.43,32658.34,48181.40376
2021/7/13,33086.94,32729.77,33340,32202.25,41126.36101
2021/7/14,32729.12,32820.02,33114.03,31550,46777.82348
2021/7/15,32820.03,31880,33185.25,31133,51639.57635
2021/7/16,31874.49,31383.87,32249.18,31020,48499.86415
2021/7/17,31383.86,31520.07,31955.92,31164.31,34012.24213
2021/7/18,31520.07,31778.56,32435,31108.97,35923.71619
2021/7/19,31778.57,30839.65,31899,30407.44,47340.4685
2021/7/20,30839.65,29790.35,31063.07,29278,61034.04902
2021/7/21,29790.34,32144.51,32858,29482.61,82796.26513
2021/7/22,32144.51,32287.83,32591.35,31708,46148.09243
2021/7/23,32287.58,33634.09,33650,31924.32,50112.86363
2021/7/24,33634.1,34258.14,34500,33401.14,47977.55014
2021/7/25,34261.51,35381.02,35398,33851.12,47852.92831
2021/7/26,35381.02,37237.6,40550,35205.78,152452.5127
2021/7/27,37241.33,39457.87,39542.61,36383,88397.26702
2021/7/28,39456.61,40019.56,40900,38772,101344.5284
2021/7/29,40019.57,40016.48,40640,39200,53998.43928
2021/7/30,40018.49,42206.37,42316.71,38313.23,73602.78481
2021/7/31,42206.36,41461.83,42448,41000.15,44849.79101
2021/8/1,41461.84,39845.44,42599,39422.01,53953.18633
2021/8/2,39850.27,39147.82,40480.01,38690,50837.35195
2021/8/3,39146.86,38207.05,39780,37642.03,57117.43585
2021/8/4,38207.04,39723.18,39969.66,37508.56,52329.35243
2021/8/5,39723.17,40862.46,41350,37332.7,84343.75562
2021/8/6,40862.46,42836.87,43392.43,39853.86,75753.94135
2021/8/7,42836.87,44572.54,44700,42446.41,73396.74081
2021/8/8,44572.54,43794.37,45310,43261,69329.0927
2021/8/9,43794.36,46253.4,46454.15,42779,74587.88485
2021/8/10,46248.87,45584.99,46700,44589.46,53814.64342
2021/8/11,45585,45511,46743.47,45341.14,52734.90198
2021/8/12,45510.67,44399,46218.12,43770,55266.10878
2021/8/13,44400.06,47800,47886,44217.39,48239.37043
2021/8/14,47799.99,47068.51,48144,45971.03,46114.35902
2021/8/15,47068.5,46973.82,47372.27,45500,42110.71133
2021/8/16,46973.82,45901.29,48053.83,45660,52480.57401
2021/8/17,45901.3,44695.95,47160,44376,57039.34163
2021/8/18,44695.95,44705.29,46000,44203.28,54099.41599
2021/8/19,44699.37,46760.62,47033,43927.7,53411.75392
2021/8/20,46760.62,49322.47,49382.99,46622.99,56850.35223
2021/8/21,49322.47,48821.87,49757.04,48222,46745.13658
2021/8/22,48821.88,49239.22,49500,48050,37007.8878
2021/8/23,49239.22,49488.85,50500,49029,52462.54195
2021/8/24,49488.85,47674.01,49860,47600,51014.59475
2021/8/25,47674.01,48973.32,49264.3,47126.28,44655.83034
2021/8/26,48973.32,46843.87,49352.84,46250,49371.27777
2021/8/27,46843.86,49069.9,49149.93,46348,42068.10497
2021/8/28,49069.9,48895.35,49299,48346.88,26681.06379
2021/8/29,48895.35,48767.83,49632.27,47762.54,32652.28347
2021/8/30,48767.84,46982.91,48888.61,46853,40288.35083
2021/8/31,46982.91,47100.89,48246.11,46700,48645.52737
2021/9/1,47100.89,48810.52,49156,46512,49904.65528
2021/9/2,48810.51,49246.64,50450.13,48584.06,54410.77054
2021/9/3,49246.63,49999.14,51000,48316.84,59025.64416
2021/9/4,49998,49915.64,50535.69,49370,34664.65959
2021/9/5,49917.54,51756.88,51900,49450,40544.83587
2021/9/6,51756.88,52663.9,52780,50969.33,49249.66708
2021/9/7,52666.2,46863.73,52920,42843.05,123048.8027
2021/9/8,46868.57,46048.31,47340.99,44412.02,65069.3152
2021/9/9,46048.31,46395.14,47399.97,45513.08,50651.66002
2021/9/10,46395.14,44850.91,47033,44132.29,49048.26618
2021/9/11,44842.2,45173.69,45987.93,44722.22,30440.4081
2021/9/12,45173.68,46025.24,46460,44742.06,32094.28052
2021/9/13,46025.23,44940.73,46880,43370,65429.15056
2021/9/14,44940.72,47111.52,47250,44594.44,44855.85099
2021/9/15,47103.28,48121.41,48500,46682.32,43204.71174
2021/9/16,48121.4,47737.82,48557,47021.1,40725.08895
2021/9/17,47737.81,47299.98,48150,46699.56,34461.92776
2021/9/18,47299.98,48292.74,48843.2,47035.56,30906.47038
2021/9/19,48292.75,47241.75,48372.83,46829.18,29847.24349
2021/9/20,47241.75,43015.62,47347.25,42500,78003.52444
2021/9/21,43016.64,40734.38,43639,39600,84534.08049
2021/9/22,40734.09,43543.61,44000.55,40565.39,58349.05542
2021/9/23,43546.37,44865.26,44978,43069.09,48699.57655
2021/9/24,44865.26,42810.57,45200,40675,84113.42629
2021/9/25,42810.58,42670.64,42966.84,41646.28,33594.57189
2021/9/26,42670.63,43160.9,43950,40750,49879.99765
2021/9/27,43160.9,42147.35,44350,42098,39776.84383
2021/9/28,42147.35,41026.54,42787.38,40888,43372.2624
2021/9/29,41025.01,41524.28,42590,40753.88,33511.53487
2021/9/30,41524.29,43824.1,44141.37,41410.17,46381.22781
2021/10/1,43820.01,48141.61,48495,43283.03,66244.87492
2021/10/2,48141.6,47634.9,48336.59,47430.18,30508.98131
2021/10/3,47634.89,48200.01,49228.08,47088,30825.05601
2021/10/4,48200.01,49224.94,49536.12,46891,46796.49372
2021/10/5,49224.93,51471.99,51886.3,49022.4,52125.66793
2021/10/6,51471.99,55315,55750,50382.41,79877.54518
2021/10/7,55315,53785.22,55332.31,53357,54917.37766
2021/10/8,53785.22,53951.43,56100,53617.61,46160.25785
2021/10/9,53955.67,54949.72,55489,53661.67,55177.08013
2021/10/10,54949.72,54659,56561.31,54080,89237.83613
2021/10/11,54659.01,57471.35,57839.04,54415.06,52933.16575
2021/10/12,57471.35,55996.93,57680,53879,53471.2855
2021/10/13,55996.91,57367,57777,54167.19,55808.44492
2021/10/14,57370.83,57347.94,58532.54,56818.05,43053.33678
2021/10/15,57347.94,61672.42,62933,56850,82512.90802
2021/10/16,61672.42,60875.57,62378.42,60150,35467.88096
2021/10/17,60875.57,61528.33,61718.39,58963,39099.24124
2021/10/18,61528.32,62009.84,62695.78,59844.45,51798.44844
2021/10/19,62005.6,64280.59,64486,61322.22,53628.10774
2021/10/20,64280.59,66001.41,67000,63481.4,51428.93486
2021/10/21,66001.4,62193.15,66639.74,62000,68538.64537
2021/10/22,62193.15,60688.22,63732.39,60000,52119.35886
2021/10/23,60688.23,61286.75,61747.64,59562.15,27626.93678
2021/10/24,61286.75,60852.22,61500,59510.63,31226.57676
2021/10/25,60852.22,63078.78,63710.63,60650,36853.83806
2021/10/26,63078.78,60328.81,63293.48,59817.55,40217.50083
2021/10/27,60328.81,58413.44,61496,58000,62124.49016
2021/10/28,58413.44,60575.89,62499,57820,61056.35301
2021/10/29,60575.9,62253.71,62980,60174.81,43973.90414
2021/10/30,62253.7,61859.19,62359.25,60673,31478.12566
2021/10/31,61859.19,61299.8,62405.3,59945.36,39267.63794
2021/11/1,61299.81,60911.11,62437.74,59405,44687.66672
2021/11/2,60911.12,63219.99,64270,60624.68,46368.2841
2021/11/3,63220.57,62896.48,63500,60382.76,43336.09049
2021/11/4,62896.49,61395.01,63086.31,60677.01,35930.93314
2021/11/5,61395.01,60937.12,62595.72,60721,31604.48749
2021/11/6,60940.18,61470.61,61560.49,60050,25590.57408
2021/11/7,61470.62,63273.59,63286.35,61322.78,25515.6883
2021/11/8,63273.58,67525.83,67789,63273.58,54442.09455
2021/11/9,67525.82,66947.66,68524.25,66222.4,44661.37807
2021/11/10,66947.67,64882.43,69000,62822.9,65171.50405
2021/11/11,64882.42,64774.26,65600.07,64100,37237.98058
2021/11/12,64774.25,64122.23,65450.7,62278,44490.10816
2021/11/13,64122.22,64380,65000,63360.22,22504.97383
2021/11/14,64380.01,65519.1,65550.51,63576.27,25705.07347
2021/11/15,65519.11,63606.74,66401.82,63400,37829.37124
2021/11/16,63606.73,60058.87,63617.31,58574.07,77455.15609
2021/11/17,60058.87,60344.87,60840.23,58373,46289.38491
2021/11/18,60344.86,56891.62,60976,56474.26,62146.99931
2021/11/19,56891.62,58052.24,58320,55600,50715.88726
2021/11/20,58057.1,59707.51,59845,57353,33811.5901
2021/11/21,59707.52,58622.02,60029.76,58486.65,31902.22785
2021/11/22,58617.7,56247.18,59444,55610,51724.32047
2021/11/23,56243.83,57541.27,58009.99,55317,49917.85017
2021/11/24,57541.26,57138.29,57735,55837,39612.04964
2021/11/25,57138.29,58960.36,59398.9,57000,42153.51522
2021/11/26,58960.37,53726.53,59150,53500,65927.87066
2021/11/27,53723.72,54721.03,55280,53610,29716.99957
2021/11/28,54716.47,57274.88,57445.05,53256.64,36163.7137
2021/11/29,57274.89,57776.25,58865.97,56666.67,40125.28009
2021/11/30,57776.25,56950.56,59176.99,55875.55,49161.05194
2021/12/1,56950.56,57184.07,59053.55,56458.01,44956.63656
2021/12/2,57184.07,56480.34,57375.47,55777.77,37574.05976
2021/12/3,56484.26,53601.05,57600,51680,58927.69027
2021/12/4,53601.05,49152.47,53859.1,42000.3,114203.3737
2021/12/5,49152.46,49396.33,49699.05,47727.21,45580.82012
2021/12/6,49396.32,50441.92,50891.11,47100,58571.21575
2021/12/7,50441.91,50588.95,51936.33,50039.74,38253.46877
2021/12/8,50588.95,50471.19,51200,48600,38425.92466
2021/12/9,50471.19,47545.59,50797.76,47320,37692.68665
2021/12/10,47535.9,47140.54,50125,46852,44233.57391
2021/12/11,47140.54,49389.99,49485.71,46751,28889.19358
2021/12/12,49389.99,50053.9,50777,48638,26017.93421
2021/12/13,50053.9,46702.75,50189.97,45672.75,50869.52093
2021/12/14,46702.76,48343.28,48700.41,46290,39955.98445
2021/12/15,48336.95,48864.98,49500,46547,51629.181
2021/12/16,48864.98,47632.38,49436.43,47511,31949.86739
2021/12/17,47632.38,46131.2,47995.96,45456,43104.4887
2021/12/18,46133.83,46834.48,47392.37,45500,25020.05271
2021/12/19,46834.47,46681.23,48300.01,46406.91,29305.70665
2021/12/20,46681.24,46914.16,47537.57,45558.85,35848.50609
2021/12/21,46914.17,48889.88,49328.96,46630,37713.92924
2021/12/22,48887.59,48588.16,49576.13,48421.87,27004.2022
2021/12/23,48588.17,50838.81,51375,47920.42,35192.54046
2021/12/24,50838.82,50820,51810,50384.43,31684.81208
2021/12/25,50819.99,50399.66,51156.23,50142.32,19135.51613
2021/12/26,50399.67,50775.49,51280,49412,22569.88914
2021/12/27,50775.48,50701.44,52088,50449,28779.58212
2021/12/28,50701.44,47543.74,50704.05,47313.01,45853.33924
2021/12/29,47543.74,46464.66,48139.08,46096.99,39498.87
2021/12/30,46464.66,47120.87,47900,45900,30352.29569
2021/12/31,47120.88,46216.93,48548.26,45678,34937.99796
2022/1/1,46216.93,47722.65,47954.63,46208.37,19604.46325
2022/1/2,47722.66,47286.18,47990,46654,18340.4604
2022/1/3,47286.18,46446.1,47570,45696,27662.0771
2022/1/4,46446.1,45832.01,47557.54,45500,35491.4136
2022/1/5,45832.01,43451.13,47070,42500,51784.11857
2022/1/6,43451.14,43082.31,43816,42430.58,38880.37305
2022/1/7,43082.3,41566.48,43145.83,40610,54836.50818
2022/1/8,41566.48,41679.74,42300,40501,32952.73111
2022/1/9,41679.74,41864.62,42786.7,41200.02,22724.39426
2022/1/10,41864.62,41822.49,42248.5,39650,50729.17019
2022/1/11,41822.49,42729.29,43100,41268.93,37296.43729
2022/1/12,42729.29,43902.66,44322,42450,33943.2928
2022/1/13,43902.65,42560.11,44500,42311.22,34910.87762
2022/1/14,42558.35,43059.96,43448.78,41725.95,32640.88292
2022/1/15,43059.96,43084.29,43800,42555,21936.05616
2022/1/16,43084.29,43071.66,43475,42581.79,20602.35271
2022/1/17,43071.66,42201.62,43176.18,41540.42,27562.08613
2022/1/18,42201.63,42352.12,42691,41250,29324.08257
2022/1/19,42352.12,41660.01,42559.13,41138.56,31685.72159
2022/1/20,41660,40680.91,43505,40553.31,42330.33953
2022/1/21,40680.92,36445.31,41100,35440.45,88860.892
2022/1/22,36445.31,35071.42,36835.22,34008,90471.33896
2022/1/23,35071.42,36244.55,36499,34601.01,44279.52354
2022/1/24,36244.55,36660.35,37550,32917.17,91904.75321
2022/1/25,36660.35,36958.32,37545.14,35701,49232.40183
2022/1/26,36958.32,36809.34,38919.98,36234.63,69830.16036
2022/1/27,36807.24,37160.1,37234.47,35507.01,53020.87934
2022/1/28,37160.11,37716.56,38000,36155.01,42154.26956
2022/1/29,37716.57,38166.84,38720.74,37268.44,26129.49682
2022/1/30,38166.83,37881.76,38359.26,37351.63,21430.66527
2022/1/31,37881.75,38466.9,38744,36632.61,36855.2458
2022/2/1,38466.9,38694.59,39265.2,38000,34574.44663
2022/2/2,38694.59,36896.36,38855.92,36586.95,35794.6813
2022/2/3,36896.37,37311.61,37387,36250,32081.10999
2022/2/4,37311.98,41574.25,41772.33,37026.73,64703.95874
2022/2/5,41571.7,41382.59,41913.69,40843.01,32532.34372
2022/2/6,41382.6,42380.87,42656,41116.56,22405.16704
2022/2/7,42380.87,43839.99,44500.5,41645.85,51060.62006
2022/2/8,43839.99,44042.99,45492,42666,64880.29387
2022/2/9,44043,44372.72,44799,43117.92,34428.16729
2022/2/10,44372.71,43495.44,45821,43174.01,62357.29091
2022/2/11,43495.44,42373.73,43920,41938.51,44975.1687
2022/2/12,42373.73,42217.87,43079.49,41688.88,26556.85681
2022/2/13,42217.87,42053.66,42760,41870,17732.08113
2022/2/14,42053.65,42535.94,42842.4,41550.56,34010.1306
2022/2/15,42535.94,44544.86,44751.4,42427.03,38095.19576
2022/2/16,44544.85,43873.56,44549.97,43307,28471.8727
2022/2/17,43873.56,40515.7,44164.71,40073.21,47245.99494
2022/2/18,40515.71,39974.44,40959.88,39450,43845.92241
2022/2/19,39974.45,40079.17,40444.32,39639.03,18042.0551
2022/2/20,40079.17,38386.89,40125.44,38000,33439.29011
2022/2/21,38386.89,37008.16,39494.35,36800,62347.68496
2022/2/22,37008.16,38230.33,38429,36350,53785.94589
2022/2/23,38230.33,37250.01,39249.93,37036.79,43560.732
2022/2/24,37250.02,38327.21,39843,34322.28,120476.2946
2022/2/25,38328.68,39219.17,39683.53,38014.37,56574.57125
2022/2/26,39219.16,39116.72,40348.45,38573.18,29361.2568
2022/2/27,39116.73,37699.07,39855.7,37000,46229.44719
2022/2/28,37699.08,43160,44225.84,37450.17,73945.63858
2022/3/1,43160,44421.2,44949,42809.98,61743.09873
2022/3/2,44421.2,43892.98,45400,43334.09,57782.65081
2022/3/3,43892.99,42454,44101.12,41832.28,50940.61021
2022/3/4,42454,39148.66,42527.3,38550,61964.68498
2022/3/5,39148.65,39397.96,39613.24,38407.59,30363.13341
2022/3/6,39397.97,38420.81,39693.87,38088.57,39677.26158
2022/3/7,38420.8,37988,39547.57,37155,63994.11559
2022/3/8,37988.01,38730.63,39362.08,37867.65,55528.43367
2022/3/9,38730.63,41941.71,42594.06,38656.45,67392.58799
2022/3/10,41941.7,39422,42039.63,38539.73,71950.25677
2022/3/11,39422.01,38729.57,40236.26,38223.6,59018.7642
2022/3/12,38729.57,38807.36,39486.71,38660.52,24034.36432
2022/3/13,38807.35,37777.34,39310,37578.51,32791.82359
2022/3/14,37777.35,39671.37,39947.12,37555,46945.45375
2022/3/15,39671.37,39280.33,39887.61,38098.33,46015.54926
2022/3/16,39280.33,41114,41718,38828.48,88120.76167
2022/3/17,41114.01,40917.9,41478.82,40500,37189.38087
2022/3/18,40917.89,41757.51,42325.02,40135.04,45408.00969
2022/3/19,41757.51,42201.13,42400,41499.29,29067.18108
2022/3/20,42201.13,41262.11,42296.26,40911,30653.33468
2022/3/21,41262.11,41002.25,41544.22,40467.94,39426.24877
2022/3/22,41002.26,42364.13,43361,40875.51,59454.94294
2022/3/23,42364.13,42882.76,43025.96,41751.47,40828.87039
2022/3/24,42882.76,43991.46,44220.89,42560.46,56195.12374
2022/3/25,43991.46,44313.16,45094.14,43579,54614.43648
2022/3/26,44313.16,44511.27,44792.99,44071.97,23041.61741
2022/3/27,44511.27,46827.76,46999,44421.46,41874.91071
2022/3/28,46827.76,47122.21,48189.84,46663.56,58949.2614
2022/3/29,47122.21,47434.8,48096.47,46950.85,36772.28457
2022/3/30,47434.79,47067.99,47700.22,46445.42,40947.2085
2022/3/31,47067.99,45510.34,47600,45200,48645.12667
2022/4/1,45510.35,46283.49,46720.09,44200,56271.06474
2022/4/2,46283.49,45811,47213,45620,37073.53582
2022/4/3,45810.99,46407.35,47444.11,45530.92,33394.67794
2022/4/4,46407.36,46580.51,46890.71,45118,44641.87514
2022/4/5,46580.5,45497.55,47200,45353.81,42192.74852
2022/4/6,45497.54,43170.47,45507.14,43121,60849.32936
2022/4/7,43170.47,43444.19,43900.99,42727.35,37396.54156
2022/4/8,43444.2,42252.01,43970.62,42107.14,42375.04203
2022/4/9,42252.02,42753.97,42800,42125.48,17891.66047
2022/4/10,42753.96,42158.85,43410.3,41868,22771.09403
2022/4/11,42158.85,39530.45,42414.71,39200,63560.44721
2022/4/12,39530.45,40074.94,40699,39254.63,57751.01778
2022/4/13,40074.95,41147.79,41561.31,39588.54,41341.39177
2022/4/14,41147.78,39942.38,41500,39551.94,36807.01401
2022/4/15,39942.37,40551.9,40870.36,39766.4,24026.35739
2022/4/16,40551.9,40378.71,40709.35,39991.55,15805.44718
2022/4/17,40378.7,39678.12,40595.67,39546.17,19988.49259
2022/4/18,39678.11,40801.13,41116.73,38536.51,54243.49575
2022/4/19,40801.13,41493.18,41760,40571,35788.85843
2022/4/20,41493.19,41358.19,42199,40820,40877.35041
2022/4/21,41358.19,40480.01,42976,39751,59316.27657
2022/4/22,40480.01,39709.18,40795.06,39177,46664.0196
2022/4/23,39709.19,39441.6,39980,39285,20291.42375
2022/4/24,39441.61,39450.13,39940,38929.62,26703.61186
2022/4/25,39450.12,40426.08,40616,38200,63037.12784
2022/4/26,40426.08,38112.65,40797.31,37702.26,66650.258
2022/4/27,38112.64,39235.72,39474.72,37881.31,57083.12272
2022/4/28,39235.72,39742.07,40372.63,38881.43,56086.6715
2022/4/29,39742.06,38596.11,39925.25,38175,51453.65715
2022/4/30,38596.11,37630.8,38795.38,37578.2,35321.18989
2022/5/1,37630.8,38468.35,38675,37386.38,38812.24104
2022/5/2,38468.35,38525.16,39167.34,38052,53200.92628
2022/5/3,38525.16,37728.95,38651.51,37517.8,40316.45358
2022/5/4,37728.95,39690,40023.77,37670,62574.61736
2022/5/5,39690,36552.97,39845.51,35571.9,88722.43355
2022/5/6,36552.97,36013.77,36675.63,35258,68437.80187
2022/5/7,36013.77,35472.39,36146.3,34785,34281.70682
2022/5/8,35472.4,34038.4,35514.22,33713.95,72445.64344
2022/5/9,34038.39,30076.31,34243.15,30033.33,191876.9264
2022/5/10,30074.23,31017.1,32658.99,29730.4,165532.0031
2022/5/11,31017.11,29103.94,32162.59,27785,207063.7393
2022/5/12,29103.94,29029.75,30243,26700,204507.2631
2022/5/13,29029.74,29287.05,31083.37,28751.67,97872.36957
2022/5/14,29287.05,30086.74,30343.27,28630,51095.87863
2022/5/15,30086.74,31328.89,31460,29480,46275.66912
2022/5/16,31328.89,29874.01,31328.9,29087.04,73082.19658
2022/5/17,29874.01,30444.93,30788.37,29450.38,56724.13307
2022/5/18,30444.93,28715.32,30709.99,28654.47,59749.15799
2022/5/19,28715.33,30319.23,30545.18,28691.38,67877.36415
2022/5/20,30319.22,29201.01,30777.33,28730,60517.25325
2022/5/21,29201.01,29445.06,29656.18,28947.28,20987.13124
2022/5/22,29445.07,30293.94,30487.99,29255.11,36158.98748
2022/5/23,30293.93,29109.15,30670.51,28866.35,63901.49932
2022/5/24,29109.14,29654.58,29845.86,28669,59442.96036
2022/5/25,29654.58,29542.15,30223.74,29294.21,59537.38659
2022/5/26,29542.14,29201.35,29886.64,28019.56,94581.65463
2022/5/27,29201.35,28629.8,29397.66,28282.9,90998.5201
2022/5/28,28629.81,29031.33,29266,28450,34479.35127
2022/5/29,29031.33,29468.1,29587.78,28839.21,27567.34764
2022/5/30,29468.1,31734.22,32222,29299.62,96785.9476
2022/5/31,31734.23,31801.04,32399,31200.01,62433.11632
2022/6/1,31801.05,29805.83,31982.97,29301,103395.6338
2022/6/2,29805.84,30452.62,30689,29594.55,56961.42928
2022/6/3,30452.63,29700.21,30699,29282.36,54067.44727
2022/6/4,29700.21,29864.04,29988.88,29485,25617.90113
2022/6/5,29864.03,29919.21,30189,29531.42,23139.9281
2022/6/6,29919.2,31373.1,31765.64,29890.23,68836.92456
2022/6/7,31373.1,31125.33,31589.6,29218.96,110674.5166
2022/6/8,31125.32,30204.77,31327.22,29843.88,68542.61276
2022/6/9,30204.77,30109.93,30700,29944.1,46291.1865
2022/6/10,30109.93,29091.88,30382.8,28850,76204.2498
2022/6/11,29091.87,28424.7,29440.41,28099.99,65901.39895
2022/6/12,28424.71,26574.53,28544.96,26560,92474.59881
2022/6/13,26574.53,22487.41,26895.84,21925.77,254611.035
2022/6/14,22485.27,22136.41,23362.88,20846,187201.6467
2022/6/15,22136.42,22583.72,22800,20111.62,200774.4935
2022/6/16,22583.72,20401.31,22995.73,20232,99673.59429
2022/6/17,20400.6,20468.81,21365.43,20246.66,86694.33663
2022/6/18,20468.81,18970.79,20792.06,17622,196441.6555
2022/6/19,18970.79,20574,20815.95,17960.41,128320.876
2022/6/20,20574,20573.89,21090,19637.03,109028.9415
2022/6/21,20573.9,20723.52,21723,20348.4,104371.0749
2022/6/22,20723.51,19987.99,20900,19770.51,92133.97938
2022/6/23,19988,21110.13,21233,19890.07,83127.08716
2022/6/24,21110.12,21237.69,21558.41,20736.72,77430.36622
2022/6/25,21237.68,21491.19,21614.5,20906.62,51431.67794
2022/6/26,21491.18,21038.07,21888,20964.73,53278.10464
2022/6/27,21038.08,20742.56,21539.85,20510,64475.0013
2022/6/28,20742.57,20281.29,21212.1,20202.01,63801.0832
2022/6/29,20281.28,20123.01,20432.31,19854.92,77309.04379
2022/6/30,20123,19942.21,20179.08,18626,93846.64806
2022/7/1,19942.21,19279.8,20918.35,18975,111844.5949
2022/7/2,19279.8,19252.81,19467.39,18977.01,46180.3021
2022/7/3,19252.82,19315.83,19647.63,18781,51087.46631
2022/7/4,19315.83,20236.71,20354.01,19055.31,74814.04601
2022/7/5,20236.71,20175.83,20750,19304.4,96041.13756
2022/7/6,20175.84,20564.51,20675.22,19761.25,82439.5808
2022/7/7,20564.51,21624.98,21838.1,20251.68,85014.58261
2022/7/8,21624.99,21594.75,22527.37,21189.26,403081.5735
2022/7/9,21594.75,21591.83,21980,21322.12,178417.8447
2022/7/10,21592.15,20862.47,21607.65,20655,192188.2156
2022/7/11,20861.11,19963.61,20868.48,19875.23,137535.4072
2022/7/12,19963.61,19328.75,20059.42,19240,139506.4586
2022/7/13,19331.28,20234.87,20366.61,18910.94,209250.2489
2022/7/14,20234.87,20588.84,20900,19616.07,174809.217
2022/7/15,20588.84,20830.04,21200,20382.29,143343.3049
2022/7/16,20830.04,21195.6,21588.94,20478.61,121011.6739
2022/7/17,21195.6,20798.16,21684.54,20750.01,118229.4525
2022/7/18,20799.58,22432.58,22777.63,20762.45,239942.7313
2022/7/19,22432.58,23396.62,23800,21579.54,263770.7657
2022/7/20,23398.48,23223.3,24276.74,22906.19,238762.1709
2022/7/21,23223.3,23152.19,23442.77,22341.46,184817.6819
2022/7/22,23152.19,22684.83,23756.49,22500,171598.4397
2022/7/23,22684.83,22451.07,23000.77,21934.57,122137.7738
2022/7/24,22448.58,22579.68,23014.64,22257.15,115189.6728
2022/7/25,22577.13,21310.9,22666,21250,180344.7664
2022/7/26,21310.9,21254.67,21347.82,20706.5,177817.2433
2022/7/27,21254.67,22952.45,23112.63,21042.53,210971.198
2022/7/28,22954.31,23842.93,24199.72,22582.13,236029.0741
2022/7/29,23845.25,23773.75,24442.66,23414.03,198298.5062
2022/7/30,23777.28,23643.51,24668,23502.25,151060.1321
2022/7/31,23644.64,23293.32,24194.82,23227.31,127743.3248
2022/8/1,23296.36,23268.01,23509.68,22850,144210.1622
2022/8/2,23266.9,22987.79,23459.89,22654.37,158073.2823
2022/8/3,22985.93,22818.37,23647.68,22681.22,145948.81
2022/8/4,22816.91,22622.98,23223.32,22400,154854.6702
2022/8/5,22622.41,23312.42,23472.86,22586.95,175251.6975
2022/8/6,23313.56,22954.21,23354.36,22909.52,83911.80307
2022/8/7,22954.21,23174.39,23402,22844.62,88890.00877
2022/8/8,23174.39,23810,24245,23154.25,170958.4415
2022/8/9,23810.98,23149.95,23933.25,22865,143182.5086
2022/8/10,23151.32,23954.05,24226,22664.69,208916.5495
2022/8/11,23954.05,23934.39,24918.54,23852.13,249759.7956
2022/8/12,23933.09,24403.68,24456.5,23583,174207.5704
2022/8/13,24401.7,24441.38,24888,24291.22,152852.2544
2022/8/14,24443.06,24305.24,25047.56,24144,151206.1447
2022/8/15,24305.25,24094.82,25211.32,23773.22,242539.5476
2022/8/16,24093.04,23854.74,24247.49,23671.22,179324.9482
2022/8/17,23856.15,23342.66,24446.71,23180.4,210668.6877
2022/8/18,23342.66,23191.2,23600,23111.04,144185.9701
2022/8/19,23191.45,20834.39,23208.67,20783.57,283995.8775
2022/8/20,20834.39,21140.07,21382.85,20761.9,183041.6836
2022/8/21,21140.07,21515.61,21800,21069.11,159200.6841
2022/8/22,21516.7,21399.83,21548.71,20890.18,222222.0453
2022/8/23,21400.75,21529.12,21684.87,20890.14,200967.7716
2022/8/24,21529.11,21368.08,21900,21145,174383.2205
2022/8/25,21368.05,21559.04,21819.88,21310.15,169915.783
2022/8/26,21559.04,20241.05,21886.77,20107.9,273811.6196
2022/8/27,20239.14,20037.6,20402.93,19800,162582.4603
2022/8/28,20037.6,19555.61,20171.18,19520,139307.9598
2022/8/29,19555.61,20285.73,20433.62,19550.79,210509.4955
2022/8/30,20287.2,19811.66,20576.25,19540,256634.3553
2022/8/31,19813.03,20050.02,20490,19797.94,276946.6077
2022/9/1,20048.44,20131.46,20208.37,19565.66,245289.9726
2022/9/2,20132.64,19951.86,20441.26,19755.29,245986.6033
2022/9/3,19950.98,19831.9,20055.93,19652.72,146639.032
2022/9/4,19832.45,20000.3,20029.23,19583.1,145588.7789
2022/9/5,20000.3,19796.84,20057.27,19633.83,222543.0106
2022/9/6,19795.34,18790.61,20180,18649.51,356315.0572
2022/9/7,18790.61,19292.84,19464.06,18510.77,287394.7788
2022/9/8,19292.85,19319.77,19458.25,19012,262813.2827
2022/9/9,19320.54,21360.11,21597.22,19291.75,428919.7465
2022/9/10,21361.62,21648.34,21810.8,21111.13,307997.335
2022/9/11,21647.21,21826.87,21860,21350,280702.5515
2022/9/12,21826.87,22395.74,22488,21538.51,395395.6183
2022/9/13,22395.44,20173.57,22799,19860,431915.0333
2022/9/14,20173.62,20226.71,20541.48,19617.62,340826.4015
2022/9/15,20227.17,19701.88,20330.24,19497,333069.7608
2022/9/16,19701.88,19803.3,19890,19320.01,283791.0706
2022/9/17,19803.3,20113.62,20189,19748.08,179350.2434
2022/9/18,20112.61,19416.18,20117.26,19335.62,254217.469
2022/9/19,19417.45,19537.02,19686.2,18232.56,380512.4031
2022/9/20,19537.02,18875,19634.62,18711.87,324098.3286
2022/9/21,18874.31,18461.36,19956,18125.98,385034.1002
2022/9/22,18461.36,19401.63,19550.17,18356.39,379321.7211
2022/9/23,19401.63,19289.91,19500,18531.42,385886.9183
2022/9/24,19288.57,18920.5,19316.14,18805.34,239496.5675
2022/9/25,18921.99,18807.38,19180.21,18629.2,191191.4492
2022/9/26,18809.13,19227.82,19318.96,18680.72,439239.2194
2022/9/27,19226.68,19079.13,20385.86,18816.32,593260.7416
2022/9/28,19078.1,19412.82,19790,18471.28,521385.4555
2022/9/29,19412.82,19591.51,19645.52,18843.01,406424.9326
2022/9/30,19590.54,19422.61,20185,19155.36,444322.9534
2022/10/1,19422.61,19310.95,19484,19159.42,165625.1396
2022/10/2,19312.24,19056.8,19395.91,18920.35,206812.4703
2022/10/3,19057.74,19629.08,19719.1,18959.68,293585.7521
2022/10/4,19629.08,20337.82,20475,19490.6,327012.0013
2022/10/5,20337.82,20158.26,20365.6,19730,312239.7522
2022/10/6,20158.26,19960.67,20456.6,19853,320122.1702
2022/10/7,19960.67,19530.09,20068.82,19320,220874.8391
2022/10/8,19530.09,19417.96,19627.38,19237.14,102480.0984
2022/10/9,19416.52,19439.02,19558,19316.04,113900.8268
2022/10/10,19439.96,19131.87,19525,19020.25,212509.0985
2022/10/11,19131.87,19060,19268.09,18860,243473.8429
2022/10/12,19060,19155.53,19238.31,18965.88,213826.2673
2022/10/13,19155.1,19375.13,19513.79,18190,399756.6834
2022/10/14,19375.58,19176.93,19951.87,19070.37,351634.326
2022/10/15,19176.93,19069.39,19227.68,18975.18,113847.6423
2022/10/16,19068.4,19262.98,19425.84,19063.74,131894.6189
2022/10/17,19262.98,19549.86,19676.96,19152.03,222813.8763
2022/10/18,19548.48,19327.44,19706.66,19091,260313.0785
2022/10/19,19327.44,19123.97,19360.16,19065.97,186137.2954
2022/10/20,19123.35,19041.92,19347.82,18900,223530.1307
2022/10/21,19041.92,19164.37,19250,18650,269310.7577
2022/10/22,19164.37,19204.35,19257,19112.72,110403.9084
2022/10/23,19204.29,19570.4,19695,19070.11,167057.2018
2022/10/24,19570.4,19329.72,19601.15,19157,256168.1447
2022/10/25,19330.6,20080.07,20415.87,19237,326370.6706
2022/10/26,20079.02,20771.59,21020,20050.41,380492.6958
2022/10/27,20771.61,20295.11,20872.21,20200,328643.5779
2022/10/28,20295.11,20591.84,20750,20000.09,287039.9457
2022/10/29,20591.84,20809.67,21085,20554.01,254881.7776
2022/10/30,20809.68,20627.48,20931.21,20515,192795.6089
2022/10/31,20627.48,20490.74,20845.92,20237.95,303567.6163
2022/11/1,20490.74,20483.62,20700,20330.74,279932.4377
2022/11/2,20482.81,20151.84,20800,20048.04,373716.273
2022/11/3,20151.84,20207.82,20393.32,20031.24,319185.1544
2022/11/4,20207.12,21148.52,21302.05,20180.96,453694.3917
2022/11/5,21148.52,21299.37,21480.65,21080.65,245621.9853
2022/11/6,21299.37,20905.58,21365.27,20886.13,230036.9722
2022/11/7,20905.58,20591.13,21069.77,20384.89,386977.6034
2022/11/8,20590.67,18547.23,20700.88,17166.83,760705.3628
2022/11/9,18545.38,15922.81,18587.76,15588,731926.9297
2022/11/10,15922.68,17601.15,18199,15754.26,608448.3643
2022/11/11,17602.45,17070.31,17695,16361.6,393552.8649
2022/11/12,17069.98,16812.08,17119.1,16631.39,167819.9604
2022/11/13,16813.16,16329.85,16954.28,16229,184960.7885
2022/11/14,16331.78,16619.46,17190,15815.21,380210.7775
2022/11/15,16617.72,16900.57,17134.69,16527.72,282461.8439
2022/11/16,16900.57,16662.76,17015.92,16378.61,261493.4081
2022/11/17,16661.61,16692.56,16751,16410.74,228038.9787
2022/11/18,16692.56,16700.45,17011,16546.04,214224.1818
2022/11/19,16699.43,16700.68,16822.41,16553.53,104963.1556
2022/11/20,16700.68,16280.23,16753.33,16180,154842.1348
2022/11/21,16279.5,15781.29,16319,15476,324096.9978
2022/11/22,15781.29,16226.94,16315,15616.63,239548.0662
2022/11/23,16227.96,16603.11,16706,16160.2,264927.7041
2022/11/24,16603.11,16598.95,16812.63,16458.05,206565.9235
2022/11/25,16599.55,16522.14,16666,16342.81,182089.4953
2022/11/26,16521.35,16458.57,16701.99,16385,181804.8167
2022/11/27,16457.61,16428.78,16600,16401,162025.4761
2022/11/28,16428.77,16212.91,16487.04,15995.27,252695.4037
2022/11/29,16212.18,16442.53,16548.71,16100,248106.2501
2022/11/30,16442.91,17163.64,17249,16428.3,303019.8072
2022/12/1,17165.53,16977.37,17324,16855.01,232818.1822
2022/12/2,16978,17092.74,17105.73,16787.85,202372.2062
2022/12/3,17092.13,16885.2,17188.98,16858.74,154542.5731
2022/12/4,16885.2,17105.7,17202.84,16878.25,178619.1339
2022/12/5,17106.65,16966.35,17424.25,16867,233703.2923
2022/12/6,16966.35,17088.96,17107.01,16906.37,218730.7688
2022/12/7,17088.96,16836.64,17142.21,16678.83,220657.4133
2022/12/8,16836.64,17224.1,17299,16733.49,236417.978
2022/12/9,17224.1,17128.56,17360,17058.21,238422.0647
2022/12/10,17128.56,17127.49,17227.72,17092,140573.9794
2022/12/11,17127.49,17085.05,17270.99,17071,155286.4787
2022/12/12,17085.05,17209.83,17241.89,16871.85,226227.4969
2022/12/13,17208.93,17774.7,18000,17080.14,284462.9139
2022/12/14,17775.82,17803.15,18387.95,17660.94,266681.2221
2022/12/15,17804.01,17356.34,17854.82,17275.51,223701.9688
2022/12/16,17356.96,16632.12,17531.73,16527.32,253379.0412
2022/12/17,16631.5,16776.52,16796.82,16579.85,144825.6668
2022/12/18,16777.54,16738.21,16863.26,16663.07,112619.3165
2022/12/19,16739,16438.88,16815.99,16256.3,179094.2831
2022/12/20,16438.88,16895.56,17061.27,16397.2,248808.9232
2022/12/21,16896.15,16824.67,16925,16723,156810.9636
2022/12/22,16824.68,16821.43,16868.52,16559.85,176044.2723
2022/12/23,16821.9,16778.5,16955.14,16731.13,161612.0095
2022/12/24,16778.52,16836.12,16869.99,16776.62,100224.291
2022/12/25,16835.73,16832.11,16857.96,16721,125441.072
2022/12/26,16832.11,16919.39,16944.52,16791,124564.0066
2022/12/27,16919.39,16706.36,16972.83,16592.37,173749.5862
2022/12/28,16706.06,16547.31,16785.19,16465.33,193037.5658
2022/12/29,16547.32,16633.47,16664.41,16488.91,160998.4716
2022/12/30,16633.47,16607.48,16677.35,16333,164916.3117
2022/12/31,16607.48,16542.4,16644.09,16470,114490.4286
2023/1/1,16541.77,16616.75,16628,16499.01,96925.41374
2023/1/2,16617.17,16672.87,16799.23,16548.7,121888.5719
2023/1/3,16672.78,16675.18,16778.4,16605.28,159541.5373
2023/1/4,16675.65,16850.36,16991.87,16652.66,220362.1886
2023/1/5,16850.36,16831.85,16879.82,16753,163473.5664
2023/1/6,16831.85,16950.65,17041,16679,207401.2842
2023/1/7,16950.31,16943.57,16981.91,16908,104526.5688
2023/1/8,16943.83,17127.83,17176.99,16911,135155.897
2023/1/9,17127.83,17178.26,17398.8,17104.66,266211.5272
2023/1/10,17179.04,17440.66,17499,17146.34,221382.4258
2023/1/11,17440.64,17943.26,18000,17315.6,262221.6065
2023/1/12,17943.26,18846.62,19117.04,17892.05,454568.3218
2023/1/13,18846.62,19930.01,20000,18714.12,368615.8782
2023/1/14,19930.01,20954.92,21258,19888.05,393913.7495
2023/1/15,20952.76,20871.5,21050.74,20551.01,178542.2255
2023/1/16,20872.99,21185.65,21474.05,20611.48,293078.0826
2023/1/17,21185.65,21134.81,21647.45,20841.31,275407.7441
2023/1/18,21132.29,20677.47,21650,20407.15,350916.0195
2023/1/19,20677.47,21071.59,21192,20659.19,251385.8493
2023/1/20,21071.59,22667.21,22755.93,20861.28,338079.1366
2023/1/21,22666,22783.55,23371.8,22422,346445.4843
2023/1/22,22783.35,22707.88,23078.71,22292.37,253577.7529
2023/1/23,22706.02,22916.45,23180,22500,293588.3794
2023/1/24,22917.81,22632.89,23162.2,22462.93,293158.7825
2023/1/25,22631.94,23060.94,23816.73,22300,346042.8322
2023/1/26,23060.42,23009.65,23282.47,22850.01,288924.4358
2023/1/27,23009.65,23074.16,23500,22534.88,280833.8632
2023/1/28,23074.16,23022.6,23189,22878.46,148115.7109
2023/1/29,23021.4,23742.3,23960.54,22967.76,295688.792
2023/1/30,23743.37,22826.15,23800.51,22500,302405.9012
2023/1/31,22827.38,23125.13,23320,22714.77,264649.3491
2023/2/1,23125.13,23732.66,23812.66,22760.23,310790.4227
2023/2/2,23731.41,23488.94,24255,23363.27,364177.2075
2023/2/3,23489.33,23431.9,23715.7,23204.62,332571.029
2023/2/4,23431.9,23326.84,23587.78,23253.96,166126.473
2023/2/5,23327.66,22932.91,23433.33,22743,209251.3392
2023/2/6,22932.91,22762.52,23158.25,22628.13,265371.6069
2023/2/7,22762.52,23240.46,23350.25,22745.78,308006.7248
2023/2/8,23242.42,22963,23452,22665.85,280056.3072
2023/2/9,22961.85,21796.35,23011.39,21688,402894.6955
2023/2/10,21797.83,21625.19,21938.16,21451,338591.9425
2023/2/11,21625.19,21862.55,21906.32,21599.78,177021.5843
2023/2/12,21862.02,21783.54,22090,21630,204435.6516
2023/2/13,21782.37,21773.97,21894.99,21351.07,295730.7679
2023/2/14,21774.63,22199.84,22319.08,21532.77,361958.4011
2023/2/15,22199.84,24324.05,24380,22047.28,375669.1611
2023/2/16,24322.87,23517.72,25250,23505.25,450080.6837
2023/2/17,23517.72,24569.97,25021.11,23339.37,496813.2138
2023/2/18,24568.24,24631.95,24877,24430,216917.2521
2023/2/19,24632.05,24271.76,25192,24192.57,300395.9954
2023/2/20,24272.51,24842.2,25121.23,23840.83,346938.57
2023/2/21,24843.89,24452.16,25250,24148.34,376000.8287
2023/2/22,24450.67,24182.21,24476.05,23574.69,379425.7537
2023/2/23,24182.21,23940.2,24599.59,23608,398400.4544
2023/2/24,23940.2,23185.29,24132.35,22841.19,343582.5745
2023/2/25,23184.04,23157.07,23219.13,22722,191311.8101
2023/2/26,23157.07,23554.85,23689.99,23059.18,202323.7362
2023/2/27,23554.85,23492.09,23897.99,23106.77,283706.0859
2023/2/28,23492.09,23141.57,23600,23020.97,264140.9989
2023/3/1,23141.57,23628.97,24000,23020.03,315287.4174
2023/3/2,23629.76,23465.32,23796.93,23195.9,239315.4522
2023/3/3,23465.32,22354.34,23476.95,21971.13,319954.1979
2023/3/4,22354.34,22346.57,22410,22157.08,121257.3813
2023/3/5,22346.57,22430.24,22662.09,22189.22,154841.7579
2023/3/6,22430.24,22410,22602.19,22258,203751.8296
2023/3/7,22409.41,22197.96,22557.91,21927,292519.8091
2023/3/8,22198.56,21705.44,22287,21580,301460.5727
2023/3/9,21704.37,20362.22,21834.99,20042.72,443658.2858
2023/3/10,20362.21,20150.69,20367.78,19549.09,618456.4671
2023/3/11,20150.69,20455.73,20686.51,19765.03,427831.8213
2023/3/12,20455.73,21997.11,22150,20270.6,430944.9429
2023/3/13,21998.05,24113.48,24500,21813.88,687889.3126
2023/3/14,24112.27,24670.41,26386.87,23976.42,699360.9342
2023/3/15,24670.41,24285.66,25196.97,23896.95,581450.7298
2023/3/16,24285.66,24998.78,25167.4,24123,439421.33
2023/3/17,24998.78,27395.13,27756.84,24890,624460.6809
2023/3/18,27395.13,26907.49,27724.85,26578,371238.9717
2023/3/19,26907.49,27972.87,28390.1,26827.22,372066.9905
2023/3/20,27972.87,27717.01,28472,27124.47,477378.2337
2023/3/21,27717.01,28105.47,28438.55,27303.1,420929.7422
2023/3/22,28107.81,27250.97,28868.05,26601.8,224113.413
2023/3/23,27250.97,28295.41,28750,27105,128649.6082
2023/3/24,28295.42,27454.47,28374.3,27000,86242.06544
2023/3/25,27454.46,27462.95,27787.33,27156.09,50844.08102
2023/3/26,27462.96,27968.05,28194.4,27417.76,49671.70353
2023/3/27,27968.05,27124.91,28023.86,26508.14,88039.46898
2023/3/28,27124.9,27261.07,27520,26631.78,78602.44341
2023/3/29,27261.06,28348.6,28650,27240.1,89486.16008
2023/3/30,28348.6,28028.53,29184.68,27686,98865.43256
2023/3/31,28028.53,28465.36,28656.69,27511.71,78198.12139
2023/4/1,28465.36,28452.73,28819.71,28220.27,30238.44753
2023/4/2,28452.74,28171.87,28530,27856.43,37365.65692
2023/4/3,28171.87,27800,28500.99,27200.24,79180.01405
2023/4/4,27800,28165.47,28444.44,27662.79,49722.55691
2023/4/5,28165.47,28170.01,28775,27805.1,60737.64732
2023/4/6,28170.01,28033.82,28182.05,27711,40118.94963
2023/4/7,28033.83,27906.33,28100,27766.94,24762.09387
2023/4/8,27906.34,27938.38,28154.99,27859.02,19479.96735
2023/4/9,27938.38,28323.76,28530,27800,32531.16101
2023/4/10,28323.76,29637.34,29770,28170,67754.0622
2023/4/11,29637.35,30200.42,30550,29590,67990.07621
2023/4/12,30200.43,29888.07,30486,29637.4,62049.48451
2023/4/13,29888.07,30373.84,30595,29854.59,51934.11731
2023/4/14,30373.84,30466.93,31000,29966,75984.19452
2023/4/15,30466.93,30295.09,30595.6,30202,25429.81247
2023/4/16,30295.1,30304.65,30549.99,30120,26431.99322
2023/4/17,30304.66,29430.27,30316.06,29240.65,56441.81127
2023/4/18,29430.27,30380.01,30485,29096.78,62004.89434
2023/4/19,30380.01,28797.1,30413.53,28520,86575.48656
2023/4/20,28797.1,28243.65,29088.3,28010,76879.09372
2023/4/21,28243.65,27262.84,28374.02,27125,77684.7679
2023/4/22,27262.84,27816.85,27882.72,27140.35,36023.69686
2023/4/23,27816.85,27590.6,27816.85,27311.25,34812.09581
2023/4/24,27590.59,27510.93,28000,26942.82,53111.56874
2023/4/25,27510.93,28300.79,28399.99,27192,52325.14637
2023/4/26,28300.8,28415.29,30036,27235,129228.404
2023/4/27,28415.29,29472.77,29890,28378.86,95430.82431
2023/4/28,29472.77,29311.7,29599.54,28891,54298.16578
2023/4/29,29311.69,29230.45,29448.88,29031,20466.83058
2023/4/30,29230.45,29233.21,29969.39,29079.59,39752.5372
2023/5/1,29233.2,28068.26,29337.34,27666.95,64433.65958
2023/5/2,28068.26,28669.86,28879.88,27872,50824.5224
2023/5/3,28669.85,29026.16,29266.66,28113.69,64615.79213
2023/5/4,29026.16,28838.16,29379.83,28663.64,42575.47501
2023/5/5,28838.16,29505.61,29677,28800,58415.83048
2023/5/6,29505.6,28848.2,29820,28300,49249.28459
2023/5/7,28848.19,28430.1,29138.29,28395.23,30003.41028
2023/5/8,28430.09,27668.79,28631.01,27262,68244.36179
2023/5/9,27668.8,27628.27,27818,27353,40113.31069
2023/5/10,27628.28,27598.75,28331.42,26777,71155.11355
2023/5/11,27598.74,26968.62,27630.14,26702.05,47635.31365
2023/5/12,26968.61,26795.01,27091.12,25811.46,67207.93494
2023/5/13,26795.01,26775.28,27045.45,26692.03,22814.90421
2023/5/14,26775.27,26917.62,27200,26560.53,21594.8036
2023/5/15,26917.61,27162.14,27663.59,26726,40430.08333
2023/5/16,27162.15,27033.84,27296.89,26852.11,33270.45451
2023/5/17,27033.85,27405.61,27500,26544.71,42958.97785
2023/5/18,27405.62,26821.28,27485.33,26361.2,49198.65143
2023/5/19,26821.28,26880.26,27183.6,26630,28754.13544
2023/5/20,26880.26,27102.43,27150,26825.11,14434.54718
2023/5/21,27102.42,26747.78,27277.55,26666.03,21347.87279
2023/5/22,26747.78,26849.27,27099.89,26538.21,26458.83828
2023/5/23,26849.28,27219.61,27495.83,26798.11,38700.83858
2023/5/24,27219.61,26329.01,27219.61,26080.5,54393.0657
2023/5/25,26329,26473.79,26631.98,25871.89,37435.44895
2023/5/26,26473.8,26705.92,26932.16,26327.24,35061.18713
2023/5/27,26705.93,26854.27,26895,26551,15095.6867
2023/5/28,26854.28,28065,28261.32,26764.36,43916.00855
2023/5/29,28065.01,27736.4,28447.14,27524.6,42385.41945
2023/5/30,27736.39,27694.4,28038.59,27554,32686.75371
2023/5/31,27694.39,27210.35,27835.51,26839.01,46588.80573
2023/6/1,27210.36,26817.93,27350,26605.05,39217.8088
2023/6/2,26817.93,27242.59,27300,26505,36380.90269
2023/6/3,27242.59,27069.22,27333.29,26914.93,16595.34117
2023/6/4,27069.22,27115.21,27455.02,26951,19258.41049
2023/6/5,27115.2,25728.2,27129.33,25388,65805.60305
2023/6/6,25728.2,27230.08,27355.33,25351.02,68392.60438
2023/6/7,27230.07,26339.34,27391.77,26125.01,59619.44364
2023/6/8,26339.34,26498.61,26810,26210,31075.51083
2023/6/9,26498.62,26477.81,26783.33,26269.91,27934.7097
2023/6/10,26477.8,25841.21,26533.87,25358,64944.60108
2023/6/11,25841.22,25925.55,26206.88,25634.7,30014.29595
2023/6/12,25925.54,25905.19,26106.48,25602.11,29900.50893
2023/6/13,25905.2,25934.25,26433.21,25712.57,41065.60853
2023/6/14,25934.24,25128.6,26098,24820.56,45077.31608
2023/6/15,25128.6,25598.49,25759.01,24800,48664.86063
2023/6/16,25598.49,26345,26518,25175.56,51596.91662
2023/6/17,26345.01,26516.99,26839.99,26181,27842.2195
2023/6/18,26516.99,26339.97,26700,26255.85,21538.31022
2023/6/19,26339.98,26844.35,27068.09,26256.61,35872.65974
2023/6/20,26844.35,28307.99,28402.74,26652,69666.95525
2023/6/21,28308,29993.89,30800,28257.99,108926.4041
2023/6/22,29993.89,29884.92,30500,29525.61,59054.5646
2023/6/23,29884.92,30688.5,31431.94,29800,73931.89635
2023/6/24,30688.51,30527.43,30800,30250,30513.30135
2023/6/25,30527.44,30462.66,31046.01,30277.49,30223.44801
2023/6/26,30462.67,30267.99,30666,29930,45180.41489
2023/6/27,30267.99,30692.44,30994.97,30226.17,42699.64157
2023/6/28,30692.44,30077.41,30709.74,29858.8,40463.51937
2023/6/29,30077.4,30447.31,30843.98,30049.98,36330.62903
2023/6/30,30447.31,30472,31282,29500,89419.07618
2023/7/1,30471.99,30585.9,30661.6,30320.57,17501.75075
2023/7/2,30585.9,30617.03,30791,30155,23286.41019
2023/7/3,30617.02,31156.2,31380,30570.27,43761.64311
2023/7/4,31156.2,30766.51,31350.69,30620,33206.11943
2023/7/5,30766.52,30504.81,30878.07,30200,33215.67122
2023/7/6,30504.8,29895.43,31500,29850.45,71319.6261
2023/7/7,29895.42,30344.7,30449,29701.02,34070.53895
2023/7/8,30344.7,30284.63,30386.81,30044.47,13094.59042
2023/7/9,30284.63,30160.71,30445.52,30061.12,15388.50196
2023/7/10,30160.71,30411.57,31045.78,29950,41262.87652
2023/7/11,30411.57,30622.1,30813.63,30300,28476.83311
2023/7/12,30622.1,30380,30983.25,30210,38108.99669
2023/7/13,30380,31454.23,31804.2,30251,70772.51836
2023/7/14,31454.23,30312.01,31630,29900,60749.48424
2023/7/15,30312,30289.52,30390.9,30200,14118.55329
2023/7/16,30289.52,30231.99,30441.46,30064.29,15760.1281
2023/7/17,30232,30138,30336.96,29659.2,30882.76839
2023/7/18,30138.01,29859.13,30239.78,29512,30003.8601
2023/7/19,29859.14,29909.21,30189.09,29761.96,25657.36137
2023/7/20,29909.21,29800,30417.46,29570.96,37540.68193
2023/7/21,29800,29901.72,30061.7,29726.34,23881.40865
2023/7/22,29901.72,29794,29999,29625.1,14660.40467
2023/7/23,29793.99,30083.75,30350,29730,18292.78637
2023/7/24,30083.75,29176.5,30099.58,28861.9,39628.99691
2023/7/25,29176.5,29228.91,29376,29047.65,21565.7478
2023/7/26,29228.91,29351.96,29690,29096.94,33931.63366
2023/7/27,29351.95,29222.78,29567.49,29083.85,22476.47626
2023/7/28,29222.78,29314.14,29542.22,29123.12,23993.61627
2023/7/29,29314.14,29352.9,29406.92,29256.18,10851.36844
2023/7/30,29352.9,29281.09,29449,29033.24,15706.97441
2023/7/31,29281.09,29232.25,29530,29101.8,22605.48964
2023/8/1,29232.26,29705.99,29739.25,28585.7,44719.65162
2023/8/2,29705.99,29186.01,30047.5,28927.5,48181.65141
2023/8/3,29186,29193.64,29433.33,28968,26476.91994
2023/8/4,29193.65,29113.99,29333.08,28807.54,23551.95217
2023/8/5,29114,29072.13,29152.23,28978.64,11645.52018
2023/8/6,29072.13,29088.42,29205.09,28991.88,13178.1972
2023/8/7,29088.43,29211.06,29276.78,28701.03,30966.87746
2023/8/8,29211.06,29770.42,30244,29146.45,45700.53392
2023/8/9,29770.41,29581.99,30160,29376.67,38003.88725
2023/8/10,29581.99,29455.75,29738,29320.2,23463.45373
2023/8/11,29455.76,29426.03,29564.52,29252.45,20637.0443
2023/8/12,29426.02,29430.17,29481.35,29381.56,8971.48068
2023/8/13,29430.18,29303.84,29474.65,29272.32,11101.70947
2023/8/14,29303.85,29430.93,29695.32,29102.45,31443.11532
2023/8/15,29430.92,29200,29499.26,29059.6,27503.87691
2023/8/16,29200.01,28730.51,29259.85,28723.08,32996.69854
2023/8/17,28730.51,26623.41,28783.48,25166,100271.5403
2023/8/18,26623.41,26054,26832.6,25619,69790.65711
2023/8/19,26054,26100.01,26281,25801.09,26160.75343
2023/8/20,26100.01,26189.99,26299,25971.05,19056.91209
2023/8/21,26190,26126.92,26258.42,25812,30267.24233
2023/8/22,26126.92,26056,26139.42,25300,34247.06688
2023/8/23,26055.99,26432.72,26819.27,25812.82,44023.69978
2023/8/24,26432.71,26180.05,26577.87,25864,30205.22116
2023/8/25,26180.05,26060.01,26314.05,25777.15,27753.33772
2023/8/26,26060,26017.37,26125.77,25985.92,10022.22322
2023/8/27,26017.38,26101.77,26182.23,25966.11,12099.64216
2023/8/28,26101.78,26120,26253.99,25864.5,22692.62655
2023/8/29,26120,27716.34,28142.85,25922,74251.99488
2023/8/30,27716.34,27299.99,27768.57,27017.24,35448.25848
2023/8/31,27299.99,25940.78,27587.51,25655.01,51032.80401
2023/9/1,25940.77,25805.05,26156,25333.75,41032.15056
2023/9/2,25805.04,25869.51,25987.5,25752.47,16250.77698
2023/9/3,25869.52,25971.21,26135,25800,17474.47667
2023/9/4,25971.21,25826.02,26108.02,25631.21,21777.59609
2023/9/5,25826.03,25792.1,25915.49,25562.62,21323.39337
2023/9/6,25792.11,25759.95,26040,25372.51,27262.52386
2023/9/7,25759.95,26255,26443.14,25615.38,27687.49567
2023/9/8,26255,25910.5,26445.5,25647.26,28999.76471
2023/9/9,25910.5,25901.61,25945.09,25796.64,10980.62277
2023/9/10,25901.6,25841.61,26033.66,25570.57,18738.26914
2023/9/11,25841.6,25162.52,25900.69,24901,41682.32
2023/9/12,25162.53,25840.1,26567,25131.48,56434.38537
2023/9/13,25840.1,26222,26405.22,25764.17,31610.82753
2023/9/14,26222,26522.73,26860.49,26126.77,38333.1725
2023/9/15,26522.73,26600,26888,26224,26227.29369
2023/9/16,26599.99,26559.67,26777,26445,13960.93351
2023/9/17,26559.67,26527.51,26623.25,26399,12998.10277
2023/9/18,26527.5,26762.51,27409,26377.35,43000.43256
2023/9/19,26762.5,27210.26,27483.57,26667.79,36190.52187
2023/9/20,27210.25,27125,27388.63,26800,34207.21867
2023/9/21,27125.01,26568.08,27159.6,26377.7,34476.82662
2023/9/22,26568.08,26580.14,26743.38,26468.77,18198.2292
2023/9/23,26580.14,26575.96,26632.81,26509,9440.7026
2023/9/24,26575.97,26248.38,26738.54,26122.08,15706.65771
2023/9/25,26248.39,26304.81,26446.15,25990.46,26266.2039
2023/9/26,26304.8,26221.67,26397.46,26088.34,18495.35066
2023/9/27,26221.68,26372.99,26850,26112.06,34771.57978
2023/9/28,26373,27021.39,27308.48,26342.4,44517.83491
2023/9/29,27021.39,26906.96,27244.89,26665.16,28478.76219
2023/9/30,26906.96,26962.56,27094.99,26886.31,12804.62307
2023/10/1,26962.57,27992.57,28065.51,26954.09,24602.81468
2023/10/2,27992.58,27494.51,28580,27281.44,57071.14241
2023/10/3,27494.51,27426.46,27676.52,27160.5,28928.96555
2023/10/4,27426.45,27778.57,27839.72,27202,29816.142
2023/10/5,27778.57,27410.39,28120.39,27352,30681.49619
2023/10/6,27410.39,27931.09,28295,27175.94,37983.24277
2023/10/7,27931.1,27956.67,28029.67,27842.08,13348.83825
2023/10/8,27956.67,27917.05,28095.14,27687.5,19693.56921
2023/10/9,27917.06,27590.12,27987.93,27260,31534.74639
2023/10/10,27590.12,27390.12,27735,27298,22776.84383
2023/10/11,27390.12,26875.52,27477.39,26538.66,37349.44706
2023/10/12,26875.52,26759.63,26947.04,26555,23428.64112
2023/10/13,26759.63,26862,27130,26685,24115.76499
2023/10/14,26862,26852.48,26989.58,26789,10417.25576
2023/10/15,26852.48,27154.15,27293.33,26808.25,15274.6917
2023/10/16,27154.14,28500.78,30000,27112.66,78399.22445
2023/10/17,28500.77,28395.91,28613.65,28069.32,38428.44532
2023/10/18,28395.91,28320,28982.36,28142.87,32162.47591
2023/10/19,28320,28713.71,28916.89,28100.66,35895.50179
2023/10/20,28713.71,29669.04,30207.55,28578.29,59422.0992
2023/10/21,29669.05,29909.8,30379.99,29464.77,27517.51897
2023/10/22,29909.8,29992.46,30248,29640,22852.54563
2023/10/23,29992.46,33069.99,34741.91,29883.6,93513.64246
2023/10/24,33069.99,33922.73,35280,32832.34,115265.0242
2023/10/25,33922.73,34496.05,35132.85,33679.05,54887.02529
2023/10/26,34496.05,34151.66,34824.13,33751,39744.66255
2023/10/27,34151.66,33892.02,34245,33390.95,32330.40106
2023/10/28,33892.01,34081,34493.33,33860,16880.13144
2023/10/29,34081.01,34525.89,34750.11,33930,20685.52176
2023/10/30,34525.88,34474.73,34856,34062.84,33657.95976
2023/10/31,34474.74,34639.77,34720.49,34025,32737.89822
2023/11/1,34639.78,35421.43,35582,34097.39,53473.28165
2023/11/2,35421.43,34941.59,35984.99,34300,48015.57732
2023/11/3,34941.58,34716.78,34946.5,34120,39071.20644
2023/11/4,34716.78,35062.07,35255,34585.18,18377.55545
2023/11/5,35062.06,35011.88,35380,34448,24528.73376
2023/11/6,35011.89,35046.09,35276.33,34725.9,22346.47086
2023/11/7,35046.09,35399.12,35888,34523.06,38688.73692
2023/11/8,35399.13,35624.72,36106,35100,33401.34137
2023/11/9,35624.72,36701.09,37972.24,35534.05,82537.88885
2023/11/10,36701.1,37301.63,37526,36324.71,43414.04898
2023/11/11,37301.63,37130,37408.26,36666.93,22984.97235
2023/11/12,37129.99,37064.13,37222.22,36731.1,17687.18874
2023/11/13,37064.13,36462.93,37417.99,36333,32798.18252
2023/11/14,36462.93,35551.19,36744,34800,45503.68416
2023/11/15,35551.2,37858.2,37980,35360,53569.13385
2023/11/16,37858.2,36163.51,37929.54,35500,47490.39566
2023/11/17,36163.51,36613.92,36800,35861.1,38283.61112
2023/11/18,36613.91,36568.1,36845.49,36178.58,17102.24186
2023/11/19,36568.11,37359.86,37500,36384.02,21246.34648
2023/11/20,37359.85,37448.78,37750,36677,36022.70291
2023/11/21,37448.79,35741.65,37649.44,35735,47646.54804
2023/11/22,35741.65,37408.34,37861.1,35632.01,45051.30697
2023/11/23,37408.35,37294.28,37653.44,36870,23827.92882
2023/11/24,37294.27,37713.57,38414,37251.51,44680.80646
2023/11/25,37713.57,37780.67,37888,37591.1,11396.14464
2023/11/26,37780.67,37447.43,37814.63,37150,21264.53723
2023/11/27,37447.42,37242.7,37569.23,36707,30001.07376
2023/11/28,37242.7,37818.87,38377,36868.41,37544.46667
2023/11/29,37818.88,37854.64,38450,37570,32994.19107
2023/11/30,37854.65,37723.96,38145.85,37500,24740.29147
2023/12/1,37723.97,38682.52,38999,37615.86,43415.66324
2023/12/2,38682.51,39450.35,39717.14,38641.61,26696.92161
2023/12/3,39450.35,39972.26,40250,39274.86,26710.65335
2023/12/4,39972.26,41991.1,42420,39972.26,79272.33059
2023/12/5,41991.1,44073.32,44488,41414,67490.74644
2023/12/6,44073.82,43762.69,44297.21,43335.28,51431.10492
2023/12/7,43762.69,43273.14,44047.33,42821.1,47103.26845
2023/12/8,43273.15,44170.99,44700,43081.1,42900.37556
2023/12/9,44171,43713.6,44358.02,43584.51,24925.97008
2023/12/10,43713.59,43789.51,44049,43563,18956.61758
2023/12/11,43789.5,41253.4,43804.5,40222,76663.89804
2023/12/12,41253.41,41492.39,42104.12,40680,42722.69773
2023/12/13,41492.38,42869.03,43475.2,40555,45865.99773
2023/12/14,42869.03,43022.26,43420,41400,42047.05709
2023/12/15,43022.26,41940.3,43080.81,41666,33421.7932
2023/12/16,41940.29,42278.03,42724.43,41605,24118.85747
2023/12/17,42278.02,41374.65,42424.07,41252,27722.11452
2023/12/18,41374.64,42657.8,42757.81,40542.93,46734.0925
2023/12/19,42657.8,42275.99,43497,41811.1,40927.86444
2023/12/20,42275.99,43668.93,44283,42206,48710.2947
2023/12/21,43668.92,43861.8,44242.35,43286.72,34624.29384
2023/12/22,43861.79,43969.04,44398.26,43412.54,32783.19638
2023/12/23,43969.04,43702.16,43988.68,43291.1,16557.1293
2023/12/24,43702.15,42991.5,43946,42500,25144.33496
2023/12/25,42991.5,43576.13,43802.32,42720.43,27021.23992
2023/12/26,43576.12,42508.93,43592.68,41637.6,41010.04282
2023/12/27,42508.93,43428.85,43677,42098.69,36191.21136
2023/12/28,43428.86,42563.76,43787.57,42241.79,35150.52485
2023/12/29,42563.76,42066.95,43111,41300,42597.18912
2023/12/30,42066.94,42140.28,42612.32,41520.3,22906.57818
2023/12/31,42140.29,42283.58,42899,41965.84,23585.91603
2024/1/1,42283.58,44179.55,44184.1,42180.77,27174.29903
2024/1/2,44179.55,44946.91,45879.63,44148.34,65146.40661
2024/1/3,44946.91,42845.23,45500,40750,81194.55173
2024/1/4,42845.23,44151.1,44729.58,42613.77,48038.06334
2024/1/5,44151.1,44145.11,44357.46,42450,48075.25327
2024/1/6,44145.12,43968.32,44214.42,43397.05,17835.06144
2024/1/7,43968.32,43929.02,44480.59,43572.09,23023.8508
2024/1/8,43929.01,46951.04,47248.99,43175,72814.57589
2024/1/9,46951.04,46110,47972,44748.67,69927.66617
2024/1/10,46110,46653.99,47695.93,44300.36,89911.41203
2024/1/11,46654,46339.16,48969.48,45606.06,87470.3296
2024/1/12,46339.16,42782.73,46515.53,41500,86327.93707
2024/1/13,42782.74,42847.99,43257,42436.12,36118.47464
2024/1/14,42847.99,41732.35,43079,41720,28228.40894
2024/1/15,41732.35,42511.1,43400.43,41718.05,40269.89303
2024/1/16,42511.1,43137.95,43578.01,42050,45045.74589
2024/1/17,43137.94,42776.1,43198,42200.69,33266.21388
2024/1/18,42776.09,41327.5,42930,40683.28,43907.51641
2024/1/19,41327.51,41659.03,42196.86,40280,48342.74559
2024/1/20,41659.03,41696.04,41872.56,41456.3,15923.99493
2024/1/21,41696.05,41580.33,41881.39,41500.98,11730.16301
2024/1/22,41580.32,39568.02,41689.65,39431.58,55426.19911
2024/1/23,39568.02,39897.6,40176.74,38555,57956.63351
2024/1/24,39897.59,40084.88,40555,39484.19,39293.82861
2024/1/25,40084.89,39961.09,40300.24,39550,31022.11853
2024/1/26,39961.09,41823.51,42246.82,39822.52,47384.96726
2024/1/27,41823.51,42120.63,42200,41394.34,16224.41667
2024/1/28,42120.63,42031.06,42842.68,41620.81,27294.99838
2024/1/29,42031.05,43302.7,43333,41804.88,31542.74207
2024/1/30,43302.71,42941.1,43882.36,42683.99,37619.24546
2024/1/31,42941.1,42580,43745.11,42276.84,39871.13688
2024/2/1,42580,43082.94,43285.13,41884.28,35231.04664
2024/2/2,43082.95,43200,43488,42546.79,29672.14418
2024/2/3,43199.99,43011.09,43380.01,42880,12033.40998
2024/2/4,43011.1,42582.88,43119.04,42222,17066.89404
2024/2/5,42582.88,42708.7,43569.76,42258.1,29467.75905
2024/2/6,42708.7,43098.95,43399.98,42574,24675.85433
2024/2/7,43098.96,44349.6,44396.5,42788,34392.59915
2024/2/8,44349.6,45288.65,45614.3,44331.1,45439.62231
2024/2/9,45288.66,47132.77,48200,45242.12,73503.481
2024/2/10,47132.78,47751.09,48170,46800,24802.35936
2024/2/11,47751.08,48299.99,48592.66,47557.16,29958.80837
2024/2/12,48300,49917.27,50334.82,47710.01,59009.96705
2024/2/13,49917.28,49699.59,50368.61,48300.95,55551.56706
2024/2/14,49699.6,51795.17,52043.71,49225.01,57046.37401
2024/2/15,51795.17,51880,52816.62,51314,53816.03055
2024/2/16,51880.01,52124.11,52572.08,51566,37772.25318
2024/2/17,52124.1,51642.64,52162.82,50625,25674.00622
2024/2/18,51642.64,52137.67,52377,51163.28,21992.10363
2024/2/19,52137.68,51774.73,52488.77,51677,29534.99432
2024/2/20,51774.74,52258.82,52985,50760.37,49614.47318
2024/2/21,52258.82,51849.39,52366.8,50625,43079.40049
2024/2/22,51849.38,51288.42,52065.78,50940.78,35309.44574
2024/2/23,51288.42,50744.15,51548.54,50521,30545.79544
2024/2/24,50744.15,51568.22,51698,50585,16560.4211
2024/2/25,51568.21,51728.85,51958.55,51279.8,18721.63159
2024/2/26,51728.85,54476.47,54910,50901.44,51256.72199
2024/2/27,54476.48,57037.34,57588.15,54450.13,67194.98562
2024/2/28,57037.35,62432.1,64000,56691.85,118763.4698
2024/2/29,62432.11,61130.98,63676.35,60364.7,78425.07603
2024/3/1,61130.99,62387.9,63114.23,60777,47737.93473
2024/3/2,62387.9,61987.28,62433.19,61561.12,25534.73659
2024/3/3,61987.28,63113.97,63231.88,61320,28994.90903
2024/3/4,63113.97,68245.71,68499,62300,84835.16005
2024/3/5,68245.71,63724.01,69000,59005,132696.7813
2024/3/6,63724.01,66074.04,67641.1,62779.14,78738.85491
2024/3/7,66074.04,66823.17,67980,65551,53059.8869
2024/3/8,66823.18,68124.19,69990,66082.66,74261.93284
2024/3/9,68124.2,68313.27,68541.1,67861.1,19872.89743
2024/3/10,68313.28,68955.88,69887.61,68094.75,38404.66835
2024/3/11,68955.88,72078.1,72800,67024.96,75292.82573
2024/3/12,72078.1,71452.01,73000,68620.82,68783.54669
2024/3/13,71452,73072.41,73650.25,71333.31,52659.71165
2024/3/14,73072.4,71388.94,73777,68555,71757.62875
2024/3/15,71388.94,69499.85,72419.71,65600,103334.0355
2024/3/16,69499.84,65300.63,70043,64780,55926.95336
2024/3/17,65300.64,68393.48,68904.4,64533,49742.21589
2024/3/18,68393.47,67609.99,68956,66565.2,55691.08088
2024/3/19,67610,61937.4,68124.11,61555,101005.3249
2024/3/20,61937.41,67840.51,68100,60775,90420.58592
2024/3/21,67840.51,65501.27,68240.47,64529.01,53357.48002
2024/3/22,65501.28,63796.64,66649.62,62260,51482.37821
2024/3/23,63796.64,63990.01,65999,63000,26410.11409
2024/3/24,63990.02,67209.99,67628.69,63772.29,31395.78015
2024/3/25,67210,69880.01,71150,66385.06,53431.14486
2024/3/26,69880,69988,71561.1,69280,38934.38417
2024/3/27,69987.99,69469.99,71769.54,68359.18,49119.35685
2024/3/28,69469.99,70780.6,71552.06,68903.62,35439.03239
2024/3/29,70780.6,69850.54,70916.16,69009,25445.08353
2024/3/30,69850.53,69582.18,70321.1,69540,13644.61142
2024/3/31,69582.17,71280.01,71366,69562.99,19396.34433
2024/4/1,71280,69649.8,71288.23,68062.86,41445.32039
2024/4/2,69649.81,65463.99,69674.23,64550,71799.82793
2024/4/3,65463.99,65963.28,66903.63,64493.07,39887.21778
2024/4/4,65963.27,68487.79,69309.91,65064.52,41510.48453
2024/4/5,68487.8,67820.62,68756.67,65952.56,37915.23073
2024/4/6,67820.63,68896,69692,67447.83,20134.28919
2024/4/7,68896,69360.39,70326.29,68824,21534.74433
2024/4/8,69360.38,71620,72797.99,69043.24,45723.87624
2024/4/9,71620,69146,71758.19,68210,39293.90242
2024/4/10,69146,70631.08,71172.08,67518,42006.02377
2024/4/11,70631.08,70006.23,71305.89,69567.21,31917.25595
2024/4/12,70006.22,67116.52,71227.46,65086.86,56072.86229
2024/4/13,67116.52,63924.51,67929,60660.57,71395.22019
2024/4/14,63924.52,65661.84,65840,62134,61599.17818
2024/4/15,65661.85,63419.99,66867.07,62274.4,52389.53069
2024/4/16,63419.99,63793.39,64365,61600,53435.29331
2024/4/17,63793.4,61277.37,64499,59678.16,50610.54509
2024/4/18,61277.38,63470.08,64117.09,60803.35,43601.60918
2024/4/19,63470.09,63818.01,65450,59600.01,69774.30271
2024/4/20,63818.01,64940.59,65419,63090.07,23137.42975
2024/4/21,64940.58,64941.15,65695.56,64237.5,19316.42152
2024/4/22,64941.15,66819.32,67232.35,64500,31397.99371
2024/4/23,66819.32,66414,67183.01,65765.81,22599.90004
2024/4/24,66414,64289.59,67070.43,63606.06,33595.69637
2024/4/25,64289.58,64498.34,65297.94,62794,31341.46338
2024/4/26,64498.33,63770.01,64820.01,63297.48,27085.19346
2024/4/27,63770,63461.98,63923.41,62391.24,20933.06052
2024/4/28,63461.98,63118.62,64370,62781,16949.20005
2024/4/29,63118.62,63866,64228.35,61765.53,28150.22947
2024/4/30,63866,60672,64734,59191.6,54947.65535
2024/5/1,60672.01,58364.97,60841.63,56552.82,81166.46823
2024/5/2,58364.97,59060.61,59625,56911.84,47583.81961
2024/5/3,59060.6,62882.01,63333,58811.32,43628.40143
2024/5/4,62882.01,63892.04,64540,62541.03,24368.69282
2024/5/5,63892.03,64012,64646,62822.17,18526.75029
2024/5/6,64012,63165.19,65500,62700,34674.91949
2024/5/7,63165.18,62312.08,64422.41,62261,25598.79472
2024/5/8,62312.07,61193.03,63020.22,60888,26121.19004
2024/5/9,61193.03,63074.01,63429.03,60630,30660.8061
2024/5/10,63074,60799.99,63469.13,60187.12,36529.34025
2024/5/11,60799.99,60825.99,61515,60487.09,13374.56936
2024/5/12,60825.99,61483.99,61888,60610,12753.13236
2024/5/13,61484,62940.08,63450,60749.21,32733.41839
2024/5/14,62940.09,61577.49,63118.36,61142.77,29088.72041
2024/5/15,61577.49,66206.5,66444.16,61319.47,43559.74719
2024/5/16,66206.51,65235.21,66752.01,64602.77,31106.3671
2024/5/17,65235.21,67024,67451.2,65106.38,26292.23409
2024/5/18,67024,66915.2,67400.01,66600,14441.25774
2024/5/19,66915.2,66274.01,67700,65857.25,18025.30409
2024/5/20,66274,71446.62,71515.56,66060.31,50816.7011
2024/5/21,71446.62,70148.34,71979,69162.94,49607.4336
2024/5/22,70148.34,69166.62,70666,68842.19,27673.18026
2024/5/23,69166.62,67969.65,70096.12,66312.16,40513.17374
2024/5/24,67969.66,68549.99,69250,66600.12,28095.83664
2024/5/25,68549.99,69290.57,69610,68500,12130.39418
2024/5/26,69290.56,68507.67,69562.23,68128.01,11872.11797
2024/5/27,68507.67,69436.43,70687.56,68250,23136.92737
2024/5/28,69436.43,68398.39,69591.81,67277.91,32622.97042
2024/5/29,68398.4,67652.42,68935.68,67124.65,23159.83149
2024/5/30,67652.41,68352.17,69500,67128,28478.2184
2024/5/31,68352.17,67540.01,69044.1,66670,26690.32184
2024/6/1,67540.01,67766.85,67900,67428.44,8837.66133
2024/6/2,67766.84,67765.63,68460,67257.47,15426.32529
2024/6/3,67765.62,68809.9,70288,67612.48,29633.374
2024/6/4,68809.89,70537.84,71063.45,68567.32,29619.78489
2024/6/5,70537.83,71108,71758,70383.66,28703.18082
2024/6/6,71108,70799.06,71700,70117.64,21842.00449
2024/6/7,70799.06,69355.6,71997.02,68420,35598.45045
2024/6/8,69355.6,69310.46,69582.2,69168.02,9773.82967
2024/6/9,69310.46,69648.14,69857.14,69130.24,9890.56709
2024/6/10,69648.15,69540,70195.94,69172.29,17122.66941
2024/6/11,69540,67314.24,69590.01,66051,41436.01588
2024/6/12,67314.23,68263.99,69999,66905,37175.32356
2024/6/13,68263.98,66773.01,68449.3,66251.78,29079.55571
2024/6/14,66773.01,66043.99,67370.24,65078,28408.18797
2024/6/15,66043.99,66228.25,66478.48,65857.1,11451.80242
2024/6/16,66228.25,66676.87,66998.7,66034.5,9392.52223
2024/6/17,66676.86,66504.33,67298.81,65130,27386.16851
2024/6/18,66504.33,65175.32,66588.23,64060,42350.10244
2024/6/19,65175.32,64974.37,65727.54,64666,20060.79576
2024/6/20,64974.37,64869.99,66482.94,64559.15,24265.29031
2024/6/21,64869.99,64143.56,65066.66,63379.35,25993.56442
2024/6/22,64143.56,64262.01,64546.81,63943.82,7308.95542
2024/6/23,64262.01,63210.01,64521,63178.32,8224.45447
2024/6/24,63210.01,60293.3,63369.8,58402,52161.35414
2024/6/25,60293.3,61806.01,62420,60257.06,31189.24361
2024/6/26,61806.01,60864.99,62487.81,60712,22485.66463
2024/6/27,60864.98,61706.47,62389.22,60606.63,18344.28631
2024/6/28,61706.46,60427.84,62225.31,60063,24821.19255
2024/6/29,60427.84,60986.68,61224,60383.77,11509.55904
2024/6/30,60986.68,62772.01,63058.76,60712.21,17326.30136
2024/7/1,62772.01,62899.99,63861.76,62497.2,24547.10538
2024/7/2,62900,62135.47,63288.83,61806.28,18573.11875
2024/7/3,62135.46,60208.58,62285.94,59400,32160.11127
2024/7/4,60208.57,57050.01,60498.19,56771,54568.77276
2024/7/5,57050.02,56628.79,57546,53485.93,81348.24756
2024/7/6,56628.79,58230.13,58475,56018,21651.31558
2024/7/7,58230.13,55857.81,58449.46,55724.37,19118.93918
2024/7/8,55857.81,56714.62,58236.73,54260.16,48090.2049
2024/7/9,56714.61,58050,58296,56289.45,27732.20788
2024/7/10,58050,57725.85,59470,57157.79,24951.73799
2024/7/11,57725.85,57339.89,59650,57050,29761.05735
2024/7/12,57339.89,57889.1,58526.68,56542.47,23652.4569
2024/7/13,57889.09,59204.02,59850,57756.63,15357.74519
2024/7/14,59204.01,60797.91,61420.69,59194.01,21178.33907
2024/7/15,60797.91,64724.14,64900,60632.3,38690.9782
2024/7/16,64724.06,65043.99,65388.97,62373.24,42530.52915
2024/7/17,65044,64087.99,66128.63,63854,29567.52954
2024/7/18,64087.99,63987.92,65133.3,63238.48,22568.7225
2024/7/19,63987.92,66660,67386,63300.67,35634.72739
2024/7/20,66660.01,67139.96,67598,66222.46,14386.92434
2024/7/21,67139.97,68165.34,68366.66,65777,21819.11191
2024/7/22,68165.35,67532.01,68474.55,66559.97,21451.04303
2024/7/23,67532,65936.01,67750.98,65441.08,31406.15316
2024/7/24,65936,65376,67102.01,65111,23082.56277
2024/7/25,65376.01,65799.95,66175.49,63456.7,35126.42934
2024/7/26,65799.95,67907.99,68200,65722.63,24244.36023
2024/7/27,67908,67896.5,69399.99,66650,31710.21921
2024/7/28,67896.49,68249.88,68318.43,67066.66,10868.69394
2024/7/29,68249.88,66784.69,70079.99,66428,36467.29633
2024/7/30,66784.68,66188,67000,65302.67,23132.25441
2024/7/31,66188,64628,66849.24,64530,22625.43905
2024/8/1,64628.01,65354.02,65659.78,62302,35542.26854
2024/8/2,65354.02,61498.33,65596.14,61230.01,38820.42937
2024/8/3,61498.34,60697.99,62198.22,59850,28034.71567
2024/8/4,60697.99,58161,61117.63,57122.77,31616.52003
2024/8/5,58161,54018.81,58305.59,49000,162065.5919
2024/8/6,54018.82,56022.01,57040.99,53950,55884.77676
2024/8/7,56022,55134.16,57736.05,54558.62,44269.37684
2024/8/8,55133.76,61685.99,62745.14,54730,48349.52949
2024/8/9,61686,60837.99,61744.37,59535,30972.48017
2024/8/10,60837.99,60923.51,61470.58,60242,9995.20621
2024/8/11,60923.51,58712.59,61858,58286.73,19189.84512
2024/8/12,58712.59,59346.64,60711.09,57642.21,37009.91743
2024/8/13,59346.64,60587.15,61578.1,58392.88,27858.95851
2024/8/14,60587.16,58683.39,61800,58433.18,28422.76326
2024/8/15,58683.39,57541.06,59849.38,56078.54,37686.17622
2024/8/16,57541.05,58874.6,59817.76,57098.62,27610.84344
2024/8/17,58874.59,59491.99,59700,58785.05,7721.72931
2024/8/18,59491.99,58427.35,60284.99,58408.92,13634.85717
2024/8/19,58427.35,59438.5,59617.63,57787.3,22809.31251
2024/8/20,59438.5,59013.8,61400,58548.23,31477.44548
2024/8/21,59013.8,61156.03,61820.93,58783.47,27983.6422
2024/8/22,61156.03,60375.84,61400,59724.87,21241.20588
2024/8/23,60375.83,64037.24,64955,60342.14,38118.07089
2024/8/24,64037.24,64157.01,64494.5,63531,15857.15616
2024/8/25,64157.02,64220,65000,63773.27,12305.47977
2024/8/26,64219.99,62834,64481,62800,19470.05276
2024/8/27,62834,59415,63212,58034.01,35135.94178
2024/8/28,59415,59034.9,60234.98,57860,36868.54275
2024/8/29,59034.9,59359.01,61166.99,58713.09,27020.90743
2024/8/30,59359,59123.99,59944.07,57701.1,28519.32195
2024/8/31,59123.99,58973.99,59462.38,58744,8798.409
2024/9/1,58974,57301.86,59076.59,57201,20705.15741
2024/9/2,57301.77,59132.13,59425.69,57128,22895.01461
2024/9/3,59132.12,57487.73,59809.65,57415,22828.18447
2024/9/4,57487.74,57970.9,58519,55606,35560.82146
2024/9/5,57970.9,56180,58327.07,55643.65,27806.91413
2024/9/6,56180,53962.97,57008,52550,54447.76826
2024/9/7,53962.97,54160.86,54850,53745.54,16694.04774
2024/9/8,54160.86,54869.95,55318,53629.01,16274.14779
2024/9/9,54869.95,57042,58088,54591.96,32384.51737
2024/9/10,57042.01,57635.99,58044.36,56386.4,23626.78126
2024/9/11,57635.99,57338,57981.71,55545.19,33026.56757
2024/9/12,57338,58132.32,58588,57324,31074.40631
2024/9/13,58132.31,60498,60625,57632.62,29825.23333
2024/9/14,60497.99,59993.03,60610.45,59400,12137.90901
2024/9/15,59993.02,59132,60395.8,58691.05,13757.92361
2024/9/16,59132,58213.99,59210.7,57493.3,26477.5642
2024/9/17,58213.99,60313.99,61320,57610.01,33116.25878
2024/9/18,60313.99,61759.99,61786.24,59174.8,36087.02469
2024/9/19,61759.98,62947.99,63850,61555,34332.52608
2024/9/20,62948,63201.05,64133.32,62350,25466.37794
2024/9/21,63201.05,63348.96,63559.9,62758,8375.34608
2024/9/22,63348.97,63578.76,64000,62357.93,14242.19892
2024/9/23,63578.76,63339.99,64745.88,62538.75,24078.05287
2024/9/24,63339.99,64262.7,64688,62700,23185.04759
2024/9/25,64262.7,63152.01,64817.99,62947.08,17813.11168
2024/9/26,63152.01,65173.99,65839,62670,28373.30593
2024/9/27,65173.99,65769.95,66498,64819.9,22048.80487
2024/9/28,65769.95,65858,66260,65422.23,9127.23316
2024/9/29,65858,65602.01,66076.12,65432,8337.74111
2024/9/30,65602.01,63327.59,65618.8,62856.3,30011.08752
2024/10/1,63327.6,60805.78,64130.63,60164,43671.48108
2024/10/2,60804.92,60649.28,62390.31,60000,31534.70118
2024/10/3,60649.27,60752.71,61477.19,59828.11,26221.43472
2024/10/4,60752.72,62086,62484.85,60459.9,21294.65994
2024/10/5,62086,62058,62370.56,61689.26,7807.46141
2024/10/6,62058.01,62819.91,62975,61798.97,8906.86177
2024/10/7,62819.91,62224,64478.19,62128,25966.1852
2024/10/8,62224.01,62160.49,63200,61860.31,19702.22371
2024/10/9,62160.5,60636.02,62543.75,60301,20011.15684
2024/10/10,60636.01,60326.39,61321.68,58946,23967.92481
2024/10/11,60326.4,62540,63417.56,60087.64,23641.35209
2024/10/12,62539.99,63206.22,63480,62487.23,10911.30116
2024/10/13,63206.23,62870.02,63285.72,62050,11909.21995
2024/10/14,62870.02,66083.99,66500,62457.81,37669.95222
2024/10/15,66084,67074.14,67950,64800.01,43683.95423
2024/10/16,67074.14,67620.01,68424,66750.49,29938.25544
2024/10/17,67620,67421.78,67939.4,66666,25328.22861
2024/10/18,67421.78,68428,69000,67192.36,28725.635
2024/10/19,68427.99,68378,68693.26,68010,8193.66737
2024/10/20,68377.99,69031.99,69400,68100,12442.47378
2024/10/21,69032,67377.5,69519.52,66840.67,31374.42184
2024/10/22,67377.5,67426,67836.01,66571.42,24598.96268
2024/10/23,67426.01,66668.65,67472.83,65260,25530.2407
2024/10/24,66668.65,68198.28,68850,66510,22589.83877
2024/10/25,68198.27,66698.33,68771.49,65596.29,34479.71125
2024/10/26,66698.32,67092.76,67454.55,66439.9,11842.9077
2024/10/27,67092.76,68021.7,68332.05,66913.73,8653.19592
2024/10/28,68021.69,69962.21,70270,67618,29046.75459
2024/10/29,69962.21,72736.42,73620.12,69760,50128.60594
2024/10/30,72736.41,72344.74,72961,71436,26885.99056
2024/10/31,72344.75,70292.01,72700,69685.76,29352.10297
2024/11/1,70292.01,69496.01,71632.95,68820.14,38301.86755
2024/11/2,69496,69374.74,69914.37,69000.14,10521.67243
2024/11/3,69374.74,68775.99,69391,67478.73,24995.70243
2024/11/4,68775.99,67850.01,69500,66835,29800.39187
2024/11/5,67850.01,69372.01,70577.91,67476.63,33355.06888
2024/11/6,69372.01,75571.99,76400,69298,104126.9948
2024/11/7,75571.99,75857.89,76849.99,74416,44869.42235
2024/11/8,75857.89,76509.78,77199.99,75555,36521.09958
2024/11/9,76509.78,76677.46,76900,75714.66,16942.07915
2024/11/10,76677.46,80370.01,81500,76492,61830.10044
2024/11/11,80370.01,88647.99,89530.54,80216.01,82323.66578
2024/11/12,88648,87952.01,89940,85072,97299.88791
2024/11/13,87952,90375.2,93265.64,86127.99,86763.85413
2024/11/14,90375.21,87325.59,91790,86668.21,56729.51086
2024/11/15,87325.59,91032.07,91850,87073.38,47927.95068
2024/11/16,91032.08,90586.92,91779.66,90056.17,22717.87689
2024/11/17,90587.98,89855.99,91449.99,88722,23867.55609
2024/11/18,89855.98,90464.08,92594,89376.9,46545.03448
2024/11/19,90464.07,92310.79,93905.51,90357,43660.04682
2024/11/20,92310.8,94286.56,94831.97,91500,42203.19871
2024/11/21,94286.56,98317.12,98988,94040,69228.36048
2024/11/22,98317.12,98892,99588.01,97122.11,46189.30924
2024/11/23,98892,97672.4,98908.85,97136,24757.84367
2024/11/24,97672.4,97900.04,98564,95734.77,31200.97838
2024/11/25,97900.05,93010.01,98871.8,92600.19,50847.45096
2024/11/26,93010.01,91965.16,94973.37,90791.1,57858.73138
2024/11/27,91965.16,95863.11,97208.21,91792.14,41153.42734
2024/11/28,95863.11,95643.98,96564,94640,28814.54357
2024/11/29,95643.99,97460,98619.99,95364.99,27701.78231
2024/11/30,97460,96407.99,97463.95,96092.01,14503.83306
2024/12/1,96407.99,97185.18,97836,95693.88,16938.60452
2024/12/2,97185.17,95840.62,98130,94395,37958.66981
2024/12/3,95840.61,95849.69,96305.52,93578.17,35827.32283
2024/12/4,95849.69,98587.32,99000,94587.83,43850.53728
2024/12/5,98587.32,96945.63,104088,90500,109921.7297
2024/12/6,96945.63,99740.84,101898.99,95981.72,45049.5331
2024/12/7,99740.84,99831.99,100439.18,98844,14931.9459
2024/12/8,99831.99,101109.59,101351,98657.7,14612.99688
2024/12/9,101109.6,97276.47,101215.93,94150.05,53949.11595
2024/12/10,97276.48,96593,98270,94256.54,51708.68933
2024/12/11,96593,101125,101888,95658.24,37753.78291
2024/12/12,101125,100004.29,102540,99311.64,29232.08745
2024/12/13,100004.29,101424.25,101895.26,99205,21904.03923
2024/12/14,101424.24,101420,102650,100609.41,14191.70326
2024/12/15,101420,104463.99,105250,101237.14,22228.92178
2024/12/16,104463.99,106058.66,107793.07,103333,41302.40274
2024/12/17,106058.65,106133.74,108353,105321.49,29064.93647
2024/12/18,106133.74,100204.01,106524.98,100000,50307.99755
2024/12/19,100204.01,97461.86,102800.11,95700,55147.398
2024/12/20,97461.86,97805.44,98233,92232.54,62884.1357
2024/12/21,97805.44,97291.99,99540.61,96398.39,23483.54143
2024/12/22,97292,95186.27,97448.08,94250.35,19353.83036
2024/12/23,95186.28,94881.47,96538.92,92520,32810.76703
2024/12/24,94881.47,98663.58,99487.99,93569.02,23674.22488
2024/12/25,98663.58,99429.6,99569.15,97632.02,14474.1651
2024/12/26,99429.61,95791.6,99963.7,95199.14,21192.36727
2024/12/27,95791.6,94299.03,97544.58,93500.01,26501.26429
2024/12/28,94299.03,95300,95733.99,94135.66,8385.8929
2024/12/29,95300,93738.2,95340,93009.52,13576.00578
2024/12/30,93738.19,92792.05,95024.5,91530.45,27619.4225
2024/12/31,92792.05,93576,96250,92033.73,19612.03389
2025/1/1,93576,94591.79,95151.15,92888,10373.32613
2025/1/2,94591.78,96984.79,97839.5,94392,21970.48948
2025/1/3,96984.79,98174.18,98976.91,96100.01,15253.82936
2025/1/4,98174.17,98220.5,98778.43,97514.79,8990.05651
2025/1/5,98220.51,98363.61,98836.85,97276.79,8095.63723
2025/1/6,98363.61,102235.6,102480,97920,25263.43375
2025/1/7,102235.6,96954.61,102724.38,96181.81,32059.87537
2025/1/8,96954.6,95060.61,97268.65,92500.9,33704.67894
2025/1/9,95060.61,92552.49,95382.32,91203.67,34544.83685
2025/1/10,92552.49,94726.11,95836,92206.02,31482.86424
2025/1/11,94726.1,94599.99,95050.94,93831.73,7047.9043
2025/1/12,94599.99,94545.06,95450.1,93711.19,8606.86622
2025/1/13,94545.07,94536.1,95940,89256.69,42619.56423
2025/1/14,94536.11,96560.86,97371,94346.22,27846.61753
2025/1/15,96560.85,100497.35,100681.94,96500,30509.99179
2025/1/16,100497.35,99987.3,100866.66,97335.13,27832.85317
2025/1/17,99987.3,104077.48,105865.22,99950.77,39171.85292
2025/1/18,104077.47,104556.23,104988.88,102277.55,24307.82998
2025/1/19,104556.23,101331.57,106422.43,99651.6,43397.28298
2025/1/20,101331.57,102260.01,109588,99550,89529.23173
2025/1/21,102260,106143.82,107240.81,100119.04,45941.02002
2025/1/22,106143.82,103706.66,106394.46,103339.12,22248.69254
2025/1/23,103706.66,103910.34,106850,101262.28,53953.12031
2025/1/24,103910.35,104870.5,107120,102750,23609.24017
2025/1/25,104870.51,104746.85,105286.52,104106.09,9068.32377
2025/1/26,104746.86,102620,105500,102520.44,9812.51238
2025/1/27,102620.01,102082.83,103260,97777.77,50758.1341
2025/1/28,102082.83,101335.52,103800,100272.68,22022.05765
2025/1/29,101335.52,103733.24,104782.68,101328.01,23155.35802
2025/1/30,103733.25,104722.94,106457.44,103278.54,19374.07472
2025/1/31,104722.94,102429.56,106012,101560,21983.18193
2025/2/1,102429.56,100635.65,102783.71,100279.51,12290.95747
2025/2/2,100635.66,97700.59,101456.6,96150,34619.49939
2025/2/3,97700.59,101328.52,102500.01,91231,75164.7385
2025/2/4,101328.51,97763.13,101732.31,96150,40267.98697
2025/2/5,97763.14,96612.43,99149,96155,26233.30444
2025/2/6,96612.44,96554.35,99120,95676.64,23515.20405
2025/2/7,96554.35,96506.8,100137.99,95620.34,31794.22065
2025/2/8,96506.8,96444.74,96880,95688,10147.24294
2025/2/9,96444.75,96462.75,97323.09,94713,14120.91613
2025/2/10,96462.75,97430.82,98345,95256,20572.87537
2025/2/11,97430.82,95778.2,98478.42,94876.88,18647.76379
2025/2/12,95778.21,97869.99,98119.99,94088.23,29151.16625
2025/2/13,97870,96608.14,98083.91,95217.36,19921.77616
2025/2/14,96608.13,97500.48,98826,96252.82,18173.02646
2025/2/15,97500.47,97569.66,97972.26,97223.58,7349.37683
2025/2/16,97569.67,96118.12,97704.47,96046.18,8191.4249
2025/2/17,96118.12,95780,97046.59,95205,16492.0451
2025/2/18,95780.01,95671.74,96753.91,93388.09,23368.19471
2025/2/19,95671.74,96644.37,96899.99,95029.99,16438.50954
2025/2/20,96644.37,98305,98711.36,96415.09,17057.39177
2025/2/21,98305.01,96181.98,99475,94871.95,32249.2814
2025/2/22,96181.99,96551.01,96980,95770.49,11268.17708
2025/2/23,96551.01,96258,96650,95227.94,10884.84913
2025/2/24,96258,91552.88,96500,91349.26,31550.10299
2025/2/25,91552.88,88680.4,92540.69,86050.99,78333.11111
2025/2/26,88680.39,84250.09,89414.15,82256.01,56893.54409
2025/2/27,84250.09,84708.58,87078.46,82716.49,42505.45439
2025/2/28,84708.57,84349.94,85120,78258.52,83648.03969
2025/3/1,84349.95,86064.53,86558,83824.78,25785.05464
2025/3/2,86064.54,94270,95000,85050.6,54889.09045
2025/3/3,94269.99,86220.61,94416.46,85117.11,59171.10218
