candle_begin_time,open,high,low,close,volume
2020/1/1,7195.24,7255,7175.15,7200.85,16792.38817
2020/1/2,7200.77,7212.5,6924.74,6965.71,31951.48393
2020/1/3,6965.49,7405,6871.04,7344.96,68428.50045
2020/1/4,7345,7404,7272.21,7354.11,29987.974976999998
2020/1/5,7354.19,7495,7318,7358.75,38331.0856
2020/1/6,7357.64,7795.34,7346.76,7758,54635.69532
2020/1/7,7758.9,8207.68,7723.71,8145.28,91171.68466
2020/1/8,8145.92,8455,7870,8055.98,112622.64263999999
2020/1/9,8054.72,8055.96,7750,7817.76,64239.51983
2020/1/10,7817.74,8199,7672,8197.02,82406.77745
2020/1/11,8198.86,8286.34,8003.16,8020.01,54810.03267
2020/1/12,8020.01,8197,7960,8184.98,38131.49434
2020/1/13,8184.97,8196,8055.89,8110.34,31159.75568
2020/1/14,8110.34,8880,8105.54,8810.01,120399.1267
2020/1/15,8814.64,8916.48,8564,8821.41,84816.29760600001
2020/1/16,8820.01,8859.81,8586,8720.01,51991.07428
2020/1/17,8720.15,9041.65,8672.44,8913.28,70897.73738
2020/1/18,8913.27,8988.88,8806.38,8915.96,38294.74655
2020/1/19,8915.09,9198.98,8466,8701.7,70676.88926
2020/1/20,8701.72,8746.99,8521.28,8642.35,38896.63975
2020/1/21,8642.35,8789,8488,8736.03,36494.68766
2020/1/22,8736.04,8818,8590,8682.36,29080.55714
2020/1/23,8682.77,8691.81,8306.39,8404.52,48165.9446
2020/1/24,8404.52,8528.02,8238,8439,41687.52953
2020/1/25,8438.99,8451.26,8254.9,8340.58,25521.157932000002
2020/1/26,8340.01,8618.13,8293.66,8615,31130.48516
2020/1/27,8614.39,9000,8535,8907.57,53973.543
2020/1/28,8907.57,9400,8862.4,9374.21,74584.85377
2020/1/29,9375.34,9449.24,9216,9301.53,53864.06512
2020/1/30,9301.57,9578,9204.44,9513.21,60626.74426
2020/1/31,9511.52,9530.22,9210.01,9352.89,45552.02235
2020/2/1,9351.71,9464.53,9281,9384.61,28578.06735
2020/2/2,9384.41,9477.03,9120,9331.51,45690.912540000005
2020/2/3,9331.59,9618.79,9234,9292.24,50892.13345
2020/2/4,9291.35,9350,9093.01,9197.02,53308.17527
2020/2/5,9197.02,9744.45,9177.22,9612.04,64870.41562
2020/2/6,9612.03,9862.57,9526.35,9772,64949.70659
2020/2/7,9772,9885,9730,9813.73,43966.11463
2020/2/8,9813.87,9940,9667.11,9895.05,43600.84367
2020/2/9,9895.04,10166,9880.75,10151.75,43408.475615999996
2020/2/10,10151.72,10188,9756,9851.83,59573.08462
2020/2/11,9851.74,10323.59,9700,10223.08,62422.39522
2020/2/12,10223.08,10450,10223.08,10326.46,61008.063930000004
2020/2/13,10325.33,10500,10080,10229.63,79344.35876
2020/2/14,10227.78,10381.56,10111.37,10344.36,47038.48017
2020/2/15,10344.36,10375,9801,9904.72,57657.20295
2020/2/16,9904.46,10050,9638.12,9917.27,60023.999536999996
2020/2/17,9910.7,9964.16,9452.67,9706,70261.0119
2020/2/18,9706,10250,9576.01,10164.71,70604.12402
2020/2/19,10164.78,10250,9350,9593.79,55162.5869
2020/2/20,9594.65,9699,9400,9596.42,60152.34291
2020/2/21,9597.21,9755.51,9550.21,9677.05,42181.55452
2020/2/22,9677.05,9709.17,9560.02,9650.86,24636.75762
2020/2/23,9650.85,9990,9645,9936.4,37702.08984
2020/2/24,9936.4,9990,9473.56,9656.13,55796.59612
2020/2/25,9655.52,9675,9250,9315.84,54379.34455
2020/2/26,9316.48,9377.44,8633.63,8785.25,92130.34548
2020/2/27,8786,8971.77,8531,8823.21,72483.57876
2020/2/28,8823.25,8900,8445,8692.91,71155.20898
2020/2/29,8690.8,8790,8523.55,8523.61,36748.18304
2020/3/1,8523.61,8750,8411,8531.88,43892.20178
2020/3/2,8530.3,8965.75,8498,8915.24,60401.31773
2020/3/3,8911.18,8919.65,8651,8760.07,55154.99728
2020/3/4,8760.07,8848.29,8660,8750.87,38696.48258
2020/3/5,8750.99,9159.42,8746.54,9054.68,58201.86636
2020/3/6,9054.64,9170,8985.5,9131.88,43782.94804
2020/3/7,9130.89,9188,8835,8886.66,45422.20453
2020/3/8,8885.25,8886.76,8000,8033.31,77537.31517
2020/3/9,8034.76,8179.31,7632.01,7929.87,116968.8633
2020/3/10,7929.87,8149,7728.01,7894.56,86783.44388
2020/3/11,7894.57,7980,7590,7934.52,79942.41117200001
2020/3/12,7934.58,7966.17,4410,4800,261505.6087
2020/3/13,4800.01,5955,3782.13,5578.6,402201.6738
2020/3/14,5576.05,5640.52,5055.13,5172.06,136910.136
2020/3/15,5172.48,5940,5093.1,5361.3,139916.1465
2020/3/16,5360.33,5365.42,4442.12,5028.97,227276.9228
2020/3/17,5028.86,5525,4921.45,5312.64,150089.9263
2020/3/18,5312.64,5436.17,5009.37,5393.04,137127.6349
2020/3/19,5393.26,6400,5252.53,6162.37,199020.87343900002
2020/3/20,6162.05,6900,5670,6208.36,219298.3295
2020/3/21,6204.57,6456.98,5860.02,6186.98,128913.6684
2020/3/22,6187.04,6407.87,5734.01,5816.19,119115.9905
2020/3/23,5816.05,6600,5688,6467.31,164674.2158
2020/3/24,6465.25,6833,6371.33,6744.72,151138.0099
2020/3/25,6744.69,6957.96,6450,6677.43,132155.735
2020/3/26,6677.42,6780,6510,6737.36,83026.55521
2020/3/27,6737.27,6842.59,6261,6359.11,82914.96835
2020/3/28,6359.11,6360,6024,6236.65,93159.69343
2020/3/29,6236.65,6266,5866.56,5881.42,63311.62771
2020/3/30,5880.5,6599,5857.76,6394.38,118889.55
2020/3/31,6394.45,6523.23,6321.4,6410.44,72337.59526
2020/4/1,6412.14,6679.94,6150.11,6642.92,97500.7524
2020/4/2,6643.36,7198,6551,6794.09,149299.90687099998
2020/4/3,6793.86,7048,6602.1,6734.1,104080.2769
2020/4/4,6732.97,6990.41,6650.01,6856.99,72990.86114
2020/4/5,6857.41,6895.54,6677.52,6772.78,49685.35698
2020/4/6,6772.78,7355.14,6765,7329.9,118052.00083199999
2020/4/7,7329.9,7459.69,7077,7197.32,103585.16891800001
2020/4/8,7197.32,7420,7150,7361.28,76059.14584
2020/4/9,7360.26,7371.92,7108.08,7283.54,61094.87242
2020/4/10,7283.54,7295.75,6739.98,6858.92,104674.6234
2020/4/11,6858.92,6944.3,6760,6876.83,45470.29321
2020/4/12,6876.84,7177,6780,6903.79,73868.6665
2020/4/13,6903.79,6903.79,6575,6837.91,96415.47657299999
2020/4/14,6838.04,6978,6754.28,6868.7,69068.62329
2020/4/15,6868.57,6933,6605,6621.24,61571.38499
2020/4/16,6621.25,7190,6468.27,7101.94,125009.8575
2020/4/17,7101.99,7148.12,6972.98,7027.55,54126.50976
2020/4/18,7026.78,7293.08,7014.4,7248.6,49488.54282
2020/4/19,7248.6,7266.15,7055.6,7120.74,45664.86393
2020/4/20,7121.4,7220,6751,6826.83,90149.49137
2020/4/21,6828.98,6940,6762,6841.37,60109.71081
2020/4/22,6841.36,7156.38,6818,7125.14,61486.37733
2020/4/23,7125.12,7738,7020,7482.39,102773.5696
2020/4/24,7483.96,7615.96,7388,7505,60182.119939000004
2020/4/25,7505,7705,7431.07,7538.67,43874.42773
2020/4/26,7539.03,7700,7480,7693.1,50522.61621
2020/4/27,7693.1,7792.02,7606,7774.62,65441.33958
2020/4/28,7773.51,7780,7659.12,7738.98,46302.75264
2020/4/29,7738.58,8952.89,7710.05,8778.57,183546.8875
2020/4/30,8778.58,9460,8401,8620,206277.2141
2020/5/1,8620,9059.18,8613.56,8826.96,91468.81506
2020/5/2,8825.67,9010,8753,8972.05,59002.08755
2020/5/3,8972.58,9200,8712,8894.16,90126.06564
2020/5/4,8894.15,8950,8522,8871.96,84418.51233
2020/5/5,8871.92,9118.58,8760,9021.83,76480.76534
2020/5/6,9021.36,9395,8906.21,9142.92,105925.3024
2020/5/7,9143.4,10067,9021,9986.4,147154.6114
2020/5/8,9986.3,10035.96,9705,9800.01,100683.79639999999
2020/5/9,9800.02,9914.25,9520,9539.4,81950.67957
2020/5/10,9539.1,9574.83,8117,8722.77,183865.182
2020/5/11,8722.77,9168,8200,8561.52,168807.2518
2020/5/12,8562.04,8978.26,8528.78,8810.79,86522.78007
2020/5/13,8810.99,9398,8792.99,9309.37,92466.27402
2020/5/14,9309.35,9939,9256.76,9791.98,129565.37746999999
2020/5/15,9791.97,9845.62,9150,9316.42,115890.7615
2020/5/16,9315.96,9588,9220,9381.27,59587.62786
2020/5/17,9380.81,9888,9322.1,9680.04,68647.76432
2020/5/18,9681.11,9950,9464.23,9733.93,82006.60358
2020/5/19,9733.93,9897.21,9474,9775.53,78539.76045
2020/5/20,9775.13,9842,9326,9511.43,74923.73809
2020/5/21,9511.43,9578.47,8815,9068.65,108928.781
2020/5/22,9067.51,9271,8933.52,9170,58943.13102
2020/5/23,9170,9307.85,9070,9179.15,43526.29697
2020/5/24,9179.01,9298,8700,8720.34,70379.86645
2020/5/25,8718.14,8979.66,8642.72,8900.35,62833.91095
2020/5/26,8900.35,9017.67,8700,8841.18,58299.77014
2020/5/27,8841,9225,8811.73,9204.07,68910.35551
2020/5/28,9204.07,9625.47,9110,9575.89,74110.78766
2020/5/29,9575.87,9605.26,9330,9427.07,57374.36296
2020/5/30,9426.6,9740,9331.23,9697.72,55665.27254
2020/5/31,9697.72,9700,9381.41,9448.27,48333.7864
2020/6/1,9448.27,10380,9421.67,10200.77,76649.12696
2020/6/2,10202.71,10228.99,9266,9518.04,108970.7732
2020/6/3,9518.02,9690,9365.21,9666.24,46252.64494
2020/6/4,9666.32,9881.63,9450,9789.06,57456.10097
2020/6/5,9788.14,9854.75,9581,9621.16,47788.05005
2020/6/6,9621.17,9735,9531.05,9666.3,32752.95089
2020/6/7,9666.85,9802,9372.46,9746.99,57952.84839
2020/6/8,9746.99,9800,9633,9782.01,40664.66413
2020/6/9,9782,9877,9570,9772.43,46024.00129
2020/6/10,9772.44,9992.72,9704.18,9885,47130.76298
2020/6/11,9885.22,9964,9113,9280.4,94418.98473
2020/6/12,9278.88,9557.12,9232.51,9465.13,50119.06693
2020/6/13,9464.96,9494.73,9351,9473.34,27759.78485
2020/6/14,9473.34,9480.99,9245,9342.1,30055.50661
2020/6/15,9342.1,9495,8910.45,9426.02,86107.92471
2020/6/16,9426.05,9589,9373.09,9525.59,52052.446927000005
2020/6/17,9526.97,9565,9236.61,9465.14,48046.41115
2020/6/18,9465.13,9489,9280,9386.32,37381.95377
2020/6/19,9386.32,9438.3,9215.79,9310.23,45330.98367
2020/6/20,9310.23,9395,9170.95,9358.95,30329.06538
2020/6/21,9358.95,9422,9281.54,9294.69,24316.92623
2020/6/22,9294.69,9780,9277.09,9685.69,57895.46834
2020/6/23,9685.69,9720,9577.03,9624.89,41031.02938
2020/6/24,9624.33,9670,9208,9296.49,61571.56146
2020/6/25,9298.33,9340,9009.69,9249.49,55831.61916
2020/6/26,9249.49,9298,9045.45,9162.21,50292.29828
2020/6/27,9162.21,9196.24,8833,9012,46290.93011
2020/6/28,9012,9191,8948.06,9116.35,30688.17642
2020/6/29,9116.16,9238,9024.67,9192.56,42120.29326
2020/6/30,9192.93,9205,9064.89,9138.55,31463.1628
2020/7/1,9138.08,9292,9080.1,9232,38488.5287
2020/7/2,9231.99,9261.96,8940,9086.54,45725.16808
2020/7/3,9086.54,9125,9037.47,9058.26,28943.42018
2020/7/4,9057.79,9190,9040.04,9135.46,26441.96848
2020/7/5,9135,9145.24,8893.03,9069.41,34073.65363
2020/7/6,9069.41,9375,9055.92,9344.2,54463.13228
2020/7/7,9342.47,9379.42,9203,9257.39,34587.33668
2020/7/8,9257.4,9470,9231,9436.06,56140.51778
2020/7/9,9436.06,9440.79,9160,9232.43,48044.45065
2020/7/10,9232.42,9317.48,9125,9288.34,38295.49401
2020/7/11,9288.34,9299.28,9178.25,9234.03,22561.366
2020/7/12,9234.02,9345,9157.5,9302.75,30872.70229
2020/7/13,9303.31,9343.82,9200.89,9242.62,42740.06912
2020/7/14,9242.61,9279.54,9113,9255.85,45772.55251
2020/7/15,9255.85,9276.49,9160.57,9197.6,39053.57967
2020/7/16,9197.6,9226.15,9047.25,9133.72,43375.57119
2020/7/17,9133.72,9186.83,9089.81,9154.32,28054.35874
2020/7/18,9154.31,9219.3,9121.1,9170.28,22554.54146
2020/7/19,9170.3,9232.27,9101.35,9208.99,26052.01942
2020/7/20,9208.99,9221.52,9131,9160.78,35458.76408
2020/7/21,9160.78,9437.73,9152.8,9390,60413.58249
2020/7/22,9390,9544,9261,9518.16,48815.00411
2020/7/23,9518.16,9664,9440.33,9603.27,51856.2335
2020/7/24,9603.27,9637,9463.44,9537.8,43931.13621
2020/7/25,9538.1,9732.9,9513,9700.42,40679.54542
2020/7/26,9700.42,10111,9650,9931.54,65279.26932
2020/7/27,9931.54,11394.86,9917.21,11029.96,150188.9331
2020/7/28,11029.96,11242.23,10565,10906.27,97267.73419
2020/7/29,10906.27,11342.82,10812,11100.53,76838.09423
2020/7/30,11100.52,11170,10831,11099.61,60794.82646
2020/7/31,11099.79,11444,10960,11335.46,70063.66097
2020/8/1,11335.46,11861,11220,11801.17,85087.48513
2020/8/2,11801.17,12123.46,10518.5,11071.35,97553.0776
2020/8/3,11071.36,11473,10936,11219.81,56931.84148
2020/8/4,11219.68,11414.98,11000,11191.97,58629.11371
2020/8/5,11191.99,11780.93,11093,11744.91,74970.25685
2020/8/6,11744.91,11900,11562.5,11762.46,63529.08502
2020/8/7,11762.47,11909.94,11322,11594.23,65755.92602
2020/8/8,11594.36,11808.27,11512,11761.41,41858.16104
2020/8/9,11761.02,11797.11,11521.97,11681.68,41493.06734
2020/8/10,11681.69,12067.35,11450,11892.92,84952.33789
2020/8/11,11892.9,11935,11125,11392.08,90748.28463
2020/8/12,11392.09,11617.52,11150,11564.33,64909.61364
2020/8/13,11564.34,11792.96,11270.36,11780,70132.4915
2020/8/14,11779.77,11850,11634.03,11760.54,59818.8527
2020/8/15,11760.55,11980,11680,11852.4,56237.90505
2020/8/16,11852.4,11931.72,11686,11911,41368.23691
2020/8/17,11910.99,12468,11769.78,12281.13,84734.21154
2020/8/18,12281.15,12387.77,11817.93,11945.01,75923.83553
2020/8/19,11945.1,12020.08,11561,11754.59,73940.16961
2020/8/20,11754.38,11888,11668,11853.55,46085.254350999996
2020/8/21,11853.54,11878,11485.81,11531.34,64448.30614
2020/8/22,11531.23,11686,11376.81,11662.96,43678.70165
2020/8/23,11663.51,11718.07,11514.13,11648.13,37900.00469
2020/8/24,11648.12,11824.9,11585.09,11748.2,46212.39187
2020/8/25,11748.19,11767.85,11117.64,11318.42,69590.92327
2020/8/26,11318.42,11539.32,11244,11461.43,53998.23123
2020/8/27,11461.42,11592.2,11125,11330.38,63246.03638
2020/8/28,11330.38,11542.65,11276.89,11526.91,45953.90837
2020/8/29,11526.9,11580.02,11417.04,11465.84,32973.7992
2020/8/30,11465.84,11719,11458,11711.16,43177.87905
2020/8/31,11711.17,11800.77,11570,11649.51,55353.617743999996
2020/9/1,11649.51,12050.85,11515,11921.97,78148.19367
2020/9/2,11921.97,11954.57,11160.1,11388.54,87221.8456
2020/9/3,11388.54,11462.6,9960.8,10140.85,121950.106
2020/9/4,10138.29,10627.05,9875.5,10446.25,92733.59911
2020/9/5,10446.25,10565.68,9825,10166.69,90001.60557
2020/9/6,10166.69,10347.14,9994.86,10256.2,56368.78882
2020/9/7,10255.89,10410.75,9875,10373.44,62620.23068
2020/9/8,10373.45,10438,9850,10126.65,73491.87842
2020/9/9,10126.66,10343,9981.01,10219.2,49347.11378
2020/9/10,10219.29,10483.35,10070.83,10336.87,58253.75375
2020/9/11,10336.86,10397.6,10200,10387.89,43830.25447
2020/9/12,10387.89,10477.97,10269.25,10440.92,35379.1531
2020/9/13,10440.67,10580.11,10200,10332.83,43837.60987
2020/9/14,10332.84,10750,10212.34,10671.77,67059.29136
2020/9/15,10671.77,10930.04,10606.48,10785.31,61822.45279
2020/9/16,10785.23,11093,10661.22,10954.01,64991.51244
2020/9/17,10954.01,11045.46,10745.83,10939.99,55601.61453
2020/9/18,10940,11038.03,10812.84,10933.39,47266.72828
2020/9/19,10933.4,11179.79,10887.37,11080.65,38440.03686
2020/9/20,11080.64,11080.64,10723,10920.28,39157.92257
2020/9/21,10920.28,10988.86,10296.35,10417.22,70683.43118
2020/9/22,10417.22,10572.71,10353,10529.61,43991.23548
2020/9/23,10529.61,10537.15,10136.82,10241.46,51876.56808
2020/9/24,10241.46,10795.24,10190.93,10736.32,57676.61943
2020/9/25,10736.33,10760.53,10556.24,10686.67,48101.11701
2020/9/26,10686.57,10820.94,10644.68,10728.6,28420.83666
2020/9/27,10728.59,10799,10594.82,10774.25,30549.48325
2020/9/28,10774.26,10950,10626,10696.12,50095.25173
2020/9/29,10696.11,10867.54,10635.87,10840.48,41874.8984
2020/9/30,10840.58,10849.34,10665.13,10776.59,39596.02732
2020/10/1,10776.59,10920,10437,10619.13,60866.33289
2020/10/2,10619.13,10664.64,10374,10570.4,50130.39371
2020/10/3,10570.4,10603.56,10496.46,10542.06,22298.22134
2020/10/4,10542.07,10696.87,10517.87,10666.63,23212.0016
2020/10/5,10666.62,10798,10615.64,10792.21,34025.76165
2020/10/6,10792.2,10800,10525,10599.66,48674.74047
2020/10/7,10599.65,10681.87,10546.17,10666.39,32811.99028
2020/10/8,10666.4,10950,10530.41,10925.57,51959.69157
2020/10/9,10925.44,11104.64,10829,11050.64,48240.073237000004
2020/10/10,11050.64,11491,11050.51,11293.22,43648.03694
2020/10/11,11293.22,11445,11221,11369.02,29043.85134
2020/10/12,11369.02,11720.01,11172,11528.25,52825.283709999996
2020/10/13,11528.24,11557,11300,11420.56,42205.28371
2020/10/14,11420.57,11547.98,11280,11417.89,41415.10602
2020/10/15,11417.89,11617.34,11250.83,11505.12,48760.71768
2020/10/16,11505.13,11541.15,11200,11319.32,48797.7495
2020/10/17,11319.24,11402.42,11255,11360.2,22368.91524
2020/10/18,11360.31,11505,11346.22,11503.14,23284.04119
2020/10/19,11503.14,11823.99,11407.96,11751.47,47414.53469
2020/10/20,11751.46,12038.38,11677.59,11909.99,62134.75066
2020/10/21,11910,13217.68,11886.95,12780.96,114584.4568
2020/10/22,12780.75,13185,12678.08,12968.52,70038.82414
2020/10/23,12968.84,13027.69,12720.08,12923.07,50386.99984
2020/10/24,12923.06,13166.73,12870,13111.73,35952.209070000004
2020/10/25,13111.73,13350,12888,13028.83,38481.5795
2020/10/26,13029.64,13238.81,12765,13052.19,60951.67299
2020/10/27,13052.15,13789.29,13019.87,13636.17,80796.554
2020/10/28,13636.16,13859.48,12888,13266.4,94440.56123
2020/10/29,13266.4,13642.91,12920.77,13455.7,74872.60213
2020/10/30,13455.69,13669.98,13115,13560.1,70657.77888
2020/10/31,13560.1,14100,13411.5,13791,67339.23852
2020/11/1,13791,13895,13603,13761.5,36285.64853
2020/11/2,13761.49,13830,13195.05,13549.37,64566.421908000004
2020/11/3,13549.63,14066.11,13284.99,14023.53,74115.63079
2020/11/4,14023.53,14259,13525,14144.01,93016.98826
2020/11/5,14144.01,15750,14093.56,15590.02,143741.5227
2020/11/6,15590.02,15960,15166,15579.92,122618.1977
2020/11/7,15579.93,15753.52,14344.22,14818.3,101431.2066
2020/11/8,14818.3,15650,14703.88,15475.1,65547.17857
2020/11/9,15475.1,15840,14805.54,15328.41,108976.3341
2020/11/10,15328.41,15460,15072.46,15297.21,61681.91961
2020/11/11,15297.21,15965,15272.68,15684.24,78469.74646
2020/11/12,15684.25,16340.7,15440.64,16291.86,102196.3566
2020/11/13,16291.85,16480,15952.35,16320.7,75691.88101
2020/11/14,16320.04,16326.99,15670,16070.45,59116.34718
2020/11/15,16069.56,16180,15774.72,15957,43596.84151
2020/11/16,15957,16880,15864,16713.57,81300.67592
2020/11/17,16713.08,17858.82,16538,17659.38,115221.4031
2020/11/18,17659.38,18476.93,17214.45,17776.12,149019.7881
2020/11/19,17777.75,18179.8,17335.65,17802.82,93009.56101
2020/11/20,17802.81,18815.22,17740.04,18655.67,88423.01849
2020/11/21,18655.66,18965.9,18308.58,18703.8,75577.45839
2020/11/22,18703.8,18750,17610.86,18414.43,81645.73778
2020/11/23,18413.88,18766,18000,18368,82961.50609
2020/11/24,18368.01,19418.97,18018,19160.01,113581.5092
2020/11/25,19160,19484.21,18500.27,18719.11,93266.57689
2020/11/26,18718.83,18915.03,16188,17149.47,181005.2467
2020/11/27,17149.47,17457.62,16438.08,17139.52,85297.02479
2020/11/28,17139.53,17880.49,16865.56,17719.85,64910.69997
2020/11/29,17719.84,18360.05,17517,18184.99,55329.016303000004
2020/11/30,18185,19863.16,18184.99,19695.87,115463.4669
2020/12/1,19695.87,19888,18001.12,18764.96,127698.7627
2020/12/2,18764.96,19342,18330,19204.09,75911.01348
2020/12/3,19204.08,19598,18867.2,19421.9,66689.39128
2020/12/4,19422.34,19527,18565.31,18650.52,71283.6682
2020/12/5,18650.51,19177,18500,19147.66,42922.74857
2020/12/6,19147.66,19420,18857,19359.4,37043.09186
2020/12/7,19358.67,19420.91,18902.88,19166.9,41372.29629
2020/12/8,19166.9,19294.84,18200,18324.11,61626.94761
2020/12/9,18324.11,18639.57,17650,18541.28,79585.5538
2020/12/10,18541.29,18557.32,17911.12,18254.63,52890.67509
2020/12/11,18254.81,18292.73,17572.33,18036.53,72610.72426
2020/12/12,18036.53,18948.66,18020.7,18808.69,49519.97843
2020/12/13,18808.69,19411,18711.12,19174.99,56560.82174
2020/12/14,19174.99,19349,19000,19273.14,47257.20129
2020/12/15,19273.69,19570,19050,19426.43,61834.36601
2020/12/16,19426.43,21560,19278.6,21335.52,114306.3356
2020/12/17,21335.52,23800,21230,22797.16,184882.4767
2020/12/18,22797.15,23285.18,22350,23107.39,79646.13432
2020/12/19,23107.39,24171.47,22750,23821.61,86045.06468
2020/12/20,23821.6,24295,23060,23455.52,76690.14569
2020/12/21,23455.54,24102.77,21815,22719.71,88030.29724300001
2020/12/22,22719.88,23837.1,22353.4,23810.79,87033.12616
2020/12/23,23810.79,24100,22600,23232.76,119047.2597
2020/12/24,23232.39,23794.43,22703.42,23729.2,69013.83425
2020/12/25,23728.99,24789.86,23433.6,24712.47,79519.94357
2020/12/26,24712.47,26867.03,24500,26493.39,97806.51339
2020/12/27,26493.4,28422,25700,26281.66,148455.5862
2020/12/28,26281.54,27500,26101,27079.41,79721.7425
2020/12/29,27079.42,27410,25880,27385,69411.59261
2020/12/30,27385,28996,27320,28875.54,95356.05783
2020/12/31,28875.55,29300,27850,28923.63,75508.50515
2021/1/1,28923.63,29600,28624.57,29331.69,54182.92501
2021/1/2,29331.7,33300,28946.53,32178.33,129993.8734
2021/1/3,32176.45,34778.11,31962.99,33000.05,120957.5668
2021/1/4,33000.05,33600,28130,31988.71,140899.8857
2021/1/5,31989.75,34360,29900,33949.53,116049.997
2021/1/6,33949.53,36939.21,33288,36769.36,127139.2013
2021/1/7,36769.36,40365,36300,39432.28,132825.7004
2021/1/8,39432.48,41950,36500,40582.81,139789.9575
2021/1/9,40586.96,41380,38720,40088.22,75785.97968
2021/1/10,40088.22,41350,35111.11,38150.02,118209.5445
2021/1/11,38150.02,38264.74,30420,35404.47,251156.1383
2021/1/12,35410.37,36628,32531,34051.24,133948.152
2021/1/13,34049.15,37850,32380,37371.38,124477.9149
2021/1/14,37371.38,40100,36701.23,39144.5,102950.3894
2021/1/15,39145.21,39747.76,34408,36742.22,118300.9209
2021/1/16,36737.43,37950,35357.8,35994.98,86348.43150800001
2021/1/17,35994.98,36852.5,33850,35828.61,80157.72738
2021/1/18,35824.99,37469.83,34800,36631.27,70698.11875
2021/1/19,36622.46,37850,35844.06,35891.49,79611.30777
2021/1/20,35901.94,36415.31,33400,35468.23,89368.42292
2021/1/21,35468.23,35600,30071,30850.13,135004.0767
2021/1/22,30851.99,33826.53,28850,32945.17,142971.684
2021/1/23,32950,33456,31390.16,32078,64595.28768
2021/1/24,32078,33071,30900,32259.9,57978.037965999996
2021/1/25,32259.45,34875,31910,32254.2,88499.22692
2021/1/26,32254.19,32921.88,30837.37,32467.77,84972.20691000001
2021/1/27,32464.01,32557.29,29241.72,30366.15,95911.96171
2021/1/28,30362.19,33783.98,29842.1,33364.86,92621.14562
2021/1/29,33368.18,38531.9,31915.4,34252.2,231827.0056
2021/1/30,34246.28,34933,32825,34262.88,84889.68134
2021/1/31,34262.89,34342.69,32171.67,33092.98,68742.28038
2021/2/1,33092.97,34717.27,32296.16,33526.37,82718.27688
2021/2/2,33517.09,35984.33,33418,35466.24,78056.65988
2021/2/3,35472.71,37662.63,35362.38,37618.87,80784.33366
2021/2/4,37620.26,38708.27,36161.95,36936.66,92080.7359
2021/2/5,36936.65,38310.12,36570,38290.24,66681.33428
2021/2/6,38289.32,40955.51,38215.94,39186.94,98757.31118
2021/2/7,39181.01,39700,37351,38795.69,84363.67976
2021/2/8,38795.69,46794.45,37988.89,46374.87,138597.5369
2021/2/9,46374.86,48142.19,44961.09,46420.42,115499.8617
2021/2/10,46420.42,47310,43727,44807.58,97154.1822
2021/2/11,44807.58,48678.9,43994.02,47969.51,89561.08145
2021/2/12,47968.66,48985.8,46125,47287.6,85870.0357
2021/2/13,47298.15,48150,46202.53,47153.69,63768.0974
2021/2/14,47156.78,49707.43,47014.17,48577.79,73735.47553
2021/2/15,48580.47,49010.92,45570.79,47911.1,79398.15678
2021/2/16,47911.1,50689.18,47003.62,49133.45,88813.2663
2021/2/17,49133.45,52618.74,48947,52119.71,85743.63782
2021/2/18,52117.67,52530,50901.9,51552.6,60758.04695
2021/2/19,51552.61,56368,50710.2,55906,79659.77802
2021/2/20,55906,57700.46,53863.93,55841.19,80948.20531
2021/2/21,55841.19,58352.8,55477.59,57408.57,58166.70851
2021/2/22,57412.35,57508.47,47622,54087.67,134019.4349
2021/2/23,54087.67,54183.59,44892.56,48891,169375.0251
2021/2/24,48891,51374.99,46988.69,49676.2,91881.20925
2021/2/25,49676.21,52041.73,46674.34,47073.73,83310.67312
2021/2/26,47073.73,48424.11,44106.78,46276.87,109423.2007
2021/2/27,46276.88,48394,45000,46106.43,66060.83429
2021/2/28,46103.67,46638.46,43000,45135.66,83055.36904
2021/3/1,45134.11,49790,44950.53,49587.03,85086.11164799999
2021/3/2,49595.76,50200,47047.6,48440.65,64221.06214
2021/3/3,48436.61,52640,48100.71,50349.37,81035.91371
2021/3/4,50349.37,51773.88,47500,48374.09,82649.71683
2021/3/5,48374.09,49448.93,46300,48751.71,78192.49637
2021/3/6,48746.81,49200,47070,48882.2,44399.23424
2021/3/7,48882.2,51450.03,48882.2,50971.75,55235.02803
2021/3/8,50959.11,52402.78,49274.67,52375.17,66987.35966
2021/3/9,52375.18,54895,51789.41,54884.5,71656.73708
2021/3/10,54874.67,57387.69,53005,55851.59,84749.23894
2021/3/11,55851.59,58150,54272.82,57773.16,81914.81286
2021/3/12,57773.15,58081.51,54962.84,57221.72,73405.40605
2021/3/13,57221.72,61844,56078.23,61188.39,83245.09135
2021/3/14,61188.38,61724.79,58966.78,58968.31,52601.05275
2021/3/15,58976.08,60633.43,54600,55605.2,102771.4273
2021/3/16,55605.2,56938.29,53271.34,56900.75,77986.69436
2021/3/17,56900.74,58974.73,54123.69,58912.97,70421.62084
2021/3/18,58912.97,60129.97,57023,57648.16,66580.40668
2021/3/19,57641,59468,56270.74,58030.01,52392.65296
2021/3/20,58030.01,59880,57820.17,58102.28,44476.94178
2021/3/21,58100.02,58589.1,55450.11,57351.56,48564.47027
2021/3/22,57351.56,58430.73,53650,54083.25,62581.62617
2021/3/23,54083.25,55830.9,53000,54340.89,59789.36543
2021/3/24,54342.8,57200,51700,52303.65,83537.46502
2021/3/25,52303.66,53287,50427.56,51293.78,87400.53454
2021/3/26,51293.78,55073.46,51214.6,55025.59,63813.77469
2021/3/27,55025.59,56700.36,53950,55817.14,50105.47506
2021/3/28,55817.14,56559.75,54691.84,55777.63,39050.38751
2021/3/29,55777.65,58405.82,54800.01,57635.47,67857.9374
2021/3/30,57635.46,59368,57071.35,58746.57,55122.443122000004
2021/3/31,58746.57,59800,56769,58740.55,60975.54267
2021/4/1,58739.46,59490,57935.45,58720.44,47415.61722
2021/4/2,58720.45,60200,58428.57,58950.01,47382.41878
2021/4/3,58950.01,59791.72,56880,57051.94,47409.85211
2021/4/4,57051.95,58492.85,56388,58202.01,41314.08197
2021/4/5,58202.01,59272,56777.77,59129.99,54258.01579
2021/4/6,59129.99,59495.24,57413.02,57991.15,54201.00073
2021/4/7,57990.03,58655,55473,55953.45,71228.40566
2021/4/8,55953.44,58153.31,55700,58077.52,44283.14702
2021/4/9,58077.52,58894.9,57654,58142.54,40831.88491
2021/4/10,58142.55,61500,57900.01,59769.13,69906.42412
2021/4/11,59769.13,60699,59232.52,60002.43,41156.71539
2021/4/12,59998.8,61300,59350.59,59860,56375.03712
2021/4/13,59860.01,63777.77,59805.15,63575,82848.68875
2021/4/14,63575.01,64854,61301,62959.53,82616.34399
2021/4/15,62959.53,63800,62020,63159.98,51649.700339999996
2021/4/16,63158.74,63520.61,60000,61334.8,91764.13988
2021/4/17,61334.81,62506.05,59580.91,60006.66,58912.25613
2021/4/18,60006.67,60499,50931.3,56150.01,124882.1318
2021/4/19,56150.01,57526.81,54221.58,55633.14,78229.04227
2021/4/20,55633.14,57076.24,53329.96,56425,72744.48215
2021/4/21,56425,56757.91,53536.02,53787.63,66984.75691
2021/4/22,53787.62,55521.48,50500,51690.96,104656.6313
2021/4/23,51690.95,52131.85,47500,51125.14,132230.7807
2021/4/24,51110.56,51166.22,48657.14,50047.84,55361.51257
2021/4/25,50047.84,50567.91,46930,49066.77,58255.645
2021/4/26,49066.76,54356.62,48753.44,54001.39,86310.80212
2021/4/27,54001.38,55460,53222,55011.97,54064.03468
2021/4/28,55011.97,56428,53813.16,54846.22,55130.45902
2021/4/29,54846.23,55195.84,52330.94,53555,52486.01946
2021/4/30,53555,57963,53013.01,57694.27,68578.91005
2021/5/1,57697.25,58458.07,56956.14,57800.37,42600.35184
2021/5/2,57797.35,57911.02,56035.25,56578.21,36812.87886
2021/5/3,56578.21,58981.44,56435,57169.39,57649.93129
2021/5/4,57169.39,57200,53046.69,53200.01,85324.62590300001
2021/5/5,53205.05,58069.82,52900,57436.11,77263.92344
2021/5/6,57436.11,58360,55200,56393.68,70181.67191
2021/5/7,56393.68,58650,55241.63,57314.75,74542.74783
2021/5/8,57315.49,59500,56900,58862.05,69709.90603
2021/5/9,58866.53,59300,56235.66,58240.84,69806.11991000001
2021/5/10,58240.83,59500,53400,55816.14,89586.34925
2021/5/11,55816.14,56862.43,54370,56670.02,64329.54055
2021/5/12,56670.02,58000.01,48600,49631.32,99842.78984
2021/5/13,49537.15,51367.19,46000,49670.97,147332.0021
2021/5/14,49671.92,51483,48799.75,49841.45,80082.20431
2021/5/15,49844.16,50700,46555,46762.99,89437.44936
2021/5/16,46762.99,49795.89,43825.39,46431.5,114269.8128
2021/5/17,46426.83,46686,42001,43538.04,166657.1727
2021/5/18,43538.02,45799.29,42250.02,42849.78,116979.8608
2021/5/19,42849.78,43584.9,30000,36690.09,354347.2432
2021/5/20,36671.23,42451.67,34850,40526.64,203017.5969
2021/5/21,40525.39,42200,33488,37252.01,202100.8883
2021/5/22,37263.35,38829,35200.62,37449.73,126542.2437
2021/5/23,37458.51,38270.64,31111.01,34655.25,217136.0466
2021/5/24,34681.44,39920,34031,38796.29,161630.89397099998
2021/5/25,38810.99,39791.77,36419.62,38324.72,111996.2284
2021/5/26,38324.72,40841,37800.44,39241.91,104780.7734
2021/5/27,39241.92,40411.14,37134.27,38529.98,86547.15879
2021/5/28,38529.99,38877.83,34684,35663.49,135377.6297
2021/5/29,35661.79,37338.58,33632.76,34605.15,112663.0927
2021/5/30,34605.15,36488,33379,35641.27,73535.38697
2021/5/31,35641.26,37499,34153.84,37253.81,94160.73529
2021/6/1,37253.82,37894.81,35666,36693.09,81234.66377
2021/6/2,36694.85,38225,35920,37568.68,67587.3725
2021/6/3,37568.68,39476,37170,39246.79,75889.10601
2021/6/4,39246.78,39289.07,35555.15,36829,91317.79925
2021/6/5,36829.15,37925,34800,35513.2,70459.62149
2021/6/6,35516.07,36480,35222,35796.31,47650.20664
2021/6/7,35796.31,36900,33300,33552.79,77574.95257
2021/6/8,33556.96,34068.01,31000,33380.81,123251.189
2021/6/9,33380.8,37534.79,32396.82,37388.05,136607.59751700002
2021/6/10,37388.05,38491,35782,36675.72,109527.2849
2021/6/11,36677.83,37680.4,35936.77,37331.98,78466.0053
2021/6/12,37331.98,37463.63,34600.36,35546.11,87717.54999
2021/6/13,35546.12,39380,34757,39020.57,86921.02556
2021/6/14,39020.56,41064.05,38730,40516.29,108522.3919
2021/6/15,40516.28,41330,39506.4,40144.04,80679.62284
2021/6/16,40143.8,40527.14,38116.01,38349.01,87771.97694
2021/6/17,38349,39559.88,37365,38092.97,79541.30712
2021/6/18,38092.97,38202.84,35129.29,35819.84,95228.04294
2021/6/19,35820.48,36457,34803.52,35483.72,68712.44946
2021/6/20,35483.72,36137.72,33336,35600.16,89878.17085
2021/6/21,35600.17,35750,31251.23,31608.93,168778.8732
2021/6/22,31614.12,33298.78,28805,32509.56,204208.17976199999
2021/6/23,32509.56,34881,31683,33678.07,126966.1006
2021/6/24,33675.07,35298,32286.57,34663.09,86625.80426
2021/6/25,34663.08,35500,31275,31584.45,116061.1304
2021/6/26,31576.09,32730,30151,32283.65,107820.3753
2021/6/27,32283.65,34749,31973.45,34700.34,96613.24421
2021/6/28,34702.49,35297.71,33862.72,34494.89,82222.26782
2021/6/29,34494.89,36600,34225.43,35911.73,90788.79622
2021/6/30,35911.72,36100,34017.55,35045,77152.19763
2021/7/1,35045,35057.57,32711,33504.69,71708.26611
2021/7/2,33502.33,33977.04,32699,33786.55,56172.18138
2021/7/3,33786.54,34945.61,33316.73,34669.13,43044.57864
2021/7/4,34669.12,35967.85,34357.15,35286.51,43703.475789000004
2021/7/5,35288.13,35293.78,33125.55,33690.14,64123.87425
2021/7/6,33690.15,35118.88,33532,34220.01,58210.59635
2021/7/7,34220.02,35059.09,33777.77,33862.12,53807.52168
2021/7/8,33862.11,33929.64,32077,32875.71,70136.48032
2021/7/9,32875.71,34100,32261.07,33815.81,47153.9399
2021/7/10,33815.81,34262,33004.78,33502.87,34761.17547
2021/7/11,33502.87,34666,33306.47,34258.99,31572.64745
2021/7/12,34259,34678.43,32658.34,33086.63,48181.40376
2021/7/13,33086.94,33340,32202.25,32729.77,41126.36101
2021/7/14,32729.12,33114.03,31550,32820.02,46777.82348
2021/7/15,32820.03,33185.25,31133,31880,51639.576353000004
2021/7/16,31874.49,32249.18,31020,31383.87,48499.86415
2021/7/17,31383.86,31955.92,31164.31,31520.07,34012.24213
2021/7/18,31520.07,32435,31108.97,31778.56,35923.71619
2021/7/19,31778.57,31899,30407.44,30839.65,47340.4685
2021/7/20,30839.65,31063.07,29278,29790.35,61034.049017000005
2021/7/21,29790.34,32858,29482.61,32144.51,82796.26513
2021/7/22,32144.51,32591.35,31708,32287.83,46148.09243
2021/7/23,32287.58,33650,31924.32,33634.09,50112.86363
2021/7/24,33634.1,34500,33401.14,34258.14,47977.55014
2021/7/25,34261.51,35398,33851.12,35381.02,47852.92831
2021/7/26,35381.02,40550,35205.78,37237.6,152452.5127
2021/7/27,37241.33,39542.61,36383,39457.87,88397.26702
2021/7/28,39456.61,40900,38772,40019.56,101344.5284
2021/7/29,40019.57,40640,39200,40016.48,53998.43928
2021/7/30,40018.49,42316.71,38313.23,42206.37,73602.78481
2021/7/31,42206.36,42448,41000.15,41461.83,44849.79101
2021/8/1,41461.84,42599,39422.01,39845.44,53953.18633
2021/8/2,39850.27,40480.01,38690,39147.82,50837.35195
2021/8/3,39146.86,39780,37642.03,38207.05,57117.43585
2021/8/4,38207.04,39969.66,37508.56,39723.18,52329.35243
2021/8/5,39723.17,41350,37332.7,40862.46,84343.75562
2021/8/6,40862.46,43392.43,39853.86,42836.87,75753.94135
2021/8/7,42836.87,44700,42446.41,44572.54,73396.74081
2021/8/8,44572.54,45310,43261,43794.37,69329.0927
2021/8/9,43794.36,46454.15,42779,46253.4,74587.88485
2021/8/10,46248.87,46700,44589.46,45584.99,53814.64342
2021/8/11,45585,46743.47,45341.14,45511,52734.90198
2021/8/12,45510.67,46218.12,43770,44399,55266.10878
2021/8/13,44400.06,47886,44217.39,47800,48239.37043
2021/8/14,47799.99,48144,45971.03,47068.51,46114.35902
2021/8/15,47068.5,47372.27,45500,46973.82,42110.71133
2021/8/16,46973.82,48053.83,45660,45901.29,52480.57401
2021/8/17,45901.3,47160,44376,44695.95,57039.34163
2021/8/18,44695.95,46000,44203.28,44705.29,54099.41599
2021/8/19,44699.37,47033,43927.7,46760.62,53411.75392
2021/8/20,46760.62,49382.99,46622.99,49322.47,56850.35223
2021/8/21,49322.47,49757.04,48222,48821.87,46745.13658
2021/8/22,48821.88,49500,48050,49239.22,37007.8878
2021/8/23,49239.22,50500,49029,49488.85,52462.54195
2021/8/24,49488.85,49860,47600,47674.01,51014.59475
2021/8/25,47674.01,49264.3,47126.28,48973.32,44655.83034
2021/8/26,48973.32,49352.84,46250,46843.87,49371.27777
2021/8/27,46843.86,49149.93,46348,49069.9,42068.10497
2021/8/28,49069.9,49299,48346.88,48895.35,26681.06379
2021/8/29,48895.35,49632.27,47762.54,48767.83,32652.28347
2021/8/30,48767.84,48888.61,46853,46982.91,40288.35083
2021/8/31,46982.91,48246.11,46700,47100.89,48645.52737
2021/9/1,47100.89,49156,46512,48810.52,49904.65528
2021/9/2,48810.51,50450.13,48584.06,49246.64,54410.77054
2021/9/3,49246.63,51000,48316.84,49999.14,59025.64416
2021/9/4,49998,50535.69,49370,49915.64,34664.65959
2021/9/5,49917.54,51900,49450,51756.88,40544.83587
2021/9/6,51756.88,52780,50969.33,52663.9,49249.66708
2021/9/7,52666.2,52920,42843.05,46863.73,123048.8027
2021/9/8,46868.57,47340.99,44412.02,46048.31,65069.3152
2021/9/9,46048.31,47399.97,45513.08,46395.14,50651.66002
2021/9/10,46395.14,47033,44132.29,44850.91,49048.26618
2021/9/11,44842.2,45987.93,44722.22,45173.69,30440.4081
2021/9/12,45173.68,46460,44742.06,46025.24,32094.28052
2021/9/13,46025.23,46880,43370,44940.73,65429.15056
2021/9/14,44940.72,47250,44594.44,47111.52,44855.85099
2021/9/15,47103.28,48500,46682.32,48121.41,43204.71174
2021/9/16,48121.4,48557,47021.1,47737.82,40725.08895
2021/9/17,47737.81,48150,46699.56,47299.98,34461.92776
2021/9/18,47299.98,48843.2,47035.56,48292.74,30906.47038
2021/9/19,48292.75,48372.83,46829.18,47241.75,29847.24349
2021/9/20,47241.75,47347.25,42500,43015.62,78003.52444
2021/9/21,43016.64,43639,39600,40734.38,84534.08049
2021/9/22,40734.09,44000.55,40565.39,43543.61,58349.055420000004
2021/9/23,43546.37,44978,43069.09,44865.26,48699.57655
2021/9/24,44865.26,45200,40675,42810.57,84113.42629
2021/9/25,42810.58,42966.84,41646.28,42670.64,33594.57189
2021/9/26,42670.63,43950,40750,43160.9,49879.99765
2021/9/27,43160.9,44350,42098,42147.35,39776.84383
2021/9/28,42147.35,42787.38,40888,41026.54,43372.2624
2021/9/29,41025.01,42590,40753.88,41524.28,33511.53487
2021/9/30,41524.29,44141.37,41410.17,43824.1,46381.227810000004
2021/10/1,43820.01,48495,43283.03,48141.61,66244.87492
2021/10/2,48141.6,48336.59,47430.18,47634.9,30508.98131
2021/10/3,47634.89,49228.08,47088,48200.01,30825.05601
2021/10/4,48200.01,49536.12,46891,49224.94,46796.49372
2021/10/5,49224.93,51886.3,49022.4,51471.99,52125.66793
2021/10/6,51471.99,55750,50382.41,55315,79877.54518
2021/10/7,55315,55332.31,53357,53785.22,54917.37766
2021/10/8,53785.22,56100,53617.61,53951.43,46160.25785
2021/10/9,53955.67,55489,53661.67,54949.72,55177.08013
2021/10/10,54949.72,56561.31,54080,54659,89237.83613
2021/10/11,54659.01,57839.04,54415.06,57471.35,52933.16575
2021/10/12,57471.35,57680,53879,55996.93,53471.2855
2021/10/13,55996.91,57777,54167.19,57367,55808.44492
2021/10/14,57370.83,58532.54,56818.05,57347.94,43053.33678
2021/10/15,57347.94,62933,56850,61672.42,82512.90802
2021/10/16,61672.42,62378.42,60150,60875.57,35467.88096
2021/10/17,60875.57,61718.39,58963,61528.33,39099.24124
2021/10/18,61528.32,62695.78,59844.45,62009.84,51798.44844
2021/10/19,62005.6,64486,61322.22,64280.59,53628.10774
2021/10/20,64280.59,67000,63481.4,66001.41,51428.93486
2021/10/21,66001.4,66639.74,62000,62193.15,68538.64537
2021/10/22,62193.15,63732.39,60000,60688.22,52119.35886
2021/10/23,60688.23,61747.64,59562.15,61286.75,27626.93678
2021/10/24,61286.75,61500,59510.63,60852.22,31226.57676
2021/10/25,60852.22,63710.63,60650,63078.78,36853.83806
2021/10/26,63078.78,63293.48,59817.55,60328.81,40217.50083
2021/10/27,60328.81,61496,58000,58413.44,62124.49016
2021/10/28,58413.44,62499,57820,60575.89,61056.35301
2021/10/29,60575.9,62980,60174.81,62253.71,43973.90414
2021/10/30,62253.7,62359.25,60673,61859.19,31478.125659999998
2021/10/31,61859.19,62405.3,59945.36,61299.8,39267.63794
2021/11/1,61299.81,62437.74,59405,60911.11,44687.66672
2021/11/2,60911.12,64270,60624.68,63219.99,46368.2841
2021/11/3,63220.57,63500,60382.76,62896.48,43336.09049
2021/11/4,62896.49,63086.31,60677.01,61395.01,35930.93314
2021/11/5,61395.01,62595.72,60721,60937.12,31604.48749
2021/11/6,60940.18,61560.49,60050,61470.61,25590.57408
2021/11/7,61470.62,63286.35,61322.78,63273.59,25515.6883
2021/11/8,63273.58,67789,63273.58,67525.83,54442.09455
2021/11/9,67525.82,68524.25,66222.4,66947.66,44661.37807
2021/11/10,66947.67,69000,62822.9,64882.43,65171.50405
2021/11/11,64882.42,65600.07,64100,64774.26,37237.98058
2021/11/12,64774.25,65450.7,62278,64122.23,44490.10816
2021/11/13,64122.22,65000,63360.22,64380,22504.97383
2021/11/14,64380.01,65550.51,63576.27,65519.1,25705.07347
2021/11/15,65519.11,66401.82,63400,63606.74,37829.37124
2021/11/16,63606.73,63617.31,58574.07,60058.87,77455.15609
2021/11/17,60058.87,60840.23,58373,60344.87,46289.38491
2021/11/18,60344.86,60976,56474.26,56891.62,62146.99931
2021/11/19,56891.62,58320,55600,58052.24,50715.88726
2021/11/20,58057.1,59845,57353,59707.51,33811.5901
2021/11/21,59707.52,60029.76,58486.65,58622.02,31902.22785
2021/11/22,58617.7,59444,55610,56247.18,51724.32047
2021/11/23,56243.83,58009.99,55317,57541.27,49917.85017
2021/11/24,57541.26,57735,55837,57138.29,39612.04964
2021/11/25,57138.29,59398.9,57000,58960.36,42153.51522
2021/11/26,58960.37,59150,53500,53726.53,65927.87066
2021/11/27,53723.72,55280,53610,54721.03,29716.99957
2021/11/28,54716.47,57445.05,53256.64,57274.88,36163.7137
2021/11/29,57274.89,58865.97,56666.67,57776.25,40125.28009
2021/11/30,57776.25,59176.99,55875.55,56950.56,49161.05194
2021/12/1,56950.56,59053.55,56458.01,57184.07,44956.63656
2021/12/2,57184.07,57375.47,55777.77,56480.34,37574.059760000004
2021/12/3,56484.26,57600,51680,53601.05,58927.69027
2021/12/4,53601.05,53859.1,42000.3,49152.47,114203.3737
2021/12/5,49152.46,49699.05,47727.21,49396.33,45580.82012
2021/12/6,49396.32,50891.11,47100,50441.92,58571.21575
2021/12/7,50441.91,51936.33,50039.74,50588.95,38253.46877
2021/12/8,50588.95,51200,48600,50471.19,38425.92466
2021/12/9,50471.19,50797.76,47320,47545.59,37692.686649999996
2021/12/10,47535.9,50125,46852,47140.54,44233.57391
2021/12/11,47140.54,49485.71,46751,49389.99,28889.19358
2021/12/12,49389.99,50777,48638,50053.9,26017.93421
2021/12/13,50053.9,50189.97,45672.75,46702.75,50869.52093
2021/12/14,46702.76,48700.41,46290,48343.28,39955.98445
2021/12/15,48336.95,49500,46547,48864.98,51629.181
2021/12/16,48864.98,49436.43,47511,47632.38,31949.86739
2021/12/17,47632.38,47995.96,45456,46131.2,43104.4887
2021/12/18,46133.83,47392.37,45500,46834.48,25020.05271
2021/12/19,46834.47,48300.01,46406.91,46681.23,29305.70665
2021/12/20,46681.24,47537.57,45558.85,46914.16,35848.50609
2021/12/21,46914.17,49328.96,46630,48889.88,37713.92924
2021/12/22,48887.59,49576.13,48421.87,48588.16,27004.2022
2021/12/23,48588.17,51375,47920.42,50838.81,35192.54046
2021/12/24,50838.82,51810,50384.43,50820,31684.81208
2021/12/25,50819.99,51156.23,50142.32,50399.66,19135.51613
2021/12/26,50399.67,51280,49412,50775.49,22569.88914
2021/12/27,50775.48,52088,50449,50701.44,28779.58212
2021/12/28,50701.44,50704.05,47313.01,47543.74,45853.33924
2021/12/29,47543.74,48139.08,46096.99,46464.66,39498.87
2021/12/30,46464.66,47900,45900,47120.87,30352.29569
2021/12/31,47120.88,48548.26,45678,46216.93,34937.99796
2022/1/1,46216.93,47954.63,46208.37,47722.65,19604.46325
2022/1/2,47722.66,47990,46654,47286.18,18340.4604
2022/1/3,47286.18,47570,45696,46446.1,27662.0771
2022/1/4,46446.1,47557.54,45500,45832.01,35491.4136
2022/1/5,45832.01,47070,42500,43451.13,51784.11857
2022/1/6,43451.14,43816,42430.58,43082.31,38880.37305
2022/1/7,43082.3,43145.83,40610,41566.48,54836.50818
2022/1/8,41566.48,42300,40501,41679.74,32952.73111
2022/1/9,41679.74,42786.7,41200.02,41864.62,22724.39426
2022/1/10,41864.62,42248.5,39650,41822.49,50729.17019
2022/1/11,41822.49,43100,41268.93,42729.29,37296.43729
2022/1/12,42729.29,44322,42450,43902.66,33943.292799999996
2022/1/13,43902.65,44500,42311.22,42560.11,34910.87762
2022/1/14,42558.35,43448.78,41725.95,43059.96,32640.88292
2022/1/15,43059.96,43800,42555,43084.29,21936.05616
2022/1/16,43084.29,43475,42581.79,43071.66,20602.35271
2022/1/17,43071.66,43176.18,41540.42,42201.62,27562.08613
2022/1/18,42201.63,42691,41250,42352.12,29324.08257
2022/1/19,42352.12,42559.13,41138.56,41660.01,31685.72159
2022/1/20,41660,43505,40553.31,40680.91,42330.33953
2022/1/21,40680.92,41100,35440.45,36445.31,88860.892
2022/1/22,36445.31,36835.22,34008,35071.42,90471.33896
2022/1/23,35071.42,36499,34601.01,36244.55,44279.52354
2022/1/24,36244.55,37550,32917.17,36660.35,91904.75321
2022/1/25,36660.35,37545.14,35701,36958.32,49232.40183
2022/1/26,36958.32,38919.98,36234.63,36809.34,69830.16036
2022/1/27,36807.24,37234.47,35507.01,37160.1,53020.87934
2022/1/28,37160.11,38000,36155.01,37716.56,42154.26956
2022/1/29,37716.57,38720.74,37268.44,38166.84,26129.49682
2022/1/30,38166.83,38359.26,37351.63,37881.76,21430.66527
2022/1/31,37881.75,38744,36632.61,38466.9,36855.2458
2022/2/1,38466.9,39265.2,38000,38694.59,34574.44663
2022/2/2,38694.59,38855.92,36586.95,36896.36,35794.6813
2022/2/3,36896.37,37387,36250,37311.61,32081.10999
2022/2/4,37311.98,41772.33,37026.73,41574.25,64703.95874
2022/2/5,41571.7,41913.69,40843.01,41382.59,32532.34372
2022/2/6,41382.6,42656,41116.56,42380.87,22405.16704
2022/2/7,42380.87,44500.5,41645.85,43839.99,51060.62006
2022/2/8,43839.99,45492,42666,44042.99,64880.29387
2022/2/9,44043,44799,43117.92,44372.72,34428.16729
2022/2/10,44372.71,45821,43174.01,43495.44,62357.290909999996
2022/2/11,43495.44,43920,41938.51,42373.73,44975.1687
2022/2/12,42373.73,43079.49,41688.88,42217.87,26556.85681
2022/2/13,42217.87,42760,41870,42053.66,17732.08113
2022/2/14,42053.65,42842.4,41550.56,42535.94,34010.130600000004
2022/2/15,42535.94,44751.4,42427.03,44544.86,38095.19576
2022/2/16,44544.85,44549.97,43307,43873.56,28471.8727
2022/2/17,43873.56,44164.71,40073.21,40515.7,47245.99494
2022/2/18,40515.71,40959.88,39450,39974.44,43845.92241
2022/2/19,39974.45,40444.32,39639.03,40079.17,18042.0551
2022/2/20,40079.17,40125.44,38000,38386.89,33439.29011
2022/2/21,38386.89,39494.35,36800,37008.16,62347.68496
2022/2/22,37008.16,38429,36350,38230.33,53785.94589
2022/2/23,38230.33,39249.93,37036.79,37250.01,43560.732
2022/2/24,37250.02,39843,34322.28,38327.21,120476.2946
2022/2/25,38328.68,39683.53,38014.37,39219.17,56574.57125
2022/2/26,39219.16,40348.45,38573.18,39116.72,29361.2568
2022/2/27,39116.73,39855.7,37000,37699.07,46229.44719
2022/2/28,37699.08,44225.84,37450.17,43160,73945.63858
2022/3/1,43160,44949,42809.98,44421.2,61743.09873
2022/3/2,44421.2,45400,43334.09,43892.98,57782.65081
2022/3/3,43892.99,44101.12,41832.28,42454,50940.61021
2022/3/4,42454,42527.3,38550,39148.66,61964.68498
2022/3/5,39148.65,39613.24,38407.59,39397.96,30363.13341
2022/3/6,39397.97,39693.87,38088.57,38420.81,39677.26158
2022/3/7,38420.8,39547.57,37155,37988,63994.11559
2022/3/8,37988.01,39362.08,37867.65,38730.63,55528.43367
2022/3/9,38730.63,42594.06,38656.45,41941.71,67392.58799
2022/3/10,41941.7,42039.63,38539.73,39422,71950.25677
2022/3/11,39422.01,40236.26,38223.6,38729.57,59018.7642
2022/3/12,38729.57,39486.71,38660.52,38807.36,24034.36432
2022/3/13,38807.35,39310,37578.51,37777.34,32791.82359
2022/3/14,37777.35,39947.12,37555,39671.37,46945.45375
2022/3/15,39671.37,39887.61,38098.33,39280.33,46015.54926
2022/3/16,39280.33,41718,38828.48,41114,88120.76167
2022/3/17,41114.01,41478.82,40500,40917.9,37189.38087
2022/3/18,40917.89,42325.02,40135.04,41757.51,45408.00969
2022/3/19,41757.51,42400,41499.29,42201.13,29067.181080000002
2022/3/20,42201.13,42296.26,40911,41262.11,30653.33468
2022/3/21,41262.11,41544.22,40467.94,41002.25,39426.24877
2022/3/22,41002.26,43361,40875.51,42364.13,59454.94294
2022/3/23,42364.13,43025.96,41751.47,42882.76,40828.87039
2022/3/24,42882.76,44220.89,42560.46,43991.46,56195.12374
2022/3/25,43991.46,45094.14,43579,44313.16,54614.43648
2022/3/26,44313.16,44792.99,44071.97,44511.27,23041.61741
2022/3/27,44511.27,46999,44421.46,46827.76,41874.910710000004
2022/3/28,46827.76,48189.84,46663.56,47122.21,58949.2614
2022/3/29,47122.21,48096.47,46950.85,47434.8,36772.28457
2022/3/30,47434.79,47700.22,46445.42,47067.99,40947.2085
2022/3/31,47067.99,47600,45200,45510.34,48645.12667
2022/4/1,45510.35,46720.09,44200,46283.49,56271.06474
2022/4/2,46283.49,47213,45620,45811,37073.53582
2022/4/3,45810.99,47444.11,45530.92,46407.35,33394.67794
2022/4/4,46407.36,46890.71,45118,46580.51,44641.87514
2022/4/5,46580.5,47200,45353.81,45497.55,42192.74852
2022/4/6,45497.54,45507.14,43121,43170.47,60849.32936
2022/4/7,43170.47,43900.99,42727.35,43444.19,37396.54156
2022/4/8,43444.2,43970.62,42107.14,42252.01,42375.04203
2022/4/9,42252.02,42800,42125.48,42753.97,17891.66047
2022/4/10,42753.96,43410.3,41868,42158.85,22771.09403
2022/4/11,42158.85,42414.71,39200,39530.45,63560.44721
2022/4/12,39530.45,40699,39254.63,40074.94,57751.01778
2022/4/13,40074.95,41561.31,39588.54,41147.79,41341.39177
2022/4/14,41147.78,41500,39551.94,39942.38,36807.01401
2022/4/15,39942.37,40870.36,39766.4,40551.9,24026.35739
2022/4/16,40551.9,40709.35,39991.55,40378.71,15805.447180000001
2022/4/17,40378.7,40595.67,39546.17,39678.12,19988.49259
2022/4/18,39678.11,41116.73,38536.51,40801.13,54243.49575
2022/4/19,40801.13,41760,40571,41493.18,35788.85843
2022/4/20,41493.19,42199,40820,41358.19,40877.35041
2022/4/21,41358.19,42976,39751,40480.01,59316.27657
2022/4/22,40480.01,40795.06,39177,39709.18,46664.0196
2022/4/23,39709.19,39980,39285,39441.6,20291.42375
2022/4/24,39441.61,39940,38929.62,39450.13,26703.61186
2022/4/25,39450.12,40616,38200,40426.08,63037.12784
2022/4/26,40426.08,40797.31,37702.26,38112.65,66650.258
2022/4/27,38112.64,39474.72,37881.31,39235.72,57083.12272
2022/4/28,39235.72,40372.63,38881.43,39742.07,56086.6715
2022/4/29,39742.06,39925.25,38175,38596.11,51453.65715
2022/4/30,38596.11,38795.38,37578.2,37630.8,35321.18989
2022/5/1,37630.8,38675,37386.38,38468.35,38812.24104
2022/5/2,38468.35,39167.34,38052,38525.16,53200.92628
2022/5/3,38525.16,38651.51,37517.8,37728.95,40316.45358
2022/5/4,37728.95,40023.77,37670,39690,62574.61736
2022/5/5,39690,39845.51,35571.9,36552.97,88722.43355
2022/5/6,36552.97,36675.63,35258,36013.77,68437.80187
2022/5/7,36013.77,36146.3,34785,35472.39,34281.70682
2022/5/8,35472.4,35514.22,33713.95,34038.4,72445.64344
2022/5/9,34038.39,34243.15,30033.33,30076.31,191876.9264
2022/5/10,30074.23,32658.99,29730.4,31017.1,165532.0031
2022/5/11,31017.11,32162.59,27785,29103.94,207063.7393
2022/5/12,29103.94,30243,26700,29029.75,204507.2631
2022/5/13,29029.74,31083.37,28751.67,29287.05,97872.36957
2022/5/14,29287.05,30343.27,28630,30086.74,51095.87863
2022/5/15,30086.74,31460,29480,31328.89,46275.66912
2022/5/16,31328.89,31328.9,29087.04,29874.01,73082.19658
2022/5/17,29874.01,30788.37,29450.38,30444.93,56724.13307
2022/5/18,30444.93,30709.99,28654.47,28715.32,59749.15799
2022/5/19,28715.33,30545.18,28691.38,30319.23,67877.36415
2022/5/20,30319.22,30777.33,28730,29201.01,60517.25325
2022/5/21,29201.01,29656.18,28947.28,29445.06,20987.13124
2022/5/22,29445.07,30487.99,29255.11,30293.94,36158.98748
2022/5/23,30293.93,30670.51,28866.35,29109.15,63901.499319999995
2022/5/24,29109.14,29845.86,28669,29654.58,59442.96036
2022/5/25,29654.58,30223.74,29294.21,29542.15,59537.38659
2022/5/26,29542.14,29886.64,28019.56,29201.35,94581.65463
2022/5/27,29201.35,29397.66,28282.9,28629.8,90998.5201
2022/5/28,28629.81,29266,28450,29031.33,34479.35127
2022/5/29,29031.33,29587.78,28839.21,29468.1,27567.34764
2022/5/30,29468.1,32222,29299.62,31734.22,96785.9476
2022/5/31,31734.23,32399,31200.01,31801.04,62433.11632
2022/6/1,31801.05,31982.97,29301,29805.83,103395.6338
2022/6/2,29805.84,30689,29594.55,30452.62,56961.429280000004
2022/6/3,30452.63,30699,29282.36,29700.21,54067.447270000004
2022/6/4,29700.21,29988.88,29485,29864.04,25617.90113
2022/6/5,29864.03,30189,29531.42,29919.21,23139.9281
2022/6/6,29919.2,31765.64,29890.23,31373.1,68836.92456
2022/6/7,31373.1,31589.6,29218.96,31125.33,110674.5166
2022/6/8,31125.32,31327.22,29843.88,30204.77,68542.61276
2022/6/9,30204.77,30700,29944.1,30109.93,46291.1865
2022/6/10,30109.93,30382.8,28850,29091.88,76204.2498
2022/6/11,29091.87,29440.41,28099.99,28424.7,65901.39895
2022/6/12,28424.71,28544.96,26560,26574.53,92474.59881
2022/6/13,26574.53,26895.84,21925.77,22487.41,254611.035
2022/6/14,22485.27,23362.88,20846,22136.41,187201.6467
2022/6/15,22136.42,22800,20111.62,22583.72,200774.4935
2022/6/16,22583.72,22995.73,20232,20401.31,99673.59429
2022/6/17,20400.6,21365.43,20246.66,20468.81,86694.33663
2022/6/18,20468.81,20792.06,17622,18970.79,196441.6555
2022/6/19,18970.79,20815.95,17960.41,20574,128320.876
2022/6/20,20574,21090,19637.03,20573.89,109028.9415
2022/6/21,20573.9,21723,20348.4,20723.52,104371.0749
2022/6/22,20723.51,20900,19770.51,19987.99,92133.97938
2022/6/23,19988,21233,19890.07,21110.13,83127.08716
2022/6/24,21110.12,21558.41,20736.72,21237.69,77430.36622
2022/6/25,21237.68,21614.5,20906.62,21491.19,51431.67794
2022/6/26,21491.18,21888,20964.73,21038.07,53278.10464
2022/6/27,21038.08,21539.85,20510,20742.56,64475.001299999996
2022/6/28,20742.57,21212.1,20202.01,20281.29,63801.0832
2022/6/29,20281.28,20432.31,19854.92,20123.01,77309.04379
2022/6/30,20123,20179.08,18626,19942.21,93846.64806
2022/7/1,19942.21,20918.35,18975,19279.8,111844.5949
2022/7/2,19279.8,19467.39,18977.01,19252.81,46180.3021
2022/7/3,19252.82,19647.63,18781,19315.83,51087.46631
2022/7/4,19315.83,20354.01,19055.31,20236.71,74814.04601
2022/7/5,20236.71,20750,19304.4,20175.83,96041.13756
2022/7/6,20175.84,20675.22,19761.25,20564.51,82439.5808
2022/7/7,20564.51,21838.1,20251.68,21624.98,85014.58261
2022/7/8,21624.99,22527.37,21189.26,21594.75,403081.5735
2022/7/9,21594.75,21980,21322.12,21591.83,178417.8447
2022/7/10,21592.15,21607.65,20655,20862.47,192188.2156
2022/7/11,20861.11,20868.48,19875.23,19963.61,137535.4072
2022/7/12,19963.61,20059.42,19240,19328.75,139506.4586
2022/7/13,19331.28,20366.61,18910.94,20234.87,209250.2489
2022/7/14,20234.87,20900,19616.07,20588.84,174809.217
2022/7/15,20588.84,21200,20382.29,20830.04,143343.3049
2022/7/16,20830.04,21588.94,20478.61,21195.6,121011.6739
2022/7/17,21195.6,21684.54,20750.01,20798.16,118229.4525
2022/7/18,20799.58,22777.63,20762.45,22432.58,239942.7313
2022/7/19,22432.58,23800,21579.54,23396.62,263770.7657
2022/7/20,23398.48,24276.74,22906.19,23223.3,238762.1709
2022/7/21,23223.3,23442.77,22341.46,23152.19,184817.6819
2022/7/22,23152.19,23756.49,22500,22684.83,171598.4397
2022/7/23,22684.83,23000.77,21934.57,22451.07,122137.77375000001
2022/7/24,22448.58,23014.64,22257.15,22579.68,115189.6728
2022/7/25,22577.13,22666,21250,21310.9,180344.7664
2022/7/26,21310.9,21347.82,20706.5,21254.67,177817.2433
2022/7/27,21254.67,23112.63,21042.53,22952.45,210971.198
2022/7/28,22954.31,24199.72,22582.13,23842.93,236029.0741
2022/7/29,23845.25,24442.66,23414.03,23773.75,198298.5062
2022/7/30,23777.28,24668,23502.25,23643.51,151060.1321
2022/7/31,23644.64,24194.82,23227.31,23293.32,127743.3248
2022/8/1,23296.36,23509.68,22850,23268.01,144210.1622
2022/8/2,23266.9,23459.89,22654.37,22987.79,158073.2823
2022/8/3,22985.93,23647.68,22681.22,22818.37,145948.81
2022/8/4,22816.91,23223.32,22400,22622.98,154854.6702
2022/8/5,22622.41,23472.86,22586.95,23312.42,175251.6975
2022/8/6,23313.56,23354.36,22909.52,22954.21,83911.80307
2022/8/7,22954.21,23402,22844.62,23174.39,88890.00877
2022/8/8,23174.39,24245,23154.25,23810,170958.4415
2022/8/9,23810.98,23933.25,22865,23149.95,143182.5086
2022/8/10,23151.32,24226,22664.69,23954.05,208916.5495
2022/8/11,23954.05,24918.54,23852.13,23934.39,249759.7956
2022/8/12,23933.09,24456.5,23583,24403.68,174207.5704
2022/8/13,24401.7,24888,24291.22,24441.38,152852.2544
2022/8/14,24443.06,25047.56,24144,24305.24,151206.1447
2022/8/15,24305.25,25211.32,23773.22,24094.82,242539.5476
2022/8/16,24093.04,24247.49,23671.22,23854.74,179324.9482
2022/8/17,23856.15,24446.71,23180.4,23342.66,210668.6877
2022/8/18,23342.66,23600,23111.04,23191.2,144185.9701
2022/8/19,23191.45,23208.67,20783.57,20834.39,283995.8775
2022/8/20,20834.39,21382.85,20761.9,21140.07,183041.6836
2022/8/21,21140.07,21800,21069.11,21515.61,159200.6841
2022/8/22,21516.7,21548.71,20890.18,21399.83,222222.0453
2022/8/23,21400.75,21684.87,20890.14,21529.12,200967.7716
2022/8/24,21529.11,21900,21145,21368.08,174383.2205
2022/8/25,21368.05,21819.88,21310.15,21559.04,169915.78300999998
2022/8/26,21559.04,21886.77,20107.9,20241.05,273811.6196
2022/8/27,20239.14,20402.93,19800,20037.6,162582.4603
2022/8/28,20037.6,20171.18,19520,19555.61,139307.9598
2022/8/29,19555.61,20433.62,19550.79,20285.73,210509.4955
2022/8/30,20287.2,20576.25,19540,19811.66,256634.3553
2022/8/31,19813.03,20490,19797.94,20050.02,276946.6077
2022/9/1,20048.44,20208.37,19565.66,20131.46,245289.9726
2022/9/2,20132.64,20441.26,19755.29,19951.86,245986.60330000002
2022/9/3,19950.98,20055.93,19652.72,19831.9,146639.032
2022/9/4,19832.45,20029.23,19583.1,20000.3,145588.7789
2022/9/5,20000.3,20057.27,19633.83,19796.84,222543.0106
2022/9/6,19795.34,20180,18649.51,18790.61,356315.0572
2022/9/7,18790.61,19464.06,18510.77,19292.84,287394.7788
2022/9/8,19292.85,19458.25,19012,19319.77,262813.2827
2022/9/9,19320.54,21597.22,19291.75,21360.11,428919.7465
2022/9/10,21361.62,21810.8,21111.13,21648.34,307997.335
2022/9/11,21647.21,21860,21350,21826.87,280702.5515
2022/9/12,21826.87,22488,21538.51,22395.74,395395.6183
2022/9/13,22395.44,22799,19860,20173.57,431915.0333
2022/9/14,20173.62,20541.48,19617.62,20226.71,340826.4015
2022/9/15,20227.17,20330.24,19497,19701.88,333069.7608
2022/9/16,19701.88,19890,19320.01,19803.3,283791.0706
2022/9/17,19803.3,20189,19748.08,20113.62,179350.2434
2022/9/18,20112.61,20117.26,19335.62,19416.18,254217.469
2022/9/19,19417.45,19686.2,18232.56,19537.02,380512.4031
2022/9/20,19537.02,19634.62,18711.87,18875,324098.3286
2022/9/21,18874.31,19956,18125.98,18461.36,385034.1002
2022/9/22,18461.36,19550.17,18356.39,19401.63,379321.7211
2022/9/23,19401.63,19500,18531.42,19289.91,385886.9183
2022/9/24,19288.57,19316.14,18805.34,18920.5,239496.5675
2022/9/25,18921.99,19180.21,18629.2,18807.38,191191.4492
2022/9/26,18809.13,19318.96,18680.72,19227.82,439239.2194
2022/9/27,19226.68,20385.86,18816.32,19079.13,593260.7416
2022/9/28,19078.1,19790,18471.28,19412.82,521385.4555
2022/9/29,19412.82,19645.52,18843.01,19591.51,406424.9326
2022/9/30,19590.54,20185,19155.36,19422.61,444322.9534
2022/10/1,19422.61,19484,19159.42,19310.95,165625.1396
2022/10/2,19312.24,19395.91,18920.35,19056.8,206812.4703
2022/10/3,19057.74,19719.1,18959.68,19629.08,293585.7521
2022/10/4,19629.08,20475,19490.6,20337.82,327012.0013
2022/10/5,20337.82,20365.6,19730,20158.26,312239.7522
2022/10/6,20158.26,20456.6,19853,19960.67,320122.1702
2022/10/7,19960.67,20068.82,19320,19530.09,220874.8391
2022/10/8,19530.09,19627.38,19237.14,19417.96,102480.0984
2022/10/9,19416.52,19558,19316.04,19439.02,113900.8268
2022/10/10,19439.96,19525,19020.25,19131.87,212509.0985
2022/10/11,19131.87,19268.09,18860,19060,243473.8429
2022/10/12,19060,19238.31,18965.88,19155.53,213826.2673
2022/10/13,19155.1,19513.79,18190,19375.13,399756.6834
2022/10/14,19375.58,19951.87,19070.37,19176.93,351634.326
2022/10/15,19176.93,19227.68,18975.18,19069.39,113847.6423
2022/10/16,19068.4,19425.84,19063.74,19262.98,131894.6189
2022/10/17,19262.98,19676.96,19152.03,19549.86,222813.8763
2022/10/18,19548.48,19706.66,19091,19327.44,260313.0785
2022/10/19,19327.44,19360.16,19065.97,19123.97,186137.2954
2022/10/20,19123.35,19347.82,18900,19041.92,223530.1307
2022/10/21,19041.92,19250,18650,19164.37,269310.7577
2022/10/22,19164.37,19257,19112.72,19204.35,110403.9084
2022/10/23,19204.29,19695,19070.11,19570.4,167057.2018
2022/10/24,19570.4,19601.15,19157,19329.72,256168.1447
2022/10/25,19330.6,20415.87,19237,20080.07,326370.6706
2022/10/26,20079.02,21020,20050.41,20771.59,380492.6958
2022/10/27,20771.61,20872.21,20200,20295.11,328643.5779
2022/10/28,20295.11,20750,20000.09,20591.84,287039.9457
2022/10/29,20591.84,21085,20554.01,20809.67,254881.7776
2022/10/30,20809.68,20931.21,20515,20627.48,192795.6089
2022/10/31,20627.48,20845.92,20237.95,20490.74,303567.6163
2022/11/1,20490.74,20700,20330.74,20483.62,279932.4377
2022/11/2,20482.81,20800,20048.04,20151.84,373716.273
2022/11/3,20151.84,20393.32,20031.24,20207.82,319185.1544
2022/11/4,20207.12,21302.05,20180.96,21148.52,453694.3917
2022/11/5,21148.52,21480.65,21080.65,21299.37,245621.9853
2022/11/6,21299.37,21365.27,20886.13,20905.58,230036.9722
2022/11/7,20905.58,21069.77,20384.89,20591.13,386977.60336999997
2022/11/8,20590.67,20700.88,17166.83,18547.23,760705.3628
2022/11/9,18545.38,18587.76,15588,15922.81,731926.9297
2022/11/10,15922.68,18199,15754.26,17601.15,608448.3643
2022/11/11,17602.45,17695,16361.6,17070.31,393552.8649
2022/11/12,17069.98,17119.1,16631.39,16812.08,167819.9604
2022/11/13,16813.16,16954.28,16229,16329.85,184960.7885
2022/11/14,16331.78,17190,15815.21,16619.46,380210.7775
2022/11/15,16617.72,17134.69,16527.72,16900.57,282461.8439
2022/11/16,16900.57,17015.92,16378.61,16662.76,261493.4081
2022/11/17,16661.61,16751,16410.74,16692.56,228038.9787
2022/11/18,16692.56,17011,16546.04,16700.45,214224.1818
2022/11/19,16699.43,16822.41,16553.53,16700.68,104963.1556
2022/11/20,16700.68,16753.33,16180,16280.23,154842.1348
2022/11/21,16279.5,16319,15476,15781.29,324096.9978
2022/11/22,15781.29,16315,15616.63,16226.94,239548.0662
2022/11/23,16227.96,16706,16160.2,16603.11,264927.7041
2022/11/24,16603.11,16812.63,16458.05,16598.95,206565.9235
2022/11/25,16599.55,16666,16342.81,16522.14,182089.4953
2022/11/26,16521.35,16701.99,16385,16458.57,181804.8167
2022/11/27,16457.61,16600,16401,16428.78,162025.4761
2022/11/28,16428.77,16487.04,15995.27,16212.91,252695.4037
2022/11/29,16212.18,16548.71,16100,16442.53,248106.25009000002
2022/11/30,16442.91,17249,16428.3,17163.64,303019.8072
2022/12/1,17165.53,17324,16855.01,16977.37,232818.1822
2022/12/2,16978,17105.73,16787.85,17092.74,202372.20620000002
2022/12/3,17092.13,17188.98,16858.74,16885.2,154542.5731
2022/12/4,16885.2,17202.84,16878.25,17105.7,178619.1339
2022/12/5,17106.65,17424.25,16867,16966.35,233703.2923
2022/12/6,16966.35,17107.01,16906.37,17088.96,218730.7688
2022/12/7,17088.96,17142.21,16678.83,16836.64,220657.4133
2022/12/8,16836.64,17299,16733.49,17224.1,236417.978
2022/12/9,17224.1,17360,17058.21,17128.56,238422.0647
2022/12/10,17128.56,17227.72,17092,17127.49,140573.97937000002
2022/12/11,17127.49,17270.99,17071,17085.05,155286.4787
2022/12/12,17085.05,17241.89,16871.85,17209.83,226227.4969
2022/12/13,17208.93,18000,17080.14,17774.7,284462.9139
2022/12/14,17775.82,18387.95,17660.94,17803.15,266681.2221
2022/12/15,17804.01,17854.82,17275.51,17356.34,223701.9688
2022/12/16,17356.96,17531.73,16527.32,16632.12,253379.0412
2022/12/17,16631.5,16796.82,16579.85,16776.52,144825.6668
2022/12/18,16777.54,16863.26,16663.07,16738.21,112619.3165
2022/12/19,16739,16815.99,16256.3,16438.88,179094.2831
2022/12/20,16438.88,17061.27,16397.2,16895.56,248808.9232
2022/12/21,16896.15,16925,16723,16824.67,156810.9636
2022/12/22,16824.68,16868.52,16559.85,16821.43,176044.27234999998
2022/12/23,16821.9,16955.14,16731.13,16778.5,161612.0095
2022/12/24,16778.52,16869.99,16776.62,16836.12,100224.291
2022/12/25,16835.73,16857.96,16721,16832.11,125441.072
2022/12/26,16832.11,16944.52,16791,16919.39,124564.0066
2022/12/27,16919.39,16972.83,16592.37,16706.36,173749.5862
2022/12/28,16706.06,16785.19,16465.33,16547.31,193037.56577000002
2022/12/29,16547.32,16664.41,16488.91,16633.47,160998.4716
2022/12/30,16633.47,16677.35,16333,16607.48,164916.3117
2022/12/31,16607.48,16644.09,16470,16542.4,114490.4286
2023/1/1,16541.77,16628,16499.01,16616.75,96925.41374
2023/1/2,16617.17,16799.23,16548.7,16672.87,121888.5719
2023/1/3,16672.78,16778.4,16605.28,16675.18,159541.5373
2023/1/4,16675.65,16991.87,16652.66,16850.36,220362.1886
2023/1/5,16850.36,16879.82,16753,16831.85,163473.5664
2023/1/6,16831.85,17041,16679,16950.65,207401.2842
2023/1/7,16950.31,16981.91,16908,16943.57,104526.5688
2023/1/8,16943.83,17176.99,16911,17127.83,135155.897
2023/1/9,17127.83,17398.8,17104.66,17178.26,266211.5272
2023/1/10,17179.04,17499,17146.34,17440.66,221382.42581000002
2023/1/11,17440.64,18000,17315.6,17943.26,262221.6065
2023/1/12,17943.26,19117.04,17892.05,18846.62,454568.3218
2023/1/13,18846.62,20000,18714.12,19930.01,368615.87823000003
2023/1/14,19930.01,21258,19888.05,20954.92,393913.7495
2023/1/15,20952.76,21050.74,20551.01,20871.5,178542.2255
2023/1/16,20872.99,21474.05,20611.48,21185.65,293078.0826
2023/1/17,21185.65,21647.45,20841.31,21134.81,275407.7441
2023/1/18,21132.29,21650,20407.15,20677.47,350916.0195
2023/1/19,20677.47,21192,20659.19,21071.59,251385.8493
2023/1/20,21071.59,22755.93,20861.28,22667.21,338079.1366
2023/1/21,22666,23371.8,22422,22783.55,346445.4843
2023/1/22,22783.35,23078.71,22292.37,22707.88,253577.7529
2023/1/23,22706.02,23180,22500,22916.45,293588.3794
2023/1/24,22917.81,23162.2,22462.93,22632.89,293158.7825
2023/1/25,22631.94,23816.73,22300,23060.94,346042.8322
2023/1/26,23060.42,23282.47,22850.01,23009.65,288924.4358
2023/1/27,23009.65,23500,22534.88,23074.16,280833.8632
2023/1/28,23074.16,23189,22878.46,23022.6,148115.7109
2023/1/29,23021.4,23960.54,22967.76,23742.3,295688.792
2023/1/30,23743.37,23800.51,22500,22826.15,302405.9012
2023/1/31,22827.38,23320,22714.77,23125.13,264649.34909000003
2023/2/1,23125.13,23812.66,22760.23,23732.66,310790.4227
2023/2/2,23731.41,24255,23363.27,23488.94,364177.2075
2023/2/3,23489.33,23715.7,23204.62,23431.9,332571.029
2023/2/4,23431.9,23587.78,23253.96,23326.84,166126.473
2023/2/5,23327.66,23433.33,22743,22932.91,209251.3392
2023/2/6,22932.91,23158.25,22628.13,22762.52,265371.6069
2023/2/7,22762.52,23350.25,22745.78,23240.46,308006.7248
2023/2/8,23242.42,23452,22665.85,22963,280056.3072
2023/2/9,22961.85,23011.39,21688,21796.35,402894.6955
2023/2/10,21797.83,21938.16,21451,21625.19,338591.9425
2023/2/11,21625.19,21906.32,21599.78,21862.55,177021.5843
2023/2/12,21862.02,22090,21630,21783.54,204435.6516
2023/2/13,21782.37,21894.99,21351.07,21773.97,295730.7679
2023/2/14,21774.63,22319.08,21532.77,22199.84,361958.4011
2023/2/15,22199.84,24380,22047.28,24324.05,375669.1611
2023/2/16,24322.87,25250,23505.25,23517.72,450080.6837
2023/2/17,23517.72,25021.11,23339.37,24569.97,496813.2138
2023/2/18,24568.24,24877,24430,24631.95,216917.2521
2023/2/19,24632.05,25192,24192.57,24271.76,300395.9954
2023/2/20,24272.51,25121.23,23840.83,24842.2,346938.57
2023/2/21,24843.89,25250,24148.34,24452.16,376000.8287
2023/2/22,24450.67,24476.05,23574.69,24182.21,379425.7537
2023/2/23,24182.21,24599.59,23608,23940.2,398400.4544
2023/2/24,23940.2,24132.35,22841.19,23185.29,343582.5745
2023/2/25,23184.04,23219.13,22722,23157.07,191311.8101
2023/2/26,23157.07,23689.99,23059.18,23554.85,202323.7362
2023/2/27,23554.85,23897.99,23106.77,23492.09,283706.0859
2023/2/28,23492.09,23600,23020.97,23141.57,264140.9989
2023/3/1,23141.57,24000,23020.03,23628.97,315287.4174
2023/3/2,23629.76,23796.93,23195.9,23465.32,239315.4522
2023/3/3,23465.32,23476.95,21971.13,22354.34,319954.1979
2023/3/4,22354.34,22410,22157.08,22346.57,121257.3813
2023/3/5,22346.57,22662.09,22189.22,22430.24,154841.7579
2023/3/6,22430.24,22602.19,22258,22410,203751.8296
2023/3/7,22409.41,22557.91,21927,22197.96,292519.8091
2023/3/8,22198.56,22287,21580,21705.44,301460.5727
2023/3/9,21704.37,21834.99,20042.72,20362.22,443658.28583999997
2023/3/10,20362.21,20367.78,19549.09,20150.69,618456.4671
2023/3/11,20150.69,20686.51,19765.03,20455.73,427831.8213
2023/3/12,20455.73,22150,20270.6,21997.11,430944.9429
2023/3/13,21998.05,24500,21813.88,24113.48,687889.3126
2023/3/14,24112.27,26386.87,23976.42,24670.41,699360.9342
2023/3/15,24670.41,25196.97,23896.95,24285.66,581450.7298
2023/3/16,24285.66,25167.4,24123,24998.78,439421.33
2023/3/17,24998.78,27756.84,24890,27395.13,624460.6809
2023/3/18,27395.13,27724.85,26578,26907.49,371238.9717
2023/3/19,26907.49,28390.1,26827.22,27972.87,372066.9905
2023/3/20,27972.87,28472,27124.47,27717.01,477378.2337
2023/3/21,27717.01,28438.55,27303.1,28105.47,420929.7422
2023/3/22,28107.81,28868.05,26601.8,27250.97,224113.413
2023/3/23,27250.97,28750,27105,28295.41,128649.6082
2023/3/24,28295.42,28374.3,27000,27454.47,86242.06543999999
2023/3/25,27454.46,27787.33,27156.09,27462.95,50844.08102
2023/3/26,27462.96,28194.4,27417.76,27968.05,49671.70353
2023/3/27,27968.05,28023.86,26508.14,27124.91,88039.46898
2023/3/28,27124.9,27520,26631.78,27261.07,78602.44340999999
2023/3/29,27261.06,28650,27240.1,28348.6,89486.16008
2023/3/30,28348.6,29184.68,27686,28028.53,98865.43256
2023/3/31,28028.53,28656.69,27511.71,28465.36,78198.12139
2023/4/1,28465.36,28819.71,28220.27,28452.73,30238.44753
2023/4/2,28452.74,28530,27856.43,28171.87,37365.65692
2023/4/3,28171.87,28500.99,27200.24,27800,79180.01405
2023/4/4,27800,28444.44,27662.79,28165.47,49722.55691
2023/4/5,28165.47,28775,27805.1,28170.01,60737.64732
2023/4/6,28170.01,28182.05,27711,28033.82,40118.94963
2023/4/7,28033.83,28100,27766.94,27906.33,24762.09387
2023/4/8,27906.34,28154.99,27859.02,27938.38,19479.96735
2023/4/9,27938.38,28530,27800,28323.76,32531.16101
2023/4/10,28323.76,29770,28170,29637.34,67754.0622
2023/4/11,29637.35,30550,29590,30200.42,67990.07621
2023/4/12,30200.43,30486,29637.4,29888.07,62049.48451
2023/4/13,29888.07,30595,29854.59,30373.84,51934.11731
2023/4/14,30373.84,31000,29966,30466.93,75984.19452
2023/4/15,30466.93,30595.6,30202,30295.09,25429.81247
2023/4/16,30295.1,30549.99,30120,30304.65,26431.99322
2023/4/17,30304.66,30316.06,29240.65,29430.27,56441.81127
2023/4/18,29430.27,30485,29096.78,30380.01,62004.89434
2023/4/19,30380.01,30413.53,28520,28797.1,86575.48656
2023/4/20,28797.1,29088.3,28010,28243.65,76879.09372
2023/4/21,28243.65,28374.02,27125,27262.84,77684.7679
2023/4/22,27262.84,27882.72,27140.35,27816.85,36023.696860000004
2023/4/23,27816.85,27816.85,27311.25,27590.6,34812.09581
2023/4/24,27590.59,28000,26942.82,27510.93,53111.56874
2023/4/25,27510.93,28399.99,27192,28300.79,52325.14637
2023/4/26,28300.8,30036,27235,28415.29,129228.404
2023/4/27,28415.29,29890,28378.86,29472.77,95430.82431
2023/4/28,29472.77,29599.54,28891,29311.7,54298.16578
2023/4/29,29311.69,29448.88,29031,29230.45,20466.83058
2023/4/30,29230.45,29969.39,29079.59,29233.21,39752.5372
2023/5/1,29233.2,29337.34,27666.95,28068.26,64433.65958
2023/5/2,28068.26,28879.88,27872,28669.86,50824.5224
2023/5/3,28669.85,29266.66,28113.69,29026.16,64615.79213
2023/5/4,29026.16,29379.83,28663.64,28838.16,42575.47501
2023/5/5,28838.16,29677,28800,29505.61,58415.830480000004
2023/5/6,29505.6,29820,28300,28848.2,49249.28459
2023/5/7,28848.19,29138.29,28395.23,28430.1,30003.41028
2023/5/8,28430.09,28631.01,27262,27668.79,68244.36179
2023/5/9,27668.8,27818,27353,27628.27,40113.31069
2023/5/10,27628.28,28331.42,26777,27598.75,71155.11355000001
2023/5/11,27598.74,27630.14,26702.05,26968.62,47635.313650000004
2023/5/12,26968.61,27091.12,25811.46,26795.01,67207.93494
2023/5/13,26795.01,27045.45,26692.03,26775.28,22814.90421
2023/5/14,26775.27,27200,26560.53,26917.62,21594.8036
2023/5/15,26917.61,27663.59,26726,27162.14,40430.08333
2023/5/16,27162.15,27296.89,26852.11,27033.84,33270.45451
2023/5/17,27033.85,27500,26544.71,27405.61,42958.97785
2023/5/18,27405.62,27485.33,26361.2,26821.28,49198.65143
2023/5/19,26821.28,27183.6,26630,26880.26,28754.13544
2023/5/20,26880.26,27150,26825.11,27102.43,14434.54718
2023/5/21,27102.42,27277.55,26666.03,26747.78,21347.87279
2023/5/22,26747.78,27099.89,26538.21,26849.27,26458.83828
2023/5/23,26849.28,27495.83,26798.11,27219.61,38700.83858
2023/5/24,27219.61,27219.61,26080.5,26329.01,54393.0657
2023/5/25,26329,26631.98,25871.89,26473.79,37435.44895
2023/5/26,26473.8,26932.16,26327.24,26705.92,35061.18713
2023/5/27,26705.93,26895,26551,26854.27,15095.6867
2023/5/28,26854.28,28261.32,26764.36,28065,43916.00855
2023/5/29,28065.01,28447.14,27524.6,27736.4,42385.41945
2023/5/30,27736.39,28038.59,27554,27694.4,32686.75371
2023/5/31,27694.39,27835.51,26839.01,27210.35,46588.80573
2023/6/1,27210.36,27350,26605.05,26817.93,39217.8088
2023/6/2,26817.93,27300,26505,27242.59,36380.90269
2023/6/3,27242.59,27333.29,26914.93,27069.22,16595.34117
2023/6/4,27069.22,27455.02,26951,27115.21,19258.41049
2023/6/5,27115.2,27129.33,25388,25728.2,65805.60305
2023/6/6,25728.2,27355.33,25351.02,27230.08,68392.60438
2023/6/7,27230.07,27391.77,26125.01,26339.34,59619.44364
2023/6/8,26339.34,26810,26210,26498.61,31075.51083
2023/6/9,26498.62,26783.33,26269.91,26477.81,27934.7097
2023/6/10,26477.8,26533.87,25358,25841.21,64944.60108
2023/6/11,25841.22,26206.88,25634.7,25925.55,30014.29595
2023/6/12,25925.54,26106.48,25602.11,25905.19,29900.50893
2023/6/13,25905.2,26433.21,25712.57,25934.25,41065.60853
2023/6/14,25934.24,26098,24820.56,25128.6,45077.31608
2023/6/15,25128.6,25759.01,24800,25598.49,48664.86063
2023/6/16,25598.49,26518,25175.56,26345,51596.916619999996
2023/6/17,26345.01,26839.99,26181,26516.99,27842.2195
2023/6/18,26516.99,26700,26255.85,26339.97,21538.31022
2023/6/19,26339.98,27068.09,26256.61,26844.35,35872.65974
2023/6/20,26844.35,28402.74,26652,28307.99,69666.95525
2023/6/21,28308,30800,28257.99,29993.89,108926.4041
2023/6/22,29993.89,30500,29525.61,29884.92,59054.5646
2023/6/23,29884.92,31431.94,29800,30688.5,73931.89635000001
2023/6/24,30688.51,30800,30250,30527.43,30513.30135
2023/6/25,30527.44,31046.01,30277.49,30462.66,30223.44801
2023/6/26,30462.67,30666,29930,30267.99,45180.41489
2023/6/27,30267.99,30994.97,30226.17,30692.44,42699.64157
2023/6/28,30692.44,30709.74,29858.8,30077.41,40463.51937
2023/6/29,30077.4,30843.98,30049.98,30447.31,36330.629030000004
2023/6/30,30447.31,31282,29500,30472,89419.07618
2023/7/1,30471.99,30661.6,30320.57,30585.9,17501.75075
2023/7/2,30585.9,30791,30155,30617.03,23286.41019
2023/7/3,30617.02,31380,30570.27,31156.2,43761.64311
2023/7/4,31156.2,31350.69,30620,30766.51,33206.11943
2023/7/5,30766.52,30878.07,30200,30504.81,33215.67122
2023/7/6,30504.8,31500,29850.45,29895.43,71319.6261
2023/7/7,29895.42,30449,29701.02,30344.7,34070.53895
2023/7/8,30344.7,30386.81,30044.47,30284.63,13094.59042
2023/7/9,30284.63,30445.52,30061.12,30160.71,15388.50196
2023/7/10,30160.71,31045.78,29950,30411.57,41262.87652
2023/7/11,30411.57,30813.63,30300,30622.1,28476.83311
2023/7/12,30622.1,30983.25,30210,30380,38108.99669
2023/7/13,30380,31804.2,30251,31454.23,70772.51836
2023/7/14,31454.23,31630,29900,30312.01,60749.48424
2023/7/15,30312,30390.9,30200,30289.52,14118.55329
2023/7/16,30289.52,30441.46,30064.29,30231.99,15760.1281
2023/7/17,30232,30336.96,29659.2,30138,30882.76839
2023/7/18,30138.01,30239.78,29512,29859.13,30003.8601
2023/7/19,29859.14,30189.09,29761.96,29909.21,25657.36137
2023/7/20,29909.21,30417.46,29570.96,29800,37540.68193
2023/7/21,29800,30061.7,29726.34,29901.72,23881.40865
2023/7/22,29901.72,29999,29625.1,29794,14660.40467
2023/7/23,29793.99,30350,29730,30083.75,18292.78637
2023/7/24,30083.75,30099.58,28861.9,29176.5,39628.99691
2023/7/25,29176.5,29376,29047.65,29228.91,21565.7478
2023/7/26,29228.91,29690,29096.94,29351.96,33931.63366
2023/7/27,29351.95,29567.49,29083.85,29222.78,22476.47626
2023/7/28,29222.78,29542.22,29123.12,29314.14,23993.61627
2023/7/29,29314.14,29406.92,29256.18,29352.9,10851.36844
2023/7/30,29352.9,29449,29033.24,29281.09,15706.97441
2023/7/31,29281.09,29530,29101.8,29232.25,22605.48964
2023/8/1,29232.26,29739.25,28585.7,29705.99,44719.65162
2023/8/2,29705.99,30047.5,28927.5,29186.01,48181.65141
2023/8/3,29186,29433.33,28968,29193.64,26476.91994
2023/8/4,29193.65,29333.08,28807.54,29113.99,23551.95217
2023/8/5,29114,29152.23,28978.64,29072.13,11645.52018
2023/8/6,29072.13,29205.09,28991.88,29088.42,13178.1972
2023/8/7,29088.43,29276.78,28701.03,29211.06,30966.87746
2023/8/8,29211.06,30244,29146.45,29770.42,45700.53392
2023/8/9,29770.41,30160,29376.67,29581.99,38003.88725
2023/8/10,29581.99,29738,29320.2,29455.75,23463.45373
2023/8/11,29455.76,29564.52,29252.45,29426.03,20637.0443
2023/8/12,29426.02,29481.35,29381.56,29430.17,8971.48068
2023/8/13,29430.18,29474.65,29272.32,29303.84,11101.70947
2023/8/14,29303.85,29695.32,29102.45,29430.93,31443.11532
2023/8/15,29430.92,29499.26,29059.6,29200,27503.87691
2023/8/16,29200.01,29259.85,28723.08,28730.51,32996.69854
2023/8/17,28730.51,28783.48,25166,26623.41,100271.5403
2023/8/18,26623.41,26832.6,25619,26054,69790.65711
2023/8/19,26054,26281,25801.09,26100.01,26160.75343
2023/8/20,26100.01,26299,25971.05,26189.99,19056.91209
2023/8/21,26190,26258.42,25812,26126.92,30267.24233
2023/8/22,26126.92,26139.42,25300,26056,34247.06688
2023/8/23,26055.99,26819.27,25812.82,26432.72,44023.69978
2023/8/24,26432.71,26577.87,25864,26180.05,30205.22116
2023/8/25,26180.05,26314.05,25777.15,26060.01,27753.33772
2023/8/26,26060,26125.77,25985.92,26017.37,10022.22322
2023/8/27,26017.38,26182.23,25966.11,26101.77,12099.64216
2023/8/28,26101.78,26253.99,25864.5,26120,22692.62655
2023/8/29,26120,28142.85,25922,27716.34,74251.99488
2023/8/30,27716.34,27768.57,27017.24,27299.99,35448.25848
2023/8/31,27299.99,27587.51,25655.01,25940.78,51032.80401
2023/9/1,25940.77,26156,25333.75,25805.05,41032.15056
2023/9/2,25805.04,25987.5,25752.47,25869.51,16250.77698
2023/9/3,25869.52,26135,25800,25971.21,17474.47667
2023/9/4,25971.21,26108.02,25631.21,25826.02,21777.59609
2023/9/5,25826.03,25915.49,25562.62,25792.1,21323.39337
2023/9/6,25792.11,26040,25372.51,25759.95,27262.523859999998
2023/9/7,25759.95,26443.14,25615.38,26255,27687.49567
2023/9/8,26255,26445.5,25647.26,25910.5,28999.76471
2023/9/9,25910.5,25945.09,25796.64,25901.61,10980.62277
2023/9/10,25901.6,26033.66,25570.57,25841.61,18738.26914
2023/9/11,25841.6,25900.69,24901,25162.52,41682.32
2023/9/12,25162.53,26567,25131.48,25840.1,56434.38537
2023/9/13,25840.1,26405.22,25764.17,26222,31610.82753
2023/9/14,26222,26860.49,26126.77,26522.73,38333.1725
2023/9/15,26522.73,26888,26224,26600,26227.29369
2023/9/16,26599.99,26777,26445,26559.67,13960.93351
2023/9/17,26559.67,26623.25,26399,26527.51,12998.10277
2023/9/18,26527.5,27409,26377.35,26762.51,43000.43256
2023/9/19,26762.5,27483.57,26667.79,27210.26,36190.521870000004
2023/9/20,27210.25,27388.63,26800,27125,34207.21867
2023/9/21,27125.01,27159.6,26377.7,26568.08,34476.82662
2023/9/22,26568.08,26743.38,26468.77,26580.14,18198.2292
2023/9/23,26580.14,26632.81,26509,26575.96,9440.7026
2023/9/24,26575.97,26738.54,26122.08,26248.38,15706.65771
2023/9/25,26248.39,26446.15,25990.46,26304.81,26266.2039
2023/9/26,26304.8,26397.46,26088.34,26221.67,18495.35066
2023/9/27,26221.68,26850,26112.06,26372.99,34771.57978
2023/9/28,26373,27308.48,26342.4,27021.39,44517.83491
2023/9/29,27021.39,27244.89,26665.16,26906.96,28478.76219
2023/9/30,26906.96,27094.99,26886.31,26962.56,12804.62307
2023/10/1,26962.57,28065.51,26954.09,27992.57,24602.81468
2023/10/2,27992.58,28580,27281.44,27494.51,57071.14241
2023/10/3,27494.51,27676.52,27160.5,27426.46,28928.96555
2023/10/4,27426.45,27839.72,27202,27778.57,29816.142
2023/10/5,27778.57,28120.39,27352,27410.39,30681.49619
2023/10/6,27410.39,28295,27175.94,27931.09,37983.24277
2023/10/7,27931.1,28029.67,27842.08,27956.67,13348.83825
2023/10/8,27956.67,28095.14,27687.5,27917.05,19693.56921
2023/10/9,27917.06,27987.93,27260,27590.12,31534.74639
2023/10/10,27590.12,27735,27298,27390.12,22776.84383
2023/10/11,27390.12,27477.39,26538.66,26875.52,37349.44706
2023/10/12,26875.52,26947.04,26555,26759.63,23428.64112
2023/10/13,26759.63,27130,26685,26862,24115.76499
2023/10/14,26862,26989.58,26789,26852.48,10417.25576
2023/10/15,26852.48,27293.33,26808.25,27154.15,15274.6917
2023/10/16,27154.14,30000,27112.66,28500.78,78399.22445
2023/10/17,28500.77,28613.65,28069.32,28395.91,38428.44532
2023/10/18,28395.91,28982.36,28142.87,28320,32162.475909999997
2023/10/19,28320,28916.89,28100.66,28713.71,35895.50179
2023/10/20,28713.71,30207.55,28578.29,29669.04,59422.0992
2023/10/21,29669.05,30379.99,29464.77,29909.8,27517.51897
2023/10/22,29909.8,30248,29640,29992.46,22852.54563
2023/10/23,29992.46,34741.91,29883.6,33069.99,93513.64246
2023/10/24,33069.99,35280,32832.34,33922.73,115265.02418000001
2023/10/25,33922.73,35132.85,33679.05,34496.05,54887.02529
2023/10/26,34496.05,34824.13,33751,34151.66,39744.66255
2023/10/27,34151.66,34245,33390.95,33892.02,32330.40106
2023/10/28,33892.01,34493.33,33860,34081,16880.13144
2023/10/29,34081.01,34750.11,33930,34525.89,20685.52176
2023/10/30,34525.88,34856,34062.84,34474.73,33657.95976
2023/10/31,34474.74,34720.49,34025,34639.77,32737.89822
2023/11/1,34639.78,35582,34097.39,35421.43,53473.28165
2023/11/2,35421.43,35984.99,34300,34941.59,48015.57732
2023/11/3,34941.58,34946.5,34120,34716.78,39071.20644
2023/11/4,34716.78,35255,34585.18,35062.07,18377.55545
2023/11/5,35062.06,35380,34448,35011.88,24528.73376
2023/11/6,35011.89,35276.33,34725.9,35046.09,22346.47086
2023/11/7,35046.09,35888,34523.06,35399.12,38688.736919999996
2023/11/8,35399.13,36106,35100,35624.72,33401.34137
2023/11/9,35624.72,37972.24,35534.05,36701.09,82537.88885
2023/11/10,36701.1,37526,36324.71,37301.63,43414.04898
2023/11/11,37301.63,37408.26,36666.93,37130,22984.97235
2023/11/12,37129.99,37222.22,36731.1,37064.13,17687.18874
2023/11/13,37064.13,37417.99,36333,36462.93,32798.18252
2023/11/14,36462.93,36744,34800,35551.19,45503.68416
2023/11/15,35551.2,37980,35360,37858.2,53569.13385
2023/11/16,37858.2,37929.54,35500,36163.51,47490.39566
2023/11/17,36163.51,36800,35861.1,36613.92,38283.61112
2023/11/18,36613.91,36845.49,36178.58,36568.1,17102.24186
2023/11/19,36568.11,37500,36384.02,37359.86,21246.34648
2023/11/20,37359.85,37750,36677,37448.78,36022.70291
2023/11/21,37448.79,37649.44,35735,35741.65,47646.54804
2023/11/22,35741.65,37861.1,35632.01,37408.34,45051.30697
2023/11/23,37408.35,37653.44,36870,37294.28,23827.92882
2023/11/24,37294.27,38414,37251.51,37713.57,44680.80646
2023/11/25,37713.57,37888,37591.1,37780.67,11396.14464
2023/11/26,37780.67,37814.63,37150,37447.43,21264.53723
2023/11/27,37447.42,37569.23,36707,37242.7,30001.07376
2023/11/28,37242.7,38377,36868.41,37818.87,37544.46667
2023/11/29,37818.88,38450,37570,37854.64,32994.19107
2023/11/30,37854.65,38145.85,37500,37723.96,24740.29147
2023/12/1,37723.97,38999,37615.86,38682.52,43415.66324
2023/12/2,38682.51,39717.14,38641.61,39450.35,26696.92161
2023/12/3,39450.35,40250,39274.86,39972.26,26710.65335
2023/12/4,39972.26,42420,39972.26,41991.1,79272.33059
2023/12/5,41991.1,44488,41414,44073.32,67490.74644
2023/12/6,44073.82,44297.21,43335.28,43762.69,51431.10492
2023/12/7,43762.69,44047.33,42821.1,43273.14,47103.26845
2023/12/8,43273.15,44700,43081.1,44170.99,42900.37556
2023/12/9,44171,44358.02,43584.51,43713.6,24925.97008
2023/12/10,43713.59,44049,43563,43789.51,18956.61758
2023/12/11,43789.5,43804.5,40222,41253.4,76663.89804
2023/12/12,41253.41,42104.12,40680,41492.39,42722.69773
2023/12/13,41492.38,43475.2,40555,42869.03,45865.99773
2023/12/14,42869.03,43420,41400,43022.26,42047.05709
2023/12/15,43022.26,43080.81,41666,41940.3,33421.7932
2023/12/16,41940.29,42724.43,41605,42278.03,24118.85747
2023/12/17,42278.02,42424.07,41252,41374.65,27722.11452
2023/12/18,41374.64,42757.81,40542.93,42657.8,46734.0925
2023/12/19,42657.8,43497,41811.1,42275.99,40927.86444
2023/12/20,42275.99,44283,42206,43668.93,48710.2947
2023/12/21,43668.92,44242.35,43286.72,43861.8,34624.29384
2023/12/22,43861.79,44398.26,43412.54,43969.04,32783.19638
2023/12/23,43969.04,43988.68,43291.1,43702.16,16557.1293
2023/12/24,43702.15,43946,42500,42991.5,25144.33496
2023/12/25,42991.5,43802.32,42720.43,43576.13,27021.23992
2023/12/26,43576.12,43592.68,41637.6,42508.93,41010.04282
2023/12/27,42508.93,43677,42098.69,43428.85,36191.21136
2023/12/28,43428.86,43787.57,42241.79,42563.76,35150.52485
2023/12/29,42563.76,43111,41300,42066.95,42597.18912
2023/12/30,42066.94,42612.32,41520.3,42140.28,22906.57818
2023/12/31,42140.29,42899,41965.84,42283.58,23585.91603
2024/1/1,42283.58,44184.1,42180.77,44179.55,27174.299030000002
2024/1/2,44179.55,45879.63,44148.34,44946.91,65146.40661
2024/1/3,44946.91,45500,40750,42845.23,81194.55173
2024/1/4,42845.23,44729.58,42613.77,44151.1,48038.06334
2024/1/5,44151.1,44357.46,42450,44145.11,48075.25327
2024/1/6,44145.12,44214.42,43397.05,43968.32,17835.06144
2024/1/7,43968.32,44480.59,43572.09,43929.02,23023.8508
2024/1/8,43929.01,47248.99,43175,46951.04,72814.57589000001
2024/1/9,46951.04,47972,44748.67,46110,69927.66617
2024/1/10,46110,47695.93,44300.36,46653.99,89911.41203
2024/1/11,46654,48969.48,45606.06,46339.16,87470.3296
2024/1/12,46339.16,46515.53,41500,42782.73,86327.93707
2024/1/13,42782.74,43257,42436.12,42847.99,36118.47464
2024/1/14,42847.99,43079,41720,41732.35,28228.40894
2024/1/15,41732.35,43400.43,41718.05,42511.1,40269.89303
2024/1/16,42511.1,43578.01,42050,43137.95,45045.74589
2024/1/17,43137.94,43198,42200.69,42776.1,33266.213879999996
2024/1/18,42776.09,42930,40683.28,41327.5,43907.51641
2024/1/19,41327.51,42196.86,40280,41659.03,48342.74559
2024/1/20,41659.03,41872.56,41456.3,41696.04,15923.99493
2024/1/21,41696.05,41881.39,41500.98,41580.33,11730.16301
2024/1/22,41580.32,41689.65,39431.58,39568.02,55426.19911
2024/1/23,39568.02,40176.74,38555,39897.6,57956.63351
2024/1/24,39897.59,40555,39484.19,40084.88,39293.82861
2024/1/25,40084.89,40300.24,39550,39961.09,31022.11853
2024/1/26,39961.09,42246.82,39822.52,41823.51,47384.96726
2024/1/27,41823.51,42200,41394.34,42120.63,16224.41667
2024/1/28,42120.63,42842.68,41620.81,42031.06,27294.99838
2024/1/29,42031.05,43333,41804.88,43302.7,31542.74207
2024/1/30,43302.71,43882.36,42683.99,42941.1,37619.24546
2024/1/31,42941.1,43745.11,42276.84,42580,39871.13688
2024/2/1,42580,43285.13,41884.28,43082.94,35231.04664
2024/2/2,43082.95,43488,42546.79,43200,29672.14418
2024/2/3,43199.99,43380.01,42880,43011.09,12033.40998
2024/2/4,43011.1,43119.04,42222,42582.88,17066.89404
2024/2/5,42582.88,43569.76,42258.1,42708.7,29467.75905
2024/2/6,42708.7,43399.98,42574,43098.95,24675.85433
2024/2/7,43098.96,44396.5,42788,44349.6,34392.59915
2024/2/8,44349.6,45614.3,44331.1,45288.65,45439.62231
2024/2/9,45288.66,48200,45242.12,47132.77,73503.481
2024/2/10,47132.78,48170,46800,47751.09,24802.35936
2024/2/11,47751.08,48592.66,47557.16,48299.99,29958.80837
2024/2/12,48300,50334.82,47710.01,49917.27,59009.96705
2024/2/13,49917.28,50368.61,48300.95,49699.59,55551.56706
2024/2/14,49699.6,52043.71,49225.01,51795.17,57046.37401
2024/2/15,51795.17,52816.62,51314,51880,53816.03055
2024/2/16,51880.01,52572.08,51566,52124.11,37772.25318
2024/2/17,52124.1,52162.82,50625,51642.64,25674.00622
2024/2/18,51642.64,52377,51163.28,52137.67,21992.10363
2024/2/19,52137.68,52488.77,51677,51774.73,29534.994319999998
2024/2/20,51774.74,52985,50760.37,52258.82,49614.47318
2024/2/21,52258.82,52366.8,50625,51849.39,43079.40049
2024/2/22,51849.38,52065.78,50940.78,51288.42,35309.44574
2024/2/23,51288.42,51548.54,50521,50744.15,30545.79544
2024/2/24,50744.15,51698,50585,51568.22,16560.4211
2024/2/25,51568.21,51958.55,51279.8,51728.85,18721.63159
2024/2/26,51728.85,54910,50901.44,54476.47,51256.72199
2024/2/27,54476.48,57588.15,54450.13,57037.34,67194.98561999999
2024/2/28,57037.35,64000,56691.85,62432.1,118763.4698
2024/2/29,62432.11,63676.35,60364.7,61130.98,78425.07603
2024/3/1,61130.99,63114.23,60777,62387.9,47737.93473
2024/3/2,62387.9,62433.19,61561.12,61987.28,25534.73659
2024/3/3,61987.28,63231.88,61320,63113.97,28994.90903
2024/3/4,63113.97,68499,62300,68245.71,84835.16005
2024/3/5,68245.71,69000,59005,63724.01,132696.7813
2024/3/6,63724.01,67641.1,62779.14,66074.04,78738.85491
2024/3/7,66074.04,67980,65551,66823.17,53059.8869
2024/3/8,66823.18,69990,66082.66,68124.19,74261.93284
2024/3/9,68124.2,68541.1,67861.1,68313.27,19872.89743
2024/3/10,68313.28,69887.61,68094.75,68955.88,38404.66835
2024/3/11,68955.88,72800,67024.96,72078.1,75292.82573
2024/3/12,72078.1,73000,68620.82,71452.01,68783.54669
2024/3/13,71452,73650.25,71333.31,73072.41,52659.711647000004
2024/3/14,73072.4,73777,68555,71388.94,71757.62875
2024/3/15,71388.94,72419.71,65600,69499.85,103334.0355
2024/3/16,69499.84,70043,64780,65300.63,55926.95336
2024/3/17,65300.64,68904.4,64533,68393.48,49742.21589
2024/3/18,68393.47,68956,66565.2,67609.99,55691.08088
2024/3/19,67610,68124.11,61555,61937.4,101005.3249
2024/3/20,61937.41,68100,60775,67840.51,90420.58592
2024/3/21,67840.51,68240.47,64529.01,65501.27,53357.48002
2024/3/22,65501.28,66649.62,62260,63796.64,51482.37821
2024/3/23,63796.64,65999,63000,63990.01,26410.11409
2024/3/24,63990.02,67628.69,63772.29,67209.99,31395.78015
2024/3/25,67210,71150,66385.06,69880.01,53431.14486
2024/3/26,69880,71561.1,69280,69988,38934.38417
2024/3/27,69987.99,71769.54,68359.18,69469.99,49119.35685
2024/3/28,69469.99,71552.06,68903.62,70780.6,35439.03239
2024/3/29,70780.6,70916.16,69009,69850.54,25445.08353
2024/3/30,69850.53,70321.1,69540,69582.18,13644.61142
2024/3/31,69582.17,71366,69562.99,71280.01,19396.34433
2024/4/1,71280,71288.23,68062.86,69649.8,41445.32039
2024/4/2,69649.81,69674.23,64550,65463.99,71799.82793
2024/4/3,65463.99,66903.63,64493.07,65963.28,39887.21778
2024/4/4,65963.27,69309.91,65064.52,68487.79,41510.48453
2024/4/5,68487.8,68756.67,65952.56,67820.62,37915.23073
2024/4/6,67820.63,69692,67447.83,68896,20134.28919
2024/4/7,68896,70326.29,68824,69360.39,21534.74433
2024/4/8,69360.38,72797.99,69043.24,71620,45723.87624
2024/4/9,71620,71758.19,68210,69146,39293.90242
2024/4/10,69146,71172.08,67518,70631.08,42006.02377
2024/4/11,70631.08,71305.89,69567.21,70006.23,31917.25595
2024/4/12,70006.22,71227.46,65086.86,67116.52,56072.862290000005
2024/4/13,67116.52,67929,60660.57,63924.51,71395.22019
2024/4/14,63924.52,65840,62134,65661.84,61599.17818
2024/4/15,65661.85,66867.07,62274.4,63419.99,52389.53069
2024/4/16,63419.99,64365,61600,63793.39,53435.29331
2024/4/17,63793.4,64499,59678.16,61277.37,50610.54509
2024/4/18,61277.38,64117.09,60803.35,63470.08,43601.60918
2024/4/19,63470.09,65450,59600.01,63818.01,69774.30271
2024/4/20,63818.01,65419,63090.07,64940.59,23137.42975
2024/4/21,64940.58,65695.56,64237.5,64941.15,19316.42152
2024/4/22,64941.15,67232.35,64500,66819.32,31397.99371
2024/4/23,66819.32,67183.01,65765.81,66414,22599.90004
2024/4/24,66414,67070.43,63606.06,64289.59,33595.69637
2024/4/25,64289.58,65297.94,62794,64498.34,31341.46338
2024/4/26,64498.33,64820.01,63297.48,63770.01,27085.19346
2024/4/27,63770,63923.41,62391.24,63461.98,20933.06052
2024/4/28,63461.98,64370,62781,63118.62,16949.20005
2024/4/29,63118.62,64228.35,61765.53,63866,28150.22947
2024/4/30,63866,64734,59191.6,60672,54947.65535
2024/5/1,60672.01,60841.63,56552.82,58364.97,81166.46823
2024/5/2,58364.97,59625,56911.84,59060.61,47583.81961
2024/5/3,59060.6,63333,58811.32,62882.01,43628.40143
2024/5/4,62882.01,64540,62541.03,63892.04,24368.69282
2024/5/5,63892.03,64646,62822.17,64012,18526.75029
2024/5/6,64012,65500,62700,63165.19,34674.91949
2024/5/7,63165.18,64422.41,62261,62312.08,25598.794719999998
2024/5/8,62312.07,63020.22,60888,61193.03,26121.19004
2024/5/9,61193.03,63429.03,60630,63074.01,30660.806099999998
2024/5/10,63074,63469.13,60187.12,60799.99,36529.34025
2024/5/11,60799.99,61515,60487.09,60825.99,13374.56936
2024/5/12,60825.99,61888,60610,61483.99,12753.13236
2024/5/13,61484,63450,60749.21,62940.08,32733.418390000003
2024/5/14,62940.09,63118.36,61142.77,61577.49,29088.720409999998
2024/5/15,61577.49,66444.16,61319.47,66206.5,43559.74719
2024/5/16,66206.51,66752.01,64602.77,65235.21,31106.3671
2024/5/17,65235.21,67451.2,65106.38,67024,26292.234089999998
2024/5/18,67024,67400.01,66600,66915.2,14441.257740000001
2024/5/19,66915.2,67700,65857.25,66274.01,18025.30409
2024/5/20,66274,71515.56,66060.31,71446.62,50816.7011
2024/5/21,71446.62,71979,69162.94,70148.34,49607.433600000004
2024/5/22,70148.34,70666,68842.19,69166.62,27673.18026
2024/5/23,69166.62,70096.12,66312.16,67969.65,40513.17374
2024/5/24,67969.66,69250,66600.12,68549.99,28095.83664
2024/5/25,68549.99,69610,68500,69290.57,12130.39418
2024/5/26,69290.56,69562.23,68128.01,68507.67,11872.11797
2024/5/27,68507.67,70687.56,68250,69436.43,23136.92737
2024/5/28,69436.43,69591.81,67277.91,68398.39,32622.97042
2024/5/29,68398.4,68935.68,67124.65,67652.42,23159.83149
2024/5/30,67652.41,69500,67128,68352.17,28478.2184
2024/5/31,68352.17,69044.1,66670,67540.01,26690.32184
2024/6/1,67540.01,67900,67428.44,67766.85,8837.66133
2024/6/2,67766.84,68460,67257.47,67765.63,15426.32529
2024/6/3,67765.62,70288,67612.48,68809.9,29633.374
2024/6/4,68809.89,71063.45,68567.32,70537.84,29619.78489
2024/6/5,70537.83,71758,70383.66,71108,28703.18082
2024/6/6,71108,71700,70117.64,70799.06,21842.00449
2024/6/7,70799.06,71997.02,68420,69355.6,35598.450450000004
2024/6/8,69355.6,69582.2,69168.02,69310.46,9773.82967
2024/6/9,69310.46,69857.14,69130.24,69648.14,9890.56709
2024/6/10,69648.15,70195.94,69172.29,69540,17122.66941
2024/6/11,69540,69590.01,66051,67314.24,41436.01588
2024/6/12,67314.23,69999,66905,68263.99,37175.32356
2024/6/13,68263.98,68449.3,66251.78,66773.01,29079.55571
2024/6/14,66773.01,67370.24,65078,66043.99,28408.18797
2024/6/15,66043.99,66478.48,65857.1,66228.25,11451.80242
2024/6/16,66228.25,66998.7,66034.5,66676.87,9392.52223
2024/6/17,66676.86,67298.81,65130,66504.33,27386.16851
2024/6/18,66504.33,66588.23,64060,65175.32,42350.10244
2024/6/19,65175.32,65727.54,64666,64974.37,20060.79576
2024/6/20,64974.37,66482.94,64559.15,64869.99,24265.29031
2024/6/21,64869.99,65066.66,63379.35,64143.56,25993.56442
2024/6/22,64143.56,64546.81,63943.82,64262.01,7308.95542
2024/6/23,64262.01,64521,63178.32,63210.01,8224.45447
2024/6/24,63210.01,63369.8,58402,60293.3,52161.35414
2024/6/25,60293.3,62420,60257.06,61806.01,31189.24361
2024/6/26,61806.01,62487.81,60712,60864.99,22485.66463
2024/6/27,60864.98,62389.22,60606.63,61706.47,18344.28631
2024/6/28,61706.46,62225.31,60063,60427.84,24821.19255
2024/6/29,60427.84,61224,60383.77,60986.68,11509.55904
2024/6/30,60986.68,63058.76,60712.21,62772.01,17326.30136
2024/7/1,62772.01,63861.76,62497.2,62899.99,24547.10538
2024/7/2,62900,63288.83,61806.28,62135.47,18573.11875
2024/7/3,62135.46,62285.94,59400,60208.58,32160.11127
2024/7/4,60208.57,60498.19,56771,57050.01,54568.77276
2024/7/5,57050.02,57546,53485.93,56628.79,81348.24756
2024/7/6,56628.79,58475,56018,58230.13,21651.31558
2024/7/7,58230.13,58449.46,55724.37,55857.81,19118.93918
2024/7/8,55857.81,58236.73,54260.16,56714.62,48090.2049
2024/7/9,56714.61,58296,56289.45,58050,27732.20788
2024/7/10,58050,59470,57157.79,57725.85,24951.73799
2024/7/11,57725.85,59650,57050,57339.89,29761.05735
2024/7/12,57339.89,58526.68,56542.47,57889.1,23652.4569
2024/7/13,57889.09,59850,57756.63,59204.02,15357.74519
2024/7/14,59204.01,61420.69,59194.01,60797.91,21178.339069999998
2024/7/15,60797.91,64900,60632.3,64724.14,38690.9782
2024/7/16,64724.06,65388.97,62373.24,65043.99,42530.52915
2024/7/17,65044,66128.63,63854,64087.99,29567.52954
2024/7/18,64087.99,65133.3,63238.48,63987.92,22568.7225
2024/7/19,63987.92,67386,63300.67,66660,35634.72739
2024/7/20,66660.01,67598,66222.46,67139.96,14386.92434
2024/7/21,67139.97,68366.66,65777,68165.34,21819.11191
2024/7/22,68165.35,68474.55,66559.97,67532.01,21451.04303
2024/7/23,67532,67750.98,65441.08,65936.01,31406.15316
2024/7/24,65936,67102.01,65111,65376,23082.56277
2024/7/25,65376.01,66175.49,63456.7,65799.95,35126.42934
2024/7/26,65799.95,68200,65722.63,67907.99,24244.36023
2024/7/27,67908,69399.99,66650,67896.5,31710.21921
2024/7/28,67896.49,68318.43,67066.66,68249.88,10868.693940000001
2024/7/29,68249.88,70079.99,66428,66784.69,36467.29633
2024/7/30,66784.68,67000,65302.67,66188,23132.25441
2024/7/31,66188,66849.24,64530,64628,22625.43905
2024/8/1,64628.01,65659.78,62302,65354.02,35542.26854
2024/8/2,65354.02,65596.14,61230.01,61498.33,38820.42937
2024/8/3,61498.34,62198.22,59850,60697.99,28034.71567
2024/8/4,60697.99,61117.63,57122.77,58161,31616.52003
2024/8/5,58161,58305.59,49000,54018.81,162065.59186000002
2024/8/6,54018.82,57040.99,53950,56022.01,55884.77676
2024/8/7,56022,57736.05,54558.62,55134.16,44269.37684
2024/8/8,55133.76,62745.14,54730,61685.99,48349.52949
2024/8/9,61686,61744.37,59535,60837.99,30972.48017
2024/8/10,60837.99,61470.58,60242,60923.51,9995.20621
2024/8/11,60923.51,61858,58286.73,58712.59,19189.84512
2024/8/12,58712.59,60711.09,57642.21,59346.64,37009.91743
2024/8/13,59346.64,61578.1,58392.88,60587.15,27858.95851
2024/8/14,60587.16,61800,58433.18,58683.39,28422.76326
2024/8/15,58683.39,59849.38,56078.54,57541.06,37686.17622
2024/8/16,57541.05,59817.76,57098.62,58874.6,27610.84344
2024/8/17,58874.59,59700,58785.05,59491.99,7721.72931
2024/8/18,59491.99,60284.99,58408.92,58427.35,13634.85717
2024/8/19,58427.35,59617.63,57787.3,59438.5,22809.31251
2024/8/20,59438.5,61400,58548.23,59013.8,31477.445480000002
2024/8/21,59013.8,61820.93,58783.47,61156.03,27983.6422
2024/8/22,61156.03,61400,59724.87,60375.84,21241.20588
2024/8/23,60375.83,64955,60342.14,64037.24,38118.07089
2024/8/24,64037.24,64494.5,63531,64157.01,15857.15616
2024/8/25,64157.02,65000,63773.27,64220,12305.47977
2024/8/26,64219.99,64481,62800,62834,19470.05276
2024/8/27,62834,63212,58034.01,59415,35135.94178
2024/8/28,59415,60234.98,57860,59034.9,36868.54275
2024/8/29,59034.9,61166.99,58713.09,59359.01,27020.90743
2024/8/30,59359,59944.07,57701.1,59123.99,28519.32195
2024/8/31,59123.99,59462.38,58744,58973.99,8798.409
2024/9/1,58974,59076.59,57201,57301.86,20705.15741
2024/9/2,57301.77,59425.69,57128,59132.13,22895.01461
2024/9/3,59132.12,59809.65,57415,57487.73,22828.18447
2024/9/4,57487.74,58519,55606,57970.9,35560.82146
2024/9/5,57970.9,58327.07,55643.65,56180,27806.91413
2024/9/6,56180,57008,52550,53962.97,54447.76826
2024/9/7,53962.97,54850,53745.54,54160.86,16694.047739999998
2024/9/8,54160.86,55318,53629.01,54869.95,16274.147789999999
2024/9/9,54869.95,58088,54591.96,57042,32384.51737
2024/9/10,57042.01,58044.36,56386.4,57635.99,23626.78126
2024/9/11,57635.99,57981.71,55545.19,57338,33026.56757
2024/9/12,57338,58588,57324,58132.32,31074.40631
2024/9/13,58132.31,60625,57632.62,60498,29825.23333
2024/9/14,60497.99,60610.45,59400,59993.03,12137.90901
2024/9/15,59993.02,60395.8,58691.05,59132,13757.92361
2024/9/16,59132,59210.7,57493.3,58213.99,26477.5642
2024/9/17,58213.99,61320,57610.01,60313.99,33116.25878
2024/9/18,60313.99,61786.24,59174.8,61759.99,36087.02469
2024/9/19,61759.98,63850,61555,62947.99,34332.526079999996
2024/9/20,62948,64133.32,62350,63201.05,25466.37794
2024/9/21,63201.05,63559.9,62758,63348.96,8375.34608
2024/9/22,63348.97,64000,62357.93,63578.76,14242.198919999999
2024/9/23,63578.76,64745.88,62538.75,63339.99,24078.05287
2024/9/24,63339.99,64688,62700,64262.7,23185.047590000002
2024/9/25,64262.7,64817.99,62947.08,63152.01,17813.111679999998
2024/9/26,63152.01,65839,62670,65173.99,28373.305930000002
2024/9/27,65173.99,66498,64819.9,65769.95,22048.80487
2024/9/28,65769.95,66260,65422.23,65858,9127.23316
2024/9/29,65858,66076.12,65432,65602.01,8337.74111
2024/9/30,65602.01,65618.8,62856.3,63327.59,30011.08752
2024/10/1,63327.6,64130.63,60164,60805.78,43671.481080000005
2024/10/2,60804.92,62390.31,60000,60649.28,31534.70118
2024/10/3,60649.27,61477.19,59828.11,60752.71,26221.43472
2024/10/4,60752.72,62484.85,60459.9,62086,21294.65994
2024/10/5,62086,62370.56,61689.26,62058,7807.46141
2024/10/6,62058.01,62975,61798.97,62819.91,8906.86177
2024/10/7,62819.91,64478.19,62128,62224,25966.1852
2024/10/8,62224.01,63200,61860.31,62160.49,19702.22371
2024/10/9,62160.5,62543.75,60301,60636.02,20011.15684
2024/10/10,60636.01,61321.68,58946,60326.39,23967.92481
2024/10/11,60326.4,63417.56,60087.64,62540,23641.35209
2024/10/12,62539.99,63480,62487.23,63206.22,10911.30116
2024/10/13,63206.23,63285.72,62050,62870.02,11909.21995
2024/10/14,62870.02,66500,62457.81,66083.99,37669.95222
2024/10/15,66084,67950,64800.01,67074.14,43683.954229999996
2024/10/16,67074.14,68424,66750.49,67620.01,29938.25544
2024/10/17,67620,67939.4,66666,67421.78,25328.22861
2024/10/18,67421.78,69000,67192.36,68428,28725.635
2024/10/19,68427.99,68693.26,68010,68378,8193.66737
2024/10/20,68377.99,69400,68100,69031.99,12442.47378
2024/10/21,69032,69519.52,66840.67,67377.5,31374.42184
2024/10/22,67377.5,67836.01,66571.42,67426,24598.96268
2024/10/23,67426.01,67472.83,65260,66668.65,25530.240700000002
2024/10/24,66668.65,68850,66510,68198.28,22589.83877
2024/10/25,68198.27,68771.49,65596.29,66698.33,34479.71125
2024/10/26,66698.32,67454.55,66439.9,67092.76,11842.9077
2024/10/27,67092.76,68332.05,66913.73,68021.7,8653.19592
2024/10/28,68021.69,70270,67618,69962.21,29046.75459
2024/10/29,69962.21,73620.12,69760,72736.42,50128.60594
2024/10/30,72736.41,72961,71436,72344.74,26885.99056
2024/10/31,72344.75,72700,69685.76,70292.01,29352.10297
2024/11/1,70292.01,71632.95,68820.14,69496.01,38301.86755
2024/11/2,69496,69914.37,69000.14,69374.74,10521.67243
2024/11/3,69374.74,69391,67478.73,68775.99,24995.70243
2024/11/4,68775.99,69500,66835,67850.01,29800.39187
2024/11/5,67850.01,70577.91,67476.63,69372.01,33355.06888
2024/11/6,69372.01,76400,69298,75571.99,104126.9948
2024/11/7,75571.99,76849.99,74416,75857.89,44869.42235
2024/11/8,75857.89,77199.99,75555,76509.78,36521.09958
2024/11/9,76509.78,76900,75714.66,76677.46,16942.07915
2024/11/10,76677.46,81500,76492,80370.01,61830.10044
2024/11/11,80370.01,89530.54,80216.01,88647.99,82323.66577600001
2024/11/12,88648,89940,85072,87952.01,97299.88791
2024/11/13,87952,93265.64,86127.99,90375.2,86763.85413
2024/11/14,90375.21,91790,86668.21,87325.59,56729.51086
2024/11/15,87325.59,91850,87073.38,91032.07,47927.95068
2024/11/16,91032.08,91779.66,90056.17,90586.92,22717.87689
2024/11/17,90587.98,91449.99,88722,89855.99,23867.55609
2024/11/18,89855.98,92594,89376.9,90464.08,46545.03448
2024/11/19,90464.07,93905.51,90357,92310.79,43660.04682
2024/11/20,92310.8,94831.97,91500,94286.56,42203.19871
2024/11/21,94286.56,98988,94040,98317.12,69228.36048
2024/11/22,98317.12,99588.01,97122.11,98892,46189.30924
2024/11/23,98892,98908.85,97136,97672.4,24757.843670000002
2024/11/24,97672.4,98564,95734.77,97900.04,31200.97838
2024/11/25,97900.05,98871.8,92600.19,93010.01,50847.45096
2024/11/26,93010.01,94973.37,90791.1,91965.16,57858.731380000005
2024/11/27,91965.16,97208.21,91792.14,95863.11,41153.42734
2024/11/28,95863.11,96564,94640,95643.98,28814.54357
2024/11/29,95643.99,98619.99,95364.99,97460,27701.78231
2024/11/30,97460,97463.95,96092.01,96407.99,14503.833059999999
2024/12/1,96407.99,97836,95693.88,97185.18,16938.60452
2024/12/2,97185.17,98130,94395,95840.62,37958.66981
2024/12/3,95840.61,96305.52,93578.17,95849.69,35827.32283
2024/12/4,95849.69,99000,94587.83,98587.32,43850.53728
2024/12/5,98587.32,104088,90500,96945.63,109921.7297
2024/12/6,96945.63,101898.99,95981.72,99740.84,45049.5331
2024/12/7,99740.84,100439.18,98844,99831.99,14931.9459
2024/12/8,99831.99,101351,98657.7,101109.59,14612.99688
2024/12/9,101109.6,101215.93,94150.05,97276.47,53949.11595
2024/12/10,97276.48,98270,94256.54,96593,51708.68933
2024/12/11,96593,101888,95658.24,101125,37753.78291
2024/12/12,101125,102540,99311.64,100004.29,29232.08745
2024/12/13,100004.29,101895.26,99205,101424.25,21904.03923
2024/12/14,101424.24,102650,100609.41,101420,14191.70326
2024/12/15,101420,105250,101237.14,104463.99,22228.921775000003
2024/12/16,104463.99,107793.07,103333,106058.66,41302.40274
2024/12/17,106058.65,108353,105321.49,106133.74,29064.93647
2024/12/18,106133.74,106524.98,100000,100204.01,50307.99755
2024/12/19,100204.01,102800.11,95700,97461.86,55147.398
2024/12/20,97461.86,98233,92232.54,97805.44,62884.1357
2024/12/21,97805.44,99540.61,96398.39,97291.99,23483.54143
2024/12/22,97292,97448.08,94250.35,95186.27,19353.83036
2024/12/23,95186.28,96538.92,92520,94881.47,32810.76703
2024/12/24,94881.47,99487.99,93569.02,98663.58,23674.22488
2024/12/25,98663.58,99569.15,97632.02,99429.6,14474.1651
2024/12/26,99429.61,99963.7,95199.14,95791.6,21192.36727
2024/12/27,95791.6,97544.58,93500.01,94299.03,26501.26429
2024/12/28,94299.03,95733.99,94135.66,95300,8385.8929
2024/12/29,95300,95340,93009.52,93738.2,13576.00578
2024/12/30,93738.19,95024.5,91530.45,92792.05,27619.4225
2024/12/31,92792.05,96250,92033.73,93576,19612.03389
2025/1/1,93576,95151.15,92888,94591.79,10373.32613
2025/1/2,94591.78,97839.5,94392,96984.79,21970.48948
2025/1/3,96984.79,98976.91,96100.01,98174.18,15253.82936
2025/1/4,98174.17,98778.43,97514.79,98220.5,8990.05651
2025/1/5,98220.51,98836.85,97276.79,98363.61,8095.63723
2025/1/6,98363.61,102480,97920,102235.6,25263.43375
2025/1/7,102235.6,102724.38,96181.81,96954.61,32059.875369999998
2025/1/8,96954.6,97268.65,92500.9,95060.61,33704.67894
2025/1/9,95060.61,95382.32,91203.67,92552.49,34544.83685
2025/1/10,92552.49,95836,92206.02,94726.11,31482.864240000003
2025/1/11,94726.1,95050.94,93831.73,94599.99,7047.9043
2025/1/12,94599.99,95450.1,93711.19,94545.06,8606.86622
2025/1/13,94545.07,95940,89256.69,94536.1,42619.56423
2025/1/14,94536.11,97371,94346.22,96560.86,27846.61753
2025/1/15,96560.85,100681.94,96500,100497.35,30509.99179
2025/1/16,100497.35,100866.66,97335.13,99987.3,27832.85317
2025/1/17,99987.3,105865.22,99950.77,104077.48,39171.85292
2025/1/18,104077.47,104988.88,102277.55,104556.23,24307.82998
2025/1/19,104556.23,106422.43,99651.6,101331.57,43397.28298
2025/1/20,101331.57,109588,99550,102260.01,89529.23173
2025/1/21,102260,107240.81,100119.04,106143.82,45941.020019999996
2025/1/22,106143.82,106394.46,103339.12,103706.66,22248.69254
2025/1/23,103706.66,106850,101262.28,103910.34,53953.12031
2025/1/24,103910.35,107120,102750,104870.5,23609.24017
2025/1/25,104870.51,105286.52,104106.09,104746.85,9068.32377
2025/1/26,104746.86,105500,102520.44,102620,9812.51238
2025/1/27,102620.01,103260,97777.77,102082.83,50758.1341
2025/1/28,102082.83,103800,100272.68,101335.52,22022.05765
2025/1/29,101335.52,104782.68,101328.01,103733.24,23155.35802
2025/1/30,103733.25,106457.44,103278.54,104722.94,19374.07472
2025/1/31,104722.94,106012,101560,102429.56,21983.18193
2025/2/1,102429.56,102783.71,100279.51,100635.65,12290.957470000001
2025/2/2,100635.66,101456.6,96150,97700.59,34619.49939
2025/2/3,97700.59,102500.01,91231,101328.52,75164.73849999999
2025/2/4,101328.51,101732.31,96150,97763.13,40267.98697
2025/2/5,97763.14,99149,96155,96612.43,26233.30444
2025/2/6,96612.44,99120,95676.64,96554.35,23515.20405
2025/2/7,96554.35,100137.99,95620.34,96506.8,31794.22065
2025/2/8,96506.8,96880,95688,96444.74,10147.24294
2025/2/9,96444.75,97323.09,94713,96462.75,14120.91613
2025/2/10,96462.75,98345,95256,97430.82,20572.87537
2025/2/11,97430.82,98478.42,94876.88,95778.2,18647.76379
2025/2/12,95778.21,98119.99,94088.23,97869.99,29151.166250000002
2025/2/13,97870,98083.91,95217.36,96608.14,19921.77616
2025/2/14,96608.13,98826,96252.82,97500.48,18173.02646
2025/2/15,97500.47,97972.26,97223.58,97569.66,7349.37683
2025/2/16,97569.67,97704.47,96046.18,96118.12,8191.4249
2025/2/17,96118.12,97046.59,95205,95780,16492.0451
2025/2/18,95780.01,96753.91,93388.09,95671.74,23368.19471
2025/2/19,95671.74,96899.99,95029.99,96644.37,16438.50954
2025/2/20,96644.37,98711.36,96415.09,98305,17057.39177
2025/2/21,98305.01,99475,94871.95,96181.98,32249.2814
2025/2/22,96181.99,96980,95770.49,96551.01,11268.17708
2025/2/23,96551.01,96650,95227.94,96258,10884.84913
2025/2/24,96258,96500,91349.26,91552.88,31550.10299
2025/2/25,91552.88,92540.69,86050.99,88680.4,78333.11111
2025/2/26,88680.39,89414.15,82256.01,84250.09,56893.544089999996
2025/2/27,84250.09,87078.46,82716.49,84708.58,42505.45439
2025/2/28,84708.57,85120,78258.52,84349.94,83648.03969
2025/3/1,84349.95,86558,83824.78,86064.53,25785.05464
2025/3/2,86064.54,95000,85050.6,94270,54889.09045
2025/3/3,94269.99,94416.46,85117.11,86220.61,59171.10218
